seed,budget,y_true,y_pred,min_cost,pred_cost,regret,rel_regret
131194815,50,aco,aco,11.935469782649283,11.935469782649283,0.0,0.0
153255091,50,ga,ga,55.51630306715309,55.51630306715309,0.0,0.0
127275426,50,ga,ga,22.32924397612679,22.32924397612679,0.0,0.0
10441731,50,ga,ga,38.34191842025758,38.34191842025758,0.0,0.0
636137778,50,sa,sa,75.41848042469445,75.41848042469445,0.0,0.0
33878281,50,ga,ga,57.32609228630717,57.32609228630717,0.0,0.0
107887914,50,aco,aco,93.43592277515442,93.43592277515442,0.0,0.0
29649729,50,ga,ga,37.08126065679289,37.08126065679289,0.0,0.0
18918781,50,ga,ga,142.85175041294966,142.85175041294966,0.0,0.0
187003723,50,aco,aco,35.74603962219016,35.74603962219016,0.0,0.0
259298,50,aco,aco,16.54532165539847,16.54532165539847,0.0,0.0
62341223,50,aco,aco,21.32304860181664,21.32304860181664,0.0,0.0
8546861,50,aco,aco,61.391637144632334,61.391637144632334,0.0,0.0
148298510,50,aco,aco,110.58602789002086,110.58602789002086,0.0,0.0
167416751,50,aco,aco,13.518664391386684,13.518664391386684,0.0,0.0
103350199,50,aco,aco,6.619156760486649,6.619156760486649,0.0,0.0
123385956,50,ga,ga,21.3745466517772,21.3745466517772,0.0,0.0
130596435,50,ga,ga,45.05113197138687,45.05113197138687,0.0,0.0
140160542,50,aco,aco,18.06779869367191,18.06779869367191,0.0,0.0
4737175,50,aco,aco,8.872426532237245,8.872426532237245,0.0,0.0
142005547,50,aco,aco,28.8940375682875,28.8940375682875,0.0,0.0
142264845,50,ga,ga,53.910142693257846,53.910142693257846,0.0,0.0
193286713,50,ga,ga,50.46242557637095,50.46242557637095,0.0,0.0
35852935,50,ga,ga,62.52407069207536,62.52407069207536,0.0,0.0
93606578,50,aco,aco,28.447472169198697,28.447472169198697,0.0,0.0
75016906,50,aco,aco,61.95997949149267,61.95997949149267,0.0,0.0
12466250,50,aco,aco,85.26726316988722,85.26726316988722,0.0,0.0
18928754,50,aco,aco,10.267326201789334,10.267326201789334,0.0,0.0
167456643,50,aco,aco,31.18280402688736,31.18280402688736,0.0,0.0
189746298,50,ga,ga,40.180006106802864,40.180006106802864,0.0,0.0
65093771,50,ga,ga,77.69424925751701,77.69424925751701,0.0,0.0
104816230,50,aco,aco,29.457554018778577,29.457554018778577,0.0,0.0
99730,50,sa,sa,2416.853343332781,2416.853343332781,0.0,0.0
56586802,50,aco,aco,68.48424789320785,68.48424789320785,0.0,0.0
17153560,50,aco,aco,11.163538057586848,11.163538057586848,0.0,0.0
20125514,50,ga,ga,22.00330380946165,22.00330380946165,0.0,0.0
31604437,50,aco,aco,75.45388676253415,75.45388676253415,0.0,0.0
79604486,50,ga,sa,96.90252513384988,140.8306586424929,43.928133508643015,0.45332289791174996
164295202,50,aco,aco,78.55259269122536,78.55259269122536,0.0,0.0
11558707,50,aco,aco,16.57504952622044,16.57504952622044,0.0,0.0
18110968,50,aco,aco,42.947375639182525,42.947375639182525,0.0,0.0
127604535,50,aco,aco,44.0768767381232,44.0768767381232,0.0,0.0
78447618,50,aco,aco,15.363974192989009,15.363974192989009,0.0,0.0
89457810,50,ga,ga,69.81765934125781,69.81765934125781,0.0,0.0
91502275,50,ga,ga,17.747257657748204,17.747257657748204,0.0,0.0
5225852,50,aco,aco,104.96770692085786,104.96770692085786,0.0,0.0
177110507,50,aco,aco,70.95091289353928,70.95091289353928,0.0,0.0
14879716,50,aco,aco,93.9944607823605,93.9944607823605,0.0,0.0
62720197,50,sa,sa,84.91515500515243,84.91515500515243,0.0,0.0
136400721,50,aco,aco,88.77805112608831,88.77805112608831,0.0,0.0
147919536,50,aco,aco,56.57902833439585,56.57902833439585,0.0,0.0
91661843,50,aco,aco,97.58313671354384,97.58313671354384,0.0,0.0
142972928,50,aco,aco,91.40015028422428,91.40015028422428,0.0,0.0
17592372,50,aco,aco,5.112112116333757,5.112112116333757,0.0,0.0
4388120,50,ga,ga,31.947741701264874,31.947741701264874,0.0,0.0
28472915,50,aco,aco,28.84875744504714,28.84875744504714,0.0,0.0
79833865,50,ga,ga,141.8015844752302,141.8015844752302,0.0,0.0
45038068,50,aco,aco,12.30767261932063,12.30767261932063,0.0,0.0
119446621,50,ga,ga,20.965116823860527,20.965116823860527,0.0,0.0
86406072,50,aco,aco,9.597376114922334,9.597376114922334,0.0,0.0
4557661,50,ga,ga,54.45248505608608,54.45248505608608,0.0,0.0
176661722,50,aco,aco,26.52977017417764,26.52977017417764,0.0,0.0
116444748,50,aco,aco,29.810703887149845,29.810703887149845,0.0,0.0
171076842,50,aco,aco,14.883718160992927,14.883718160992927,0.0,0.0
189177837,50,aco,aco,48.24820377625424,48.24820377625424,0.0,0.0
460054490,50,sa,sa,120.60351672802172,120.60351672802172,0.0,0.0
33170198,50,ga,ga,30.978566375502812,30.978566375502812,0.0,0.0
134296418,50,aco,aco,12.137708026556217,12.137708026556217,0.0,0.0
150801733,50,aco,ga,17.46559688403056,28.53393088303785,11.06833399900729,0.6337220578546318
84660797,50,ga,ga,7.319592066067207,7.319592066067207,0.0,0.0
158879863,50,ga,ga,6.741188446438593,6.741188446438593,0.0,0.0
165232664,50,ga,ga,39.8162693990181,39.8162693990181,0.0,0.0
97316534,50,aco,aco,126.81387635754908,126.81387635754908,0.0,0.0
48309212,50,ga,ga,15.359120172506923,15.359120172506923,0.0,0.0
152726522,50,aco,aco,10.704472005643469,10.704472005643469,0.0,0.0
69342269,50,ga,ga,82.59428956072618,82.59428956072618,0.0,0.0
186564911,50,aco,aco,45.63755420030237,45.63755420030237,0.0,0.0
38027049,50,aco,aco,20.49374390987284,20.49374390987284,0.0,0.0
16355720,50,sa,sa,152.61890864822973,152.61890864822973,0.0,0.0
26089368,50,aco,aco,32.1377804828855,32.1377804828855,0.0,0.0
22868089,50,aco,aco,33.99055473751088,33.99055473751088,0.0,0.0
59468999,50,aco,aco,29.95506965710792,29.95506965710792,0.0,0.0
23286955,50,aco,aco,8.514062670156155,8.514062670156155,0.0,0.0
74219066,50,ga,ga,57.5183318456856,57.5183318456856,0.0,0.0
509949409,50,sa,sa,202.4864963890415,202.4864963890415,0.0,0.0
14610445,50,ga,ga,44.892020551394495,44.892020551394495,0.0,0.0
676348914,50,sa,sa,192.41638866575389,192.41638866575389,0.0,0.0
185427989,50,aco,aco,4.624132307862446,4.624132307862446,0.0,0.0
142813360,50,aco,aco,80.99891153469818,80.99891153469818,0.0,0.0
195700179,50,ga,ga,144.10122691202065,144.10122691202065,0.0,0.0
72483764,50,sa,sa,104.3538417957484,104.3538417957484,0.0,0.0
159009512,50,aco,aco,14.630657506843614,14.630657506843614,0.0,0.0
179164945,50,ga,ga,39.97458098316547,39.97458098316547,0.0,0.0
146722776,50,aco,aco,19.2379802898091,19.2379802898091,0.0,0.0
193516092,50,ga,ga,51.05791744304852,51.05791744304852,0.0,0.0
195680233,50,aco,aco,44.1181615187547,44.1181615187547,0.0,0.0
165422151,50,aco,aco,30.20371231937715,30.20371231937715,0.0,0.0
126557370,50,ga,ga,29.26346878192148,29.26346878192148,0.0,0.0
173320767,50,ga,ga,28.27838306306616,28.27838306306616,0.0,0.0
39722459,50,ga,ga,16.709773090387404,16.709773090387404,0.0,0.0
166908128,50,aco,aco,31.11304488216912,31.11304488216912,0.0,0.0
139532243,50,aco,aco,37.09482957370058,37.09482957370058,0.0,0.0
306380533,50,sa,sa,113.39667062507152,113.39667062507152,0.0,0.0
149764541,50,ga,ga,32.20854149092345,32.20854149092345,0.0,0.0
47940211,50,ga,ga,5.765550706955111,5.765550706955111,0.0,0.0
38306293,50,aco,aco,17.711100890730044,17.711100890730044,0.0,0.0
32841089,50,ga,ga,15.2827087876114,15.2827087876114,0.0,0.0
75984287,50,aco,aco,44.26007739304583,44.26007739304583,0.0,0.0
11159787,50,aco,aco,15.715457670857138,15.715457670857138,0.0,0.0
57374669,50,aco,aco,9.158745835062462,9.158745835062462,0.0,0.0
50214055,50,aco,aco,17.770342562254555,17.770342562254555,0.0,0.0
53943957,50,aco,aco,33.62670051677983,33.62670051677983,0.0,0.0
122518305,50,ga,ga,25.91422719093468,25.91422719093468,0.0,0.0
83344361,50,aco,aco,19.04680935635988,19.04680935635988,0.0,0.0
100587678,50,aco,aco,33.75488299426542,33.75488299426542,0.0,0.0
126617208,50,aco,aco,30.493014275553804,30.493014275553804,0.0,0.0
175853909,50,aco,aco,12.499550447580251,12.499550447580251,0.0,0.0
59987595,50,aco,aco,97.45545094724343,97.45545094724343,0.0,0.0
108516213,50,aco,aco,89.50257647343273,89.50257647343273,0.0,0.0
54183309,50,aco,aco,53.81138550441005,53.81138550441005,0.0,0.0
130666246,50,ga,ga,20.8146138814146,20.8146138814146,0.0,0.0
83862957,50,aco,aco,23.74254028678746,23.74254028678746,0.0,0.0
16884289,50,aco,aco,20.347899999810885,20.347899999810885,0.0,0.0
105444529,50,ga,ga,41.379444643316674,41.379444643316674,0.0,0.0
213043226,50,sa,sa,129.38227819621423,129.38227819621423,0.0,0.0
172303521,50,ga,ga,13.412880933389816,13.412880933389816,0.0,0.0
69671378,50,aco,ga,27.930824339352583,28.41478691596084,0.48396257660825626,0.017327185575628956
150003893,50,ga,ga,63.060247668926834,63.060247668926834,0.0,0.0
42674467,50,aco,aco,86.36778037972815,86.36778037972815,0.0,0.0
159328648,50,aco,aco,5.872187612577724,5.872187612577724,0.0,0.0
55270366,50,aco,aco,17.92241909245791,17.92241909245791,0.0,0.0
539698868,50,sa,sa,199.06386065498023,199.06386065498023,0.0,0.0
69222593,50,ga,ga,14.878583859990073,14.878583859990073,0.0,0.0
555835182,50,sa,sa,83.70401278606631,83.70401278606631,0.0,0.0
57205128,50,aco,aco,12.319873897794738,12.319873897794738,0.0,0.0
15727421,50,aco,aco,107.25740357617516,107.25740357617516,0.0,0.0
328739999,50,sa,sa,87.55384629387028,87.55384629387028,0.0,0.0
113043955,50,ga,ga,48.5326300978067,48.5326300978067,0.0,0.0
145276691,50,ga,ga,9.96059418738872,9.96059418738872,0.0,0.0
167626184,50,aco,aco,55.42509412271141,55.42509412271141,0.0,0.0
187871374,50,ga,ga,12.747901804787045,12.747901804787045,0.0,0.0
55898665,50,aco,aco,32.48054088593677,32.48054088593677,0.0,0.0
194254094,50,aco,aco,23.19459278278976,23.19459278278976,0.0,0.0
157613292,50,aco,aco,17.731708562699296,17.731708562699296,0.0,0.0
137098831,50,aco,aco,17.174600721954523,17.174600721954523,0.0,0.0
87951887,50,ga,ga,65.06690170148369,65.06690170148369,0.0,0.0
47022695,50,aco,aco,67.62238821464081,67.62238821464081,0.0,0.0
142105277,50,ga,ga,12.172896529558702,12.172896529558702,0.0,0.0
24094768,50,aco,aco,48.49500966185495,48.49500966185495,0.0,0.0
61373842,50,ga,ga,82.54859689207879,82.54859689207879,0.0,0.0
57254993,50,aco,aco,45.89597698201453,45.89597698201453,0.0,0.0
507705484,50,sa,sa,153.33026769065603,153.33026769065603,0.0,0.0
143321983,50,ga,ga,67.03013274113454,67.03013274113454,0.0,0.0
42604656,50,aco,aco,21.416395866429745,21.416395866429745,0.0,0.0
153075577,50,ga,ga,27.735572989210148,27.735572989210148,0.0,0.0
87533021,50,ga,ga,172.9295070412424,172.9295070412424,0.0,0.0
96039990,50,ga,ga,53.6575645678641,53.6575645678641,0.0,0.0
380639491,50,sa,sa,142.87149536533286,142.87149536533286,0.0,0.0
185138772,50,aco,aco,47.07022594147376,47.07022594147376,0.0,0.0
56646640,50,aco,aco,16.341859557633097,16.341859557633097,0.0,0.0
30118460,50,aco,aco,10.34811018108541,10.34811018108541,0.0,0.0
156775560,50,ga,ga,25.354422005228905,25.354422005228905,0.0,0.0
36969911,50,aco,aco,45.83104375325237,45.83104375325237,0.0,0.0
38984457,50,aco,aco,8.759729790841288,8.759729790841288,0.0,0.0
5335555,50,ga,ga,28.626079154490505,28.626079154490505,0.0,0.0
100238623,50,ga,ga,26.37741378952873,26.37741378952873,0.0,0.0
72493737,50,sa,sa,44.13694223663552,44.13694223663552,0.0,0.0
14081876,50,aco,aco,9.210984918810222,9.210984918810222,0.0,0.0
56437207,50,aco,aco,16.564775225594502,16.564775225594502,0.0,0.0
150652138,50,aco,aco,37.51161982335786,37.51161982335786,0.0,0.0
171525627,50,ga,ga,65.77539383634816,65.77539383634816,0.0,0.0
68614240,50,sa,sa,249.92053306457012,249.92053306457012,0.0,0.0
156017612,50,aco,aco,17.12210278061083,17.12210278061083,0.0,0.0
26388558,50,ga,ga,13.328208355808249,13.328208355808249,0.0,0.0
183184064,50,aco,aco,13.20315673229995,13.20315673229995,0.0,0.0
66649559,50,ga,aco,11.641595840807442,12.394930923036618,0.7533350822291762,0.0647106369719949
601561387,50,sa,sa,84.49431674434385,84.49431674434385,0.0,0.0
79893703,50,aco,aco,27.481437146550395,27.481437146550395,0.0,0.0
128372456,50,aco,aco,148.58165154535038,148.58165154535038,0.0,0.0
127115858,50,ga,ga,24.94923738808641,24.94923738808641,0.0,0.0
73710443,50,aco,aco,42.42468986510879,42.42468986510879,0.0,0.0
42016249,50,ga,ga,32.24453740756929,32.24453740756929,0.0,0.0
368093457,50,sa,sa,63.43503560334875,63.43503560334875,0.0,0.0
6532315,50,aco,aco,19.705095407998684,19.705095407998684,0.0,0.0
118529105,50,ga,ga,51.5645910202223,51.5645910202223,0.0,0.0
96977452,50,aco,aco,27.45034930357736,27.45034930357736,0.0,0.0
26179125,50,ga,ga,18.293736528765383,18.293736528765383,0.0,0.0
93157793,50,ga,ga,77.96373147503758,77.96373147503758,0.0,0.0
51899492,50,aco,aco,30.97075578192045,30.97075578192045,0.0,0.0
2204033,50,aco,aco,53.72427276578112,53.72427276578112,0.0,0.0
53255820,50,aco,aco,23.860553704081173,23.860553704081173,0.0,0.0
7669237,50,aco,aco,28.66918404867372,28.66918404867372,0.0,0.0
15737394,50,aco,aco,47.78486890343312,47.78486890343312,0.0,0.0
197216075,50,aco,aco,7.33117767585724,7.33117767585724,0.0,0.0
151898763,50,aco,aco,22.307710081006675,22.307710081006675,0.0,0.0
19477269,50,ga,ga,168.31362338667532,168.31362338667532,0.0,0.0
42365304,50,ga,ga,30.13090976355421,30.13090976355421,0.0,0.0
193994796,50,aco,aco,289.680389131967,289.680389131967,0.0,0.0
193127145,50,aco,aco,23.174043384498614,23.174043384498614,0.0,0.0
499806868,50,sa,sa,426.951138952808,426.951138952808,0.0,0.0
66430153,50,ga,ga,38.478209217324434,38.478209217324434,0.0,0.0
19108268,50,aco,aco,13.911077431913924,13.911077431913924,0.0,0.0
184759798,50,aco,aco,92.17336729866712,92.17336729866712,0.0,0.0
66420180,50,aco,aco,97.61973957154406,97.61973957154406,0.0,0.0
427013941,50,sa,sa,91.13247778822004,91.13247778822004,0.0,0.0
155389313,50,aco,aco,13.750475218057698,13.750475218057698,0.0,0.0
177389751,50,ga,ga,18.04620065189625,18.04620065189625,0.0,0.0
103180658,50,ga,ga,3550.7944989917182,3550.7944989917182,0.0,0.0
180790544,50,ga,ga,43.17300814293839,43.17300814293839,0.0,0.0
54143417,50,aco,aco,21.982442667320058,21.982442667320058,0.0,0.0
105414610,50,aco,aco,16.84238856738483,16.84238856738483,0.0,0.0
580249086,50,sa,sa,145.13238881593264,145.13238881593264,0.0,0.0
111049355,50,aco,aco,231.146034584034,231.146034584034,0.0,0.0
144169688,50,ga,ga,16.901832808459716,16.901832808459716,0.0,0.0
67596994,50,aco,aco,37.99562565123825,37.99562565123825,0.0,0.0
146513343,50,aco,aco,56.61655788354541,56.61655788354541,0.0,0.0
118419402,50,aco,aco,12.82576339014066,12.82576339014066,0.0,0.0
63777335,50,aco,aco,62.84647142701135,62.84647142701135,0.0,0.0
495428721,50,sa,sa,20.718279250021205,20.718279250021205,0.0,0.0
251050329,50,sa,sa,25.094550776579435,25.094550776579435,0.0,0.0
128033374,50,aco,aco,52.63587601298863,52.63587601298863,0.0,0.0
210480165,50,sa,sa,188.64194240674144,188.64194240674144,0.0,0.0
174796771,50,ga,ga,20.640932459655,20.640932459655,0.0,0.0
91881249,50,aco,aco,81.52468630443745,81.52468630443745,0.0,0.0
59169809,50,ga,ga,16.14571536496795,16.14571536496795,0.0,0.0
25800151,50,aco,aco,45.41992051345338,45.41992051345338,0.0,0.0
65781908,50,ga,ga,50.21088863443942,50.21088863443942,0.0,0.0
130835787,50,aco,aco,18.023002077998694,18.023002077998694,0.0,0.0
46514072,50,aco,aco,22.52114722058223,22.52114722058223,0.0,0.0
192598576,50,aco,aco,4.392678063312601,4.392678063312601,0.0,0.0
153324902,50,ga,ga,13.770984026778606,13.770984026778606,0.0,0.0
65622340,50,aco,aco,164.54102943457178,164.54102943457178,0.0,0.0
87383426,50,aco,aco,58.89080558013909,58.89080558013909,0.0,0.0
154621392,50,aco,aco,26.74933408382506,26.74933408382506,0.0,0.0
76502883,50,ga,ga,20.98402273808756,20.98402273808756,0.0,0.0
115886260,50,ga,ga,8.180973766767694,8.180973766767694,0.0,0.0
16305855,50,aco,aco,32.03955353628723,32.03955353628723,0.0,0.0
191601276,50,ga,ga,121.148069859608,121.148069859608,0.0,0.0
191671087,50,ga,ga,125.9759332707582,125.9759332707582,0.0,0.0
34975311,50,ga,ga,42.90207642662776,42.90207642662776,0.0,0.0
91811438,50,aco,aco,28.26448222781001,28.26448222781001,0.0,0.0
26139233,50,ga,ga,43.89511200274605,43.89511200274605,0.0,0.0
64784608,50,aco,aco,50.75767078473335,50.75767078473335,0.0,0.0
720728764,50,sa,sa,50.365408570866975,50.365408570866975,0.0,0.0
1306463,50,aco,aco,100.69850905706996,100.69850905706996,0.0,0.0
173360659,50,aco,aco,25.62088051319269,25.62088051319269,0.0,0.0
114450148,50,aco,aco,20.02286846541287,20.02286846541287,0.0,0.0
104876068,50,aco,aco,32.4056167236121,32.4056167236121,0.0,0.0
34536499,50,ga,ga,27.63342468173944,27.63342468173944,0.0,0.0
55160663,50,aco,aco,38.18185409930008,38.18185409930008,0.0,0.0
143940309,50,aco,aco,30.60354199487409,30.60354199487409,0.0,0.0
6811559,50,ga,ga,43.52304004088049,43.52304004088049,0.0,0.0
7649291,50,aco,aco,22.17093901211577,22.17093901211577,0.0,0.0
12426358,50,aco,aco,34.995855451537686,34.995855451537686,0.0,0.0
55639367,50,ga,ga,58.73177240346192,58.73177240346192,0.0,0.0
108117293,50,ga,ga,53.90067819829828,53.90067819829828,0.0,0.0
130217461,50,aco,aco,37.26934079166753,37.26934079166753,0.0,0.0
134545743,50,aco,aco,11.508011332244948,11.508011332244948,0.0,0.0
117721292,50,ga,ga,30.67446170247277,30.67446170247277,0.0,0.0
125689719,50,aco,aco,9.001763559137434,9.001763559137434,0.0,0.0
189826082,50,aco,aco,26.445419674657906,26.445419674657906,0.0,0.0
14470823,50,ga,ga,9.56436374457012,9.56436374457012,0.0,0.0
2253898,50,aco,aco,90.24353279553704,90.24353279553704,0.0,0.0
109024836,50,sa,sa,314.47636986128987,314.47636986128987,0.0,0.0
129539297,50,ga,ga,93.42869864755733,93.42869864755733,0.0,0.0
101335653,50,aco,aco,14.712513838092049,14.712513838092049,0.0,0.0
167147480,50,ga,ga,35.00263419554446,35.00263419554446,0.0,0.0
80751381,50,ga,ga,16.140222861133978,16.140222861133978,0.0,0.0
33499307,50,aco,aco,111.59578049029749,111.59578049029749,0.0,0.0
525267937,50,sa,sa,71.51942769499279,71.51942769499279,0.0,0.0
68275158,50,ga,ga,39.71968737719472,39.71968737719472,0.0,0.0
13503442,50,aco,aco,67.11305107208628,67.11305107208628,0.0,0.0
180561165,50,ga,ga,27.90474219432177,27.90474219432177,0.0,0.0
145695557,50,aco,aco,20.20989340457053,20.20989340457053,0.0,0.0
165432124,50,ga,ga,52.62119225519288,52.62119225519288,0.0,0.0
113791930,50,ga,ga,8.640170143872488,8.640170143872488,0.0,0.0
102243196,50,aco,aco,6.493709208534556,6.493709208534556,0.0,0.0
94294715,50,sa,ga,136.20358198198417,225.8281575959421,89.62457561395792,0.6580192261449679
157872590,50,aco,aco,122.9305555811662,122.9305555811662,0.0,0.0
156037558,50,aco,aco,317.1481576142894,317.1481576142894,0.0,0.0
192947631,50,ga,ga,6.077873940576568,6.077873940576568,0.0,0.0
169770379,50,ga,ga,15.827247778995464,15.827247778995464,0.0,0.0
189945758,50,ga,ga,26.10407661870446,26.10407661870446,0.0,0.0
54831554,50,ga,ga,48.83199815607516,48.83199815607516,0.0,0.0
194104499,50,sa,sa,302.8103234913757,302.8103234913757,0.0,0.0
233537741,50,sa,sa,142.34198049574906,142.34198049574906,0.0,0.0
191112599,50,ga,ga,69.09134484872082,69.09134484872082,0.0,0.0
61244193,50,aco,aco,18.201991840389063,18.201991840389063,0.0,0.0
37787697,50,ga,ga,72.8604830275008,72.8604830275008,0.0,0.0
45666367,50,aco,aco,18.600915227234974,18.600915227234974,0.0,0.0
137557589,50,aco,aco,28.468759691474467,28.468759691474467,0.0,0.0
165950720,50,ga,ga,67.431748801038,67.431748801038,0.0,0.0
197614995,50,aco,aco,27.676725441409,27.676725441409,0.0,0.0
79714189,50,aco,aco,73.45571864591076,73.45571864591076,0.0,0.0
86735181,50,aco,aco,14.268822835889049,14.268822835889049,0.0,0.0
54841527,50,ga,ga,80.7942468758037,80.7942468758037,0.0,0.0
391180952,50,sa,sa,178.3223733175075,178.3223733175075,0.0,0.0
30966165,50,ga,ga,106.75911779036176,106.75911779036176,0.0,0.0
3779767,50,aco,aco,6.153158475748047,6.153158475748047,0.0,0.0
12446304,50,aco,aco,8.268187838836901,8.268187838836901,0.0,0.0
187143345,50,aco,aco,38.44403829239063,38.44403829239063,0.0,0.0
32093114,50,ga,ga,9.340481317242029,9.340481317242029,0.0,0.0
59788135,50,aco,aco,17.55786534545552,17.55786534545552,0.0,0.0
112276034,50,aco,aco,70.19766251732077,70.19766251732077,0.0,0.0
94633797,50,sa,sa,120.19244592479436,120.19244592479436,0.0,0.0
184670041,50,aco,aco,87.49933291030601,87.49933291030601,0.0,0.0
156785533,50,ga,ga,103.70102833621604,103.70102833621604,0.0,0.0
15009365,50,aco,aco,40.12363527468411,40.12363527468411,0.0,0.0
607255970,50,sa,sa,293.1346184784462,293.1346184784462,0.0,0.0
1276544,50,aco,aco,49.11190053365532,49.11190053365532,0.0,0.0
112156358,50,aco,aco,22.485330376788745,22.485330376788745,0.0,0.0
116654181,50,ga,ga,24.44611327601177,24.44611327601177,0.0,0.0
98513294,50,aco,aco,155.8938792,155.8938792,0.0,0.0
156596046,50,aco,aco,18.59740385195387,18.59740385195387,0.0,0.0
186963831,50,sa,sa,177.83967453288133,177.83967453288133,0.0,0.0
38156698,50,ga,ga,30.907526375507363,30.907526375507363,0.0,0.0
110361218,50,sa,sa,58.38307550693386,58.38307550693386,0.0,0.0
185717206,50,aco,aco,11.33210047829582,11.33210047829582,0.0,0.0
74528229,50,ga,ga,20.20248002198668,20.20248002198668,0.0,0.0
34506580,50,ga,ga,62.53096693585663,62.53096693585663,0.0,0.0
164614338,50,ga,ga,13.55631130638874,13.55631130638874,0.0,0.0
163517308,50,aco,aco,16.977621314450047,16.977621314450047,0.0,0.0
28552699,50,aco,aco,24.04200363782138,24.04200363782138,0.0,0.0
110520786,50,ga,ga,20.02390586483194,20.02390586483194,0.0,0.0
9304809,50,ga,sa,224.7944736201117,1006.8576399843912,782.0631663642795,3.4790142024839823
468900541,50,sa,sa,540.9573053997227,540.9573053997227,0.0,0.0
136231180,50,ga,ga,53.90303859785456,53.90303859785456,0.0,0.0
11758167,50,aco,aco,102.0654257145868,102.0654257145868,0.0,0.0
52577656,50,ga,ga,77.9754168829726,77.9754168829726,0.0,0.0
67038506,50,ga,ga,13.99087102646507,13.99087102646507,0.0,0.0
185547665,50,ga,ga,19.98134277766337,19.98134277766337,0.0,0.0
21172679,50,aco,aco,9.472209773116129,9.472209773116129,0.0,0.0
6741748,50,aco,aco,22.639473445644697,22.639473445644697,0.0,0.0
109583324,50,ga,ga,28.69942936614629,28.69942936614629,0.0,0.0
67646859,50,aco,aco,73.26728621414743,73.26728621414743,0.0,0.0
90744327,50,ga,ga,11.947509004648934,11.947509004648934,0.0,0.0
77061371,50,ga,ga,50.136304422044105,50.136304422044105,0.0,0.0
177868455,50,aco,aco,148.46159349743078,148.46159349743078,0.0,0.0
28772105,50,ga,ga,93.4406238881596,93.4406238881596,0.0,0.0
81339788,50,aco,aco,33.37724853203279,33.37724853203279,0.0,0.0
172183845,50,aco,aco,14.540477970241444,14.540477970241444,0.0,0.0
154252391,50,ga,ga,43.30399040127281,43.30399040127281,0.0,0.0
58611321,50,aco,aco,126.26028387378318,126.26028387378318,0.0,0.0
194862447,50,aco,aco,32.587355639543844,32.587355639543844,0.0,0.0
180611030,50,aco,aco,42.49171215428304,42.49171215428304,0.0,0.0
15139014,50,aco,aco,18.977419618141663,18.977419618141663,0.0,0.0
180680841,50,aco,aco,35.55368518752958,35.55368518752958,0.0,0.0
185068961,50,aco,aco,27.581476383899165,27.581476383899165,0.0,0.0
196129018,50,aco,aco,10.725679039741769,10.725679039741769,0.0,0.0
169511081,50,aco,aco,10.298844001875688,10.298844001875688,0.0,0.0
15079176,50,aco,aco,24.97071051782916,24.97071051782916,0.0,0.0
72812873,50,aco,aco,10.469505493833418,10.469505493833418,0.0,0.0
171545573,50,aco,aco,115.91586712183069,115.91586712183069,0.0,0.0
81539248,50,aco,aco,34.182205339018005,34.182205339018005,0.0,0.0
54213228,50,aco,aco,7.802725869090914,7.802725869090914,0.0,0.0
99710054,50,ga,ga,59.56166686032179,59.56166686032179,0.0,0.0
128821241,50,aco,aco,8.229283353107439,8.229283353107439,0.0,0.0
39094160,50,ga,ga,60.08841911592499,60.08841911592499,0.0,0.0
150133542,50,aco,aco,30.068467689737453,30.068467689737453,0.0,0.0
155169907,50,aco,aco,23.00262962051437,23.00262962051437,0.0,0.0
198871593,50,ga,ga,10.720214800612691,10.720214800612691,0.0,0.0
72962468,50,aco,aco,22.55882866570997,22.55882866570997,0.0,0.0
136201261,50,ga,ga,17.649028201730864,17.649028201730864,0.0,0.0
162719468,50,ga,ga,73.07105457126637,73.07105457126637,0.0,0.0
178008077,50,ga,ga,13.344333284544364,13.344333284544364,0.0,0.0
110640462,50,ga,ga,24.394656454247688,24.394656454247688,0.0,0.0
59189755,50,aco,aco,49.30948093626746,49.30948093626746,0.0,0.0
61663059,50,aco,aco,14.611872353175244,14.611872353175244,0.0,0.0
8147941,50,ga,ga,26.733012824317637,26.733012824317637,0.0,0.0
139213107,50,aco,aco,16.50128567491719,16.50128567491719,0.0,0.0
80891003,50,ga,ga,106.75161703390978,106.75161703390978,0.0,0.0
114210796,50,sa,sa,121.17396336895018,121.17396336895018,0.0,0.0
31105787,50,aco,aco,11.407887211541071,11.407887211541071,0.0,0.0
64684878,50,aco,aco,25.44716583679481,25.44716583679481,0.0,0.0
165242637,50,aco,aco,38.489508046866426,38.489508046866426,0.0,0.0
144937609,50,ga,ga,9.87419477285398,9.87419477285398,0.0,0.0
141327383,50,ga,ga,7.490330795807734,7.490330795807734,0.0,0.0
170588165,50,ga,ga,13.4034626178414,13.4034626178414,0.0,0.0
173231010,50,aco,aco,9.794927731984435,9.794927731984435,0.0,0.0
41806816,50,aco,aco,38.2727060635569,38.2727060635569,0.0,0.0
21781032,50,aco,aco,7.233214203721904,7.233214203721904,0.0,0.0
93307388,50,aco,aco,21.3253068060421,21.3253068060421,0.0,0.0
729445166,50,sa,sa,42.56490638768459,42.56490638768459,0.0,0.0
193137118,50,aco,aco,147.07971443833193,147.07971443833193,0.0,0.0
163646957,50,aco,aco,15.867020293006464,15.867020293006464,0.0,0.0
127584589,50,aco,ga,10.5292520437282,12.95578282139849,2.4265307776702905,0.2304561394857734
85488556,50,ga,ga,111.9817154345542,111.9817154345542,0.0,0.0
90824111,50,aco,aco,33.423329220576555,33.423329220576555,0.0,0.0
22798278,50,aco,aco,86.97549665406164,86.97549665406164,0.0,0.0
71077571,50,ga,ga,41.66829679636459,41.66829679636459,0.0,0.0
113612416,50,aco,aco,94.13631123687074,94.13631123687074,0.0,0.0
137208534,50,aco,aco,215.59305130075043,215.59305130075043,0.0,0.0
61852546,50,aco,aco,75.73715343240556,75.73715343240556,0.0,0.0
122458467,50,aco,aco,37.82578079843898,37.82578079843898,0.0,0.0
122139331,50,ga,ga,11.32573903425601,11.32573903425601,0.0,0.0
737802540,50,sa,sa,614.1853963325468,614.1853963325468,0.0,0.0
10332028,50,aco,aco,23.324402856927364,23.324402856927364,0.0,0.0
40679867,50,ga,ga,20.3007875535398,20.3007875535398,0.0,0.0
554668341,50,sa,sa,154.32306472675378,154.32306472675378,0.0,0.0
57304858,50,aco,aco,20.828213094443115,20.828213094443115,0.0,0.0
118748511,50,aco,aco,32.90778765019896,32.90778765019896,0.0,0.0
60276812,50,aco,aco,19.03159420653539,19.03159420653539,0.0,0.0
296417506,50,sa,sa,321.5492699975432,321.5492699975432,0.0,0.0
71875411,50,aco,aco,35.430402611940494,35.430402611940494,0.0,0.0
179843109,50,sa,sa,223.3850556749609,223.3850556749609,0.0,0.0
71376761,50,ga,ga,31.66990216131352,31.66990216131352,0.0,0.0
130865706,50,aco,aco,300.7163830382324,300.7163830382324,0.0,0.0
147839752,50,aco,aco,10.944880663024003,10.944880663024003,0.0,0.0
166569046,50,ga,ga,17.26113519970551,17.26113519970551,0.0,0.0
182884874,50,ga,ga,39.95689201467948,39.95689201467948,0.0,0.0
23057576,50,aco,aco,24.507261943195616,24.507261943195616,0.0,0.0
88669943,50,ga,ga,11.67030804954421,11.67030804954421,0.0,0.0
27665102,50,aco,aco,163.61383405084234,163.61383405084234,0.0,0.0
170109461,50,aco,aco,26.047699697965797,26.047699697965797,0.0,0.0
141187761,50,aco,aco,27.522821720716124,27.522821720716124,0.0,0.0
178067915,50,ga,ga,9.14397814812075,9.14397814812075,0.0,0.0
690450736,50,sa,sa,30.42368682837188,30.42368682837188,0.0,0.0
47212182,50,aco,aco,108.19555278618536,108.19555278618536,0.0,0.0
149704703,50,ga,sa,58.28817253443758,82.18143716676227,23.893264632324687,0.40991617327182744
181867628,50,ga,ga,12.23733053032764,12.23733053032764,0.0,0.0
215117610,50,sa,sa,213.2496393855617,213.2496393855617,0.0,0.0
144149742,50,aco,aco,25.81129479524948,25.81129479524948,0.0,0.0
75146555,50,ga,ga,68.59222229738009,68.59222229738009,0.0,0.0
187851428,50,aco,aco,20.095307129853403,20.095307129853403,0.0,0.0
156675830,50,aco,aco,24.99947122451685,24.99947122451685,0.0,0.0
13184306,50,ga,ga,38.8160741714798,38.8160741714798,0.0,0.0
160665030,50,ga,ga,7.789414541243138,7.789414541243138,0.0,0.0
93975579,50,aco,aco,9.184041583223271,9.184041583223271,0.0,0.0
159228918,50,aco,aco,111.6690171250588,111.6690171250588,0.0,0.0
39702513,50,aco,aco,20.990831819015508,20.990831819015508,0.0,0.0
98722727,50,ga,ga,48.86418982799354,48.86418982799354,0.0,0.0
50094379,50,sa,sa,28.957074653480586,28.957074653480586,0.0,0.0
407387077,50,sa,sa,641.8745113793284,641.8745113793284,0.0,0.0
171276302,50,ga,ga,21.34443350376277,21.34443350376277,0.0,0.0
100597651,50,aco,aco,24.15482938828904,24.15482938828904,0.0,0.0
139651919,50,ga,ga,9.021993940196232,9.021993940196232,0.0,0.0
132102358,50,ga,sa,254.43401249052977,656.8500607789865,402.41604828845675,1.581612632483383
118389483,50,ga,ga,69.83280277030596,69.83280277030596,0.0,0.0
184141472,50,sa,sa,56.46300991472396,56.46300991472396,0.0,0.0
62331250,50,aco,aco,8.901808088245822,8.901808088245822,0.0,0.0
11369220,50,aco,aco,55.23871511767428,55.23871511767428,0.0,0.0
133289145,50,aco,aco,64.84028345479825,64.84028345479825,0.0,0.0
34755905,50,ga,ga,93.25511607149352,93.25511607149352,0.0,0.0
180361705,50,ga,ga,172.7363795046663,172.7363795046663,0.0,0.0
191870547,50,aco,aco,27.74570573666301,27.74570573666301,0.0,0.0
163108415,50,ga,ga,28.450768607287763,28.450768607287763,0.0,0.0
77380507,50,ga,ga,27.049505041457586,27.049505041457586,0.0,0.0
206949723,50,sa,sa,76.97908677509463,76.97908677509463,0.0,0.0
185856828,50,ga,ga,84.88716557789292,84.88716557789292,0.0,0.0
55370096,50,aco,aco,62.28128510799817,62.28128510799817,0.0,0.0
5465204,50,aco,aco,24.82587022025048,24.82587022025048,0.0,0.0
53315658,50,aco,aco,178.80477207631742,178.80477207631742,0.0,0.0
77021479,50,sa,sa,73.22546984892693,73.22546984892693,0.0,0.0
56367396,50,aco,aco,46.87891154780431,46.87891154780431,0.0,0.0
147331129,50,aco,aco,25.06908022284897,25.06908022284897,0.0,0.0
160096569,50,sa,sa,68.37355510068777,68.37355510068777,0.0,0.0
1027219,50,aco,aco,29.223636261772768,29.223636261772768,0.0,0.0
50503272,50,ga,ga,118.01019219395371,118.01019219395371,0.0,0.0
72972441,50,ga,ga,18.290890132007064,18.290890132007064,0.0,0.0
102452629,50,aco,aco,111.93403462354148,111.93403462354148,0.0,0.0
102562332,50,ga,ga,72.55402713812086,72.55402713812086,0.0,0.0
56746370,50,aco,aco,7.869230048353407,7.869230048353407,0.0,0.0
67806427,50,aco,aco,45.45477345598344,45.45477345598344,0.0,0.0
43821362,50,aco,aco,42.2694380892234,42.2694380892234,0.0,0.0
148497970,50,aco,aco,11.425922802974007,11.425922802974007,0.0,0.0
103808957,50,aco,aco,40.48488310034793,40.48488310034793,0.0,0.0
77490210,50,aco,aco,49.4162984742268,49.4162984742268,0.0,0.0
178137726,50,ga,aco,18.113335234051583,19.2967847975139,1.183449563462318,0.06533581740581547
124632581,50,aco,aco,11.92257107306733,11.92257107306733,0.0,0.0
190623922,50,ga,ga,9.534122180571227,9.534122180571227,0.0,0.0
71227166,50,ga,aco,18.58764240798944,19.29912002620367,0.7114776182142322,0.03827691552256359
173390578,50,aco,aco,30.34931140529864,30.34931140529864,0.0,0.0
189038215,50,ga,ga,9.711280237904395,9.711280237904395,0.0,0.0
134246553,50,ga,ga,46.18972259274555,46.18972259274555,0.0,0.0
102931333,50,ga,ga,44.9016186843169,44.9016186843169,0.0,0.0
70748462,50,aco,aco,9.886378479527156,9.886378479527156,0.0,0.0
242493495,50,sa,sa,139.85876048205398,139.85876048205398,0.0,0.0
76831992,50,aco,aco,41.47521729001144,41.47521729001144,0.0,0.0
112266061,50,ga,ga,27.09438025782805,27.09438025782805,0.0,0.0
128322591,50,aco,aco,9.02440666293139,9.02440666293139,0.0,0.0
184301040,50,ga,ga,30.092664661973952,30.092664661973952,0.0,0.0
44768797,50,ga,ga,10.713639528653832,10.713639528653832,0.0,0.0
176003504,50,ga,ga,23.447749350097236,23.447749350097236,0.0,0.0
101176085,50,ga,ga,17.378033855695872,17.378033855695872,0.0,0.0
64006714,50,ga,ga,10.550575824897937,10.550575824897937,0.0,0.0
126377856,50,aco,aco,10.927804800635869,10.927804800635869,0.0,0.0
148886917,50,aco,aco,9.077361098524232,9.077361098524232,0.0,0.0
158989566,50,aco,aco,107.5316150810369,107.5316150810369,0.0,0.0
105464475,50,ga,ga,93.68155419325986,93.68155419325986,0.0,0.0
42165844,50,ga,ga,56.684353846073336,56.684353846073336,0.0,0.0
121291626,50,ga,ga,48.82933920949519,48.82933920949519,0.0,0.0
68005887,50,aco,aco,20.1401515672479,20.1401515672479,0.0,0.0
63877065,50,ga,ga,15.270427874171016,15.270427874171016,0.0,0.0
95192285,50,aco,aco,20.544635739549044,20.544635739549044,0.0,0.0
119157404,50,aco,aco,70.45310445540755,70.45310445540755,0.0,0.0
97326507,50,aco,aco,39.22501905453846,39.22501905453846,0.0,0.0
459884949,50,sa,sa,37.23751027120606,37.23751027120606,0.0,0.0
78038725,50,ga,ga,35.876011066032824,35.876011066032824,0.0,0.0
132281872,50,aco,aco,35.4856222033184,35.4856222033184,0.0,0.0
26588018,50,ga,ga,19.687776111652894,19.687776111652894,0.0,0.0
77450318,50,aco,aco,23.81344808413704,23.81344808413704,0.0,0.0
126367883,50,aco,aco,49.34719661775265,49.34719661775265,0.0,0.0
57653913,50,ga,ga,19.69174219220965,19.69174219220965,0.0,0.0
94015471,50,aco,aco,11.56172025758218,11.56172025758218,0.0,0.0
188020969,50,aco,aco,19.88773739847167,19.88773739847167,0.0,0.0
143631146,50,ga,ga,34.030829377455746,34.030829377455746,0.0,0.0
51869573,50,aco,aco,9.1522766131742,9.1522766131742,0.0,0.0
11099949,50,aco,aco,21.63844649413465,21.63844649413465,0.0,0.0
185108853,50,ga,ga,63.59777816489101,63.59777816489101,0.0,0.0
129748730,50,ga,ga,32.08283526895315,32.08283526895315,0.0,0.0
80711489,50,aco,aco,287.8621632584634,287.8621632584634,0.0,0.0
169760406,50,aco,aco,61.412976995195336,61.412976995195336,0.0,0.0
30467515,50,aco,aco,59.528762896863206,59.528762896863206,0.0,0.0
62351196,50,ga,ga,89.15143887632604,89.15143887632604,0.0,0.0
586322643,50,sa,sa,291.44222056654075,291.44222056654075,0.0,0.0
45905719,50,aco,aco,26.823044545860935,26.823044545860935,0.0,0.0
39592810,50,sa,sa,112.0387066416701,112.0387066416701,0.0,0.0
26887208,50,aco,aco,141.83071395738762,141.83071395738762,0.0,0.0
44459634,50,ga,ga,7.674712263071785,7.674712263071785,0.0,0.0
170029677,50,aco,aco,142.07831765612042,142.07831765612042,0.0,0.0
86864830,50,aco,aco,21.7094141466047,21.7094141466047,0.0,0.0
627311673,50,sa,sa,185.63840613576215,185.63840613576215,0.0,0.0
38794970,50,aco,aco,13.79193727340065,13.79193727340065,0.0,0.0
111657708,50,aco,aco,68.94252439321934,68.94252439321934,0.0,0.0
7858724,50,aco,aco,38.02823637220565,38.02823637220565,0.0,0.0
108536159,50,aco,aco,17.698943701165692,17.698943701165692,0.0,0.0
127395102,50,aco,aco,40.07239256551489,40.07239256551489,0.0,0.0
45796016,50,ga,ga,38.47977089069448,38.47977089069448,0.0,0.0
101684708,50,aco,aco,19.8880954467801,19.8880954467801,0.0,0.0
172562819,50,aco,aco,40.41504604694238,40.41504604694238,0.0,0.0
92828684,50,aco,aco,14.096920780937076,14.096920780937076,0.0,0.0
342901659,50,sa,sa,230.36817172707487,230.36817172707487,0.0,0.0
565977723,50,sa,sa,206.04187372368204,206.04187372368204,0.0,0.0
95152393,50,sa,sa,414.6450088418354,414.6450088418354,0.0,0.0
1296490,50,aco,aco,18.41252129531775,18.41252129531775,0.0,0.0
200846247,50,sa,sa,167.60284591097658,167.60284591097658,0.0,0.0
123515605,50,aco,aco,74.20503611608373,74.20503611608373,0.0,0.0
12615845,50,ga,ga,84.63752303642892,84.63752303642892,0.0,0.0
81140328,50,aco,aco,36.08224896220129,36.08224896220129,0.0,0.0
65353069,50,sa,sa,111.42618223765028,111.42618223765028,0.0,0.0
165103015,50,ga,ga,16.16509110904496,16.16509110904496,0.0,0.0
79584540,50,aco,aco,75.5290391349765,75.5290391349765,0.0,0.0
738361028,50,sa,sa,154.36125065569632,154.36125065569632,0.0,0.0
81130355,50,aco,aco,61.570599990061005,61.570599990061005,0.0,0.0
51560410,50,ga,ga,34.846877224254875,34.846877224254875,0.0,0.0
113004063,50,aco,aco,95.68605623968766,95.68605623968766,0.0,0.0
80432245,50,aco,aco,99.8236278063425,99.8236278063425,0.0,0.0
174687068,50,ga,ga,30.92522085458247,30.92522085458247,0.0,0.0
198662160,50,aco,aco,7.57833245381682,7.57833245381682,0.0,0.0
23685875,50,aco,aco,19.71107708472369,19.71107708472369,0.0,0.0
193316632,50,aco,aco,63.59865848288504,63.59865848288504,0.0,0.0
104347499,50,aco,aco,48.32567659314701,48.32567659314701,0.0,0.0
150781787,50,aco,aco,25.78678679742764,25.78678679742764,0.0,0.0
210071272,50,sa,sa,422.3444105559017,422.3444105559017,0.0,0.0
98214104,50,ga,ga,37.03495918787409,37.03495918787409,0.0,0.0
38685267,50,aco,aco,11.60414771704467,11.60414771704467,0.0,0.0
90205785,50,aco,aco,6.010505656704473,6.010505656704473,0.0,0.0
61054706,50,ga,ga,78.5014398179235,78.5014398179235,0.0,0.0
15228771,50,ga,ga,31.048865806263414,31.048865806263414,0.0,0.0
44429715,50,ga,ga,51.17069611358725,51.17069611358725,0.0,0.0
76462991,50,sa,sa,270.3523286856619,270.3523286856619,0.0,0.0
143292064,50,aco,aco,124.96222343195907,124.96222343195907,0.0,0.0
177668995,50,aco,aco,16.799483157171736,16.799483157171736,0.0,0.0
44609229,50,aco,aco,39.29643687757789,39.29643687757789,0.0,0.0
114629662,50,aco,aco,18.347852422858512,18.347852422858512,0.0,0.0
31125733,50,aco,aco,57.58699696644568,57.58699696644568,0.0,0.0
22808251,50,ga,ga,9.542570223664477,9.542570223664477,0.0,0.0
196378343,50,ga,ga,112.20849320274846,112.20849320274846,0.0,0.0
168463916,50,aco,aco,23.522466820435657,23.522466820435657,0.0,0.0
149116296,50,ga,ga,13.101420382614004,13.101420382614004,0.0,0.0
145775341,50,aco,aco,8.029469345429373,8.029469345429373,0.0,0.0
101664762,50,aco,aco,60.49954490118777,60.49954490118777,0.0,0.0
434982368,50,sa,sa,90.9324394077929,90.9324394077929,0.0,0.0
70449272,50,aco,aco,38.88656036529996,38.88656036529996,0.0,0.0
8297536,50,aco,aco,30.72662802148993,30.72662802148993,0.0,0.0
50393569,50,aco,aco,4.41960469401865,4.41960469401865,0.0,0.0
196039261,50,aco,aco,29.473724923330494,29.473724923330494,0.0,0.0
31943519,50,sa,sa,728.4698492672496,728.4698492672496,0.0,0.0
480718546,50,sa,sa,83.7536498692123,83.7536498692123,0.0,0.0
44858554,50,ga,ga,39.699816783958575,39.699816783958575,0.0,0.0
511664765,50,sa,sa,90.9181402381799,90.9181402381799,0.0,0.0
177958212,50,aco,aco,65.43930275530516,65.43930275530516,0.0,0.0
137896671,50,aco,aco,52.46175670352166,52.46175670352166,0.0,0.0
100707354,50,aco,aco,38.54013462597605,38.54013462597605,0.0,0.0
147909563,50,aco,ga,14.645987235774928,19.076582941069585,4.430595705294657,0.3025126018458005
100747246,50,aco,aco,67.1463246692766,67.1463246692766,0.0,0.0
156047531,50,ga,ga,6.155037272322643,6.155037272322643,0.0,0.0
198303132,50,ga,aco,150.5246094817041,155.88345098898154,5.358841507277447,0.035601098888277144
138953809,50,aco,aco,20.07108553756026,20.07108553756026,0.0,0.0
36471261,50,ga,ga,21.0868667386479,21.0868667386479,0.0,0.0
171326167,50,aco,aco,35.93929058986241,35.93929058986241,0.0,0.0
65801854,50,aco,aco,49.99717353450005,49.99717353450005,0.0,0.0
139093431,50,aco,aco,33.004713872242675,33.004713872242675,0.0,0.0
101814357,50,ga,ga,35.22019544787774,35.22019544787774,0.0,0.0
154840798,50,aco,aco,37.02779129469108,37.02779129469108,0.0,0.0
66918830,50,ga,ga,16.66869578289805,16.66869578289805,0.0,0.0
63418307,50,ga,ga,24.441642753532303,24.441642753532303,0.0,0.0
35035149,50,ga,ga,18.852908882559973,18.852908882559973,0.0,0.0
172373332,50,aco,aco,9.452052803657464,9.452052803657464,0.0,0.0
36002530,50,ga,ga,106.47896251190424,106.47896251190424,0.0,0.0
142703657,50,aco,aco,21.90203126745177,21.90203126745177,0.0,0.0
58631267,50,aco,aco,7.655819397830244,7.655819397830244,0.0,0.0
14440904,50,ga,ga,11.26123541360051,11.26123541360051,0.0,0.0
197335751,50,ga,aco,80.67177201727976,85.03219107161479,4.360419054335026,0.054051360783311304
129419621,50,aco,aco,50.59735277896211,50.59735277896211,0.0,0.0
193546011,50,ga,ga,29.824934190668763,29.824934190668763,0.0,0.0
146004720,50,ga,ga,48.83185756509394,48.83185756509394,0.0,0.0
77829292,50,ga,ga,26.70334792786776,26.70334792786776,0.0,0.0
613229797,50,sa,sa,217.53387042878543,217.53387042878543,0.0,0.0
57324804,50,aco,aco,32.9984230780977,32.9984230780977,0.0,0.0
94663716,50,aco,aco,22.935754778332974,22.935754778332974,0.0,0.0
42534845,50,ga,ga,28.773596102300772,28.773596102300772,0.0,0.0
79993433,50,aco,aco,8.532395894992257,8.532395894992257,0.0,0.0
175295421,50,ga,ga,12.227784768717326,12.227784768717326,0.0,0.0
77300723,50,aco,aco,47.65114414363846,47.65114414363846,0.0,0.0
44948311,50,aco,ga,11.675898974403882,17.306771210110874,5.630872235706992,0.4822645560783878
100537813,50,aco,aco,101.84995834790934,101.84995834790934,0.0,0.0
148926809,50,aco,aco,16.28924274048835,16.28924274048835,0.0,0.0
194264067,50,aco,aco,62.31829353459354,62.31829353459354,0.0,0.0
153215199,50,aco,aco,11.96537591800418,11.96537591800418,0.0,0.0
14111795,50,ga,ga,17.415550341639545,17.415550341639545,0.0,0.0
38226509,50,aco,aco,20.415701145506723,20.415701145506723,0.0,0.0
136121477,50,aco,aco,20.916309273916003,20.916309273916003,0.0,0.0
997300,50,ga,ga,16.93580244800402,16.93580244800402,0.0,0.0
11429058,50,aco,aco,11.70313736534775,11.70313736534775,0.0,0.0
1007273,50,aco,ga,13.217262207792237,18.587254982120413,5.369992774328177,0.4062863163267123
143770768,50,aco,aco,3.906934205743968,3.906934205743968,0.0,0.0
74697770,50,ga,ga,49.0615983388056,49.0615983388056,0.0,0.0
98603051,50,aco,aco,84.44808549013206,84.44808549013206,0.0,0.0
70499137,50,aco,aco,51.68609059022849,51.68609059022849,0.0,0.0
92479629,50,ga,ga,16.68647630047104,16.68647630047104,0.0,0.0
229029945,50,sa,sa,110.11166802779869,110.11166802779869,0.0,0.0
161841844,50,aco,aco,25.08709056071089,25.08709056071089,0.0,0.0
135473232,50,aco,aco,10.04924588896423,10.04924588896423,0.0,0.0
152427332,50,ga,ga,42.63464004579903,42.63464004579903,0.0,0.0
280351003,50,sa,sa,156.68916963552277,156.68916963552277,0.0,0.0
16405585,50,aco,aco,34.0884002003195,34.0884002003195,0.0,0.0
62750116,50,aco,aco,37.02850612436646,37.02850612436646,0.0,0.0
639678193,50,sa,sa,92.2247071015768,92.2247071015768,0.0,0.0
61144463,50,aco,aco,15.150561968858533,15.150561968858533,0.0,0.0
40969084,50,ga,ga,43.123904977404415,43.123904977404415,0.0,0.0
327074508,50,sa,sa,164.80374924941412,164.80374924941412,0.0,0.0
103090901,50,ga,ga,49.764492841394464,49.764492841394464,0.0,0.0
173260929,50,ga,ga,19.37710123132008,19.37710123132008,0.0,0.0
159438351,50,aco,aco,172.024665284687,172.024665284687,0.0,0.0
102402764,50,ga,ga,14.902167106827331,14.902167106827331,0.0,0.0
31115760,50,aco,aco,92.04158968411468,92.04158968411468,0.0,0.0
64365742,50,aco,aco,32.37717210007264,32.37717210007264,0.0,0.0
93127874,50,aco,aco,43.03336058693651,43.03336058693651,0.0,0.0
25530880,50,aco,aco,27.327866131566008,27.327866131566008,0.0,0.0
257602590,50,sa,sa,77.88816597080813,77.88816597080813,0.0,0.0
52976576,50,ga,ga,50.19552729257079,50.19552729257079,0.0,0.0
192020142,50,ga,ga,53.21412382167127,53.21412382167127,0.0,0.0
165282529,50,aco,aco,66.70564700703386,66.70564700703386,0.0,0.0
61972222,50,aco,aco,52.637130667431215,52.637130667431215,0.0,0.0
76113936,50,aco,aco,28.320178639013974,28.320178639013974,0.0,0.0
168274429,50,aco,aco,20.997011829979296,20.997011829979296,0.0,0.0
4966554,50,ga,ga,36.81231975698677,36.81231975698677,0.0,0.0
43921092,50,sa,sa,54.194175100757214,54.194175100757214,0.0,0.0
165771206,50,sa,sa,155.43954375894998,155.43954375894998,0.0,0.0
113831822,50,aco,aco,12.239552646407214,12.239552646407214,0.0,0.0
141865925,50,aco,aco,14.30815027008525,14.30815027008525,0.0,0.0
143451632,50,ga,ga,87.77916680431288,87.77916680431288,0.0,0.0
139492351,50,ga,ga,41.68636420035696,41.68636420035696,0.0,0.0
50812435,50,aco,aco,8.942703170244574,8.942703170244574,0.0,0.0
78337915,50,sa,sa,147.03123008864642,147.03123008864642,0.0,0.0
49037241,50,aco,aco,20.155458674841256,20.155458674841256,0.0,0.0
148767241,50,ga,ga,15.229036148066456,15.229036148066456,0.0,0.0
83264577,50,aco,aco,51.50927694418678,51.50927694418678,0.0,0.0
191322032,50,aco,aco,50.46199495224471,50.46199495224471,0.0,0.0
117870887,50,aco,aco,20.36028934522573,20.36028934522573,0.0,0.0
122079493,50,ga,ga,8.226855215226454,8.226855215226454,0.0,0.0
144299337,50,ga,ga,13.267903663428289,13.267903663428289,0.0,0.0
170498408,50,ga,ga,56.99908082644315,56.99908082644315,0.0,0.0
605769993,50,sa,sa,61.72089694757894,61.72089694757894,0.0,0.0
14022038,50,aco,aco,8.699583838294473,8.699583838294473,0.0,0.0
70758435,50,aco,aco,19.44883813761138,19.44883813761138,0.0,0.0
123595389,50,ga,ga,58.16395165549951,58.16395165549951,0.0,0.0
606358400,50,sa,sa,1085.2787436841518,1085.2787436841518,0.0,0.0
98982025,50,aco,aco,13.538598572603494,13.538598572603494,0.0,0.0
96349153,50,ga,ga,69.70362090433825,69.70362090433825,0.0,0.0
143521443,50,ga,aco,19.08120864531829,20.662150867141065,1.5809422218227738,0.08285335856912131
66071125,50,ga,ga,36.40427544780954,36.40427544780954,0.0,0.0
80262704,50,ga,ga,23.456513538818047,23.456513538818047,0.0,0.0
116763884,50,aco,aco,29.99699936036123,29.99699936036123,0.0,0.0
41348058,50,ga,ga,13.946358679899497,13.946358679899497,0.0,0.0
51690059,50,aco,aco,12.620738322641266,12.620738322641266,0.0,0.0
139063512,50,ga,ga,61.98106181693221,61.98106181693221,0.0,0.0
287880618,50,sa,sa,128.91445674130892,128.91445674130892,0.0,0.0
46234828,50,aco,aco,39.681567962368725,39.681567962368725,0.0,0.0
8726375,50,ga,ga,8.073508555102832,8.073508555102832,0.0,0.0
75306123,50,ga,ga,9.183002315021362,9.183002315021362,0.0,0.0
118090293,50,ga,sa,86.47730713122041,290.0545375507497,203.57723041952931,2.3541115834079087
14211525,50,ga,ga,128.8216273598952,128.8216273598952,0.0,0.0
66041206,50,aco,aco,9.236691511738892,9.236691511738892,0.0,0.0
183253875,50,ga,ga,7.925715327823344,7.925715327823344,0.0,0.0
161093869,50,ga,ga,28.91018303835937,28.91018303835937,0.0,0.0
147081804,50,aco,aco,9.604242276551584,9.604242276551584,0.0,0.0
162170953,50,aco,aco,67.9893774255899,67.9893774255899,0.0,0.0
94414391,50,ga,ga,16.817957076221234,16.817957076221234,0.0,0.0
12635791,50,ga,ga,85.69608015831146,85.69608015831146,0.0,0.0
43033495,50,aco,aco,5.427414107160977,5.427414107160977,0.0,0.0
135044393,50,ga,ga,79.91804646825935,79.91804646825935,0.0,0.0
105803557,50,aco,aco,11.768428218294892,11.768428218294892,0.0,0.0
38386077,50,ga,ga,16.328869528488095,16.328869528488095,0.0,0.0
175983558,50,aco,aco,67.87181874272858,67.87181874272858,0.0,0.0
63039333,50,ga,ga,42.7231812698667,42.7231812698667,0.0,0.0
94175039,50,aco,aco,17.518798227195056,17.518798227195056,0.0,0.0
60286785,50,aco,aco,11.465188409299053,11.465188409299053,0.0,0.0
145047312,50,aco,aco,9.194933142645285,9.194933142645285,0.0,0.0
194044661,50,aco,aco,40.3123323252583,40.3123323252583,0.0,0.0
22050303,50,ga,ga,18.16165774621079,18.16165774621079,0.0,0.0
191182410,50,aco,aco,13.22914588399986,13.22914588399986,0.0,0.0
20295055,50,ga,ga,15.191864638611944,15.191864638611944,0.0,0.0
61134490,50,aco,aco,42.57704459328208,42.57704459328208,0.0,0.0
9793486,50,aco,aco,93.38529149094371,93.38529149094371,0.0,0.0
49446134,50,aco,aco,19.97167311809251,19.97167311809251,0.0,0.0
117083020,50,aco,aco,27.42198422728383,27.42198422728383,0.0,0.0
89387999,50,aco,aco,111.81179786149406,111.81179786149406,0.0,0.0
656761942,50,sa,sa,157.24440676723938,157.24440676723938,0.0,0.0
1545815,50,aco,aco,14.097894324401077,14.097894324401077,0.0,0.0
70868138,50,aco,aco,20.743127497967183,20.743127497967183,0.0,0.0
533465743,50,sa,sa,39.24941372399154,39.24941372399154,0.0,0.0
33618983,50,aco,aco,15.684115223798436,15.684115223798436,0.0,0.0
143611200,50,sa,ga,85.18494554969924,89.16641880353306,3.981473253833826,0.04673916533187106
63478145,50,ga,ga,9.231457911662025,9.231457911662025,0.0,0.0
14051957,50,ga,ga,24.157002825591054,24.157002825591054,0.0,0.0
50872273,50,aco,aco,17.454284700091744,17.454284700091744,0.0,0.0
472261442,50,sa,sa,159.80971516966557,159.80971516966557,0.0,0.0
100767192,50,aco,aco,35.575188553479165,35.575188553479165,0.0,0.0
163228091,50,aco,aco,21.04637700908684,21.04637700908684,0.0,0.0
154122742,50,aco,aco,18.808036385407757,18.808036385407757,0.0,0.0
51829681,50,ga,ga,70.7976588467015,70.7976588467015,0.0,0.0
75794800,50,aco,aco,66.7783885820744,66.7783885820744,0.0,0.0
160565300,50,aco,aco,38.41282890745558,38.41282890745558,0.0,0.0
190544138,50,aco,aco,16.53853252905156,16.53853252905156,0.0,0.0
150622219,50,ga,ga,21.567122794308407,21.567122794308407,0.0,0.0
101146166,50,ga,ga,41.73539245767846,41.73539245767846,0.0,0.0
167247210,50,ga,ga,28.416926420827355,28.416926420827355,0.0,0.0
44200336,50,ga,ga,32.719711305069154,32.719711305069154,0.0,0.0
105484421,50,aco,aco,51.33702607942607,51.33702607942607,0.0,0.0
25909854,50,ga,ga,59.45762249391676,59.45762249391676,0.0,0.0
64196201,50,aco,aco,15.237538578939889,15.237538578939889,0.0,0.0
3939335,50,aco,aco,102.094308976188,102.094308976188,0.0,0.0
184919366,50,ga,ga,117.61295181822686,117.61295181822686,0.0,0.0
26797451,50,ga,sa,64.59708075615589,825.7997647740606,761.2026840179046,11.783855788953195
79843838,50,ga,ga,39.70937278614814,39.70937278614814,0.0,0.0
108655835,50,aco,aco,30.509671783461187,30.509671783461187,0.0,0.0
76273504,50,ga,ga,16.488002536200487,16.488002536200487,0.0,0.0
194293986,50,ga,ga,40.458009073429736,40.458009073429736,0.0,0.0
54492472,50,aco,aco,18.90514091127812,18.90514091127812,0.0,0.0
157573400,50,aco,aco,27.520053896500222,27.520053896500222,0.0,0.0
92260223,50,aco,aco,13.72475369219095,13.72475369219095,0.0,0.0
62919657,50,aco,aco,9.24122717047192,9.24122717047192,0.0,0.0
25012284,50,aco,aco,70.81136951540788,70.81136951540788,0.0,0.0
32831116,50,ga,ga,35.3291123277642,35.3291123277642,0.0,0.0
17023911,50,aco,aco,22.56363115648267,22.56363115648267,0.0,0.0
483690500,50,sa,sa,180.5813073459546,180.5813073459546,0.0,0.0
187223129,50,ga,ga,12.350350009890072,12.350350009890072,0.0,0.0
94603878,50,aco,aco,8.281831868000317,8.281831868000317,0.0,0.0
30058622,50,ga,ga,48.83231571029174,48.83231571029174,0.0,0.0
60346623,50,aco,aco,128.2265092747646,128.2265092747646,0.0,0.0
184111553,50,aco,aco,12.519465799419384,12.519465799419384,0.0,0.0
80033325,50,aco,aco,60.55957815231792,60.55957815231792,0.0,0.0
90973706,50,aco,aco,20.702407069705156,20.702407069705156,0.0,0.0
141287491,50,aco,aco,71.2117840052516,71.2117840052516,0.0,0.0
188559511,50,ga,ga,34.31346997163448,34.31346997163448,0.0,0.0
29889081,50,aco,aco,40.16249529548632,40.16249529548632,0.0,0.0
117432075,50,sa,sa,259.102346304343,259.102346304343,0.0,0.0
121650654,50,ga,sa,26.931318042922527,35.453121709020635,8.521803666098108,0.3164272781791166
103160712,50,aco,aco,5.584619515102764,5.584619515102764,0.0,0.0
172931820,50,aco,aco,46.9024992555281,46.9024992555281,0.0,0.0
40330812,50,aco,aco,98.13957478443449,98.13957478443449,0.0,0.0
148827079,50,ga,ga,38.67745137213511,38.67745137213511,0.0,0.0
70050352,50,aco,aco,41.33254570112011,41.33254570112011,0.0,0.0
76054098,50,ga,ga,7.0384692578098615,7.0384692578098615,0.0,0.0
121830168,50,ga,ga,129.74180313132237,129.74180313132237,0.0,0.0
195829828,50,aco,aco,40.7177844678374,40.7177844678374,0.0,0.0
112256088,50,ga,ga,12.288399523550275,12.288399523550275,0.0,0.0
191750871,50,aco,aco,33.29335506084598,33.29335506084598,0.0,0.0
127215588,50,aco,aco,43.99175700725329,43.99175700725329,0.0,0.0
101445356,50,aco,aco,45.76165933318968,45.76165933318968,0.0,0.0
88081536,50,aco,aco,146.75250698681947,146.75250698681947,0.0,0.0
114998663,50,aco,aco,26.987898934085507,26.987898934085507,0.0,0.0
85717935,50,ga,ga,17.827612230443812,17.827612230443812,0.0,0.0
150542435,50,ga,ga,20.351617972782357,20.351617972782357,0.0,0.0
69491864,50,aco,aco,21.32557077595832,21.32557077595832,0.0,0.0
55439907,50,aco,aco,7.999379883636233,7.999379883636233,0.0,0.0
120084893,50,aco,aco,18.68893007763416,18.68893007763416,0.0,0.0
159069350,50,aco,aco,24.50124814540026,24.50124814540026,0.0,0.0
8127995,50,ga,ga,42.96419867031131,42.96419867031131,0.0,0.0
250801004,50,sa,sa,237.4704769944581,237.4704769944581,0.0,0.0
62520737,50,aco,aco,8.112077429000525,8.112077429000525,0.0,0.0
113702173,50,aco,aco,103.36740155962556,103.36740155962556,0.0,0.0
530822898,50,sa,sa,280.8313916277764,280.8313916277764,0.0,0.0
120792976,50,aco,aco,21.92593413389648,21.92593413389648,0.0,0.0
36690667,50,aco,aco,28.431549036100595,28.431549036100595,0.0,0.0
21890735,50,aco,aco,97.96669032345476,97.96669032345476,0.0,0.0
85947314,50,aco,aco,10.251456526462398,10.251456526462398,0.0,0.0
86745154,50,ga,ga,43.33826178540957,43.33826178540957,0.0,0.0
4836905,50,aco,aco,32.618329202077994,32.618329202077994,0.0,0.0
132830387,50,aco,aco,61.64648736264324,61.64648736264324,0.0,0.0
41577437,50,aco,aco,41.76714637701939,41.76714637701939,0.0,0.0
107488994,50,aco,aco,68.06823426043215,68.06823426043215,0.0,0.0
199420108,50,ga,ga,35.419103751479234,35.419103751479234,0.0,0.0
197914185,50,aco,aco,31.41080700026026,31.41080700026026,0.0,0.0
21212571,50,aco,aco,16.461568135479165,16.461568135479165,0.0,0.0
16026611,50,sa,sa,142.91602881986978,142.91602881986978,0.0,0.0
154531635,50,aco,aco,24.718610660892185,24.718610660892185,0.0,0.0
8686483,50,aco,aco,76.41399338364334,76.41399338364334,0.0,0.0
192937658,50,aco,aco,18.402505523136675,18.402505523136675,0.0,0.0
101505194,50,aco,aco,67.96731885225442,67.96731885225442,0.0,0.0
887597,50,aco,aco,31.62731680315509,31.62731680315509,0.0,0.0
40400623,50,aco,aco,96.3729830282768,96.3729830282768,0.0,0.0
125041474,50,aco,aco,45.35679296390256,45.35679296390256,0.0,0.0
157703049,50,ga,ga,9.934204764006754,9.934204764006754,0.0,0.0
70519083,50,aco,aco,48.26676951704727,48.26676951704727,0.0,0.0
141536816,50,sa,sa,175.52360967518058,175.52360967518058,0.0,0.0
188300213,50,aco,aco,46.12897882908168,46.12897882908168,0.0,0.0
169780352,50,ga,ga,10.724369369065586,10.724369369065586,0.0,0.0
174028850,50,ga,ga,37.1165719750981,37.1165719750981,0.0,0.0
10252244,50,aco,aco,24.062448502779134,24.062448502779134,0.0,0.0
134465959,50,aco,aco,16.09298409964831,16.09298409964831,0.0,0.0
536946320,50,sa,sa,223.22084759078595,223.22084759078595,0.0,0.0
49286566,50,ga,ga,24.510809352720543,24.510809352720543,0.0,0.0
7230425,50,aco,aco,46.07331401820811,46.07331401820811,0.0,0.0
252117440,50,sa,sa,182.65465460488252,182.65465460488252,0.0,0.0
353542850,50,sa,sa,26.968098967243797,26.968098967243797,0.0,0.0
694808937,50,sa,sa,54.54790790121661,54.54790790121661,0.0,0.0
59648513,50,ga,ga,75.59871602845918,75.59871602845918,0.0,0.0
616949726,50,sa,sa,244.5309544938632,244.5309544938632,0.0,0.0
176631803,50,ga,ga,9.375320331639635,9.375320331639635,0.0,0.0
184121526,50,aco,aco,82.60123240068184,82.60123240068184,0.0,0.0
241177059,50,sa,sa,68.5539989406254,68.5539989406254,0.0,0.0
80721462,50,ga,ga,78.52616281364985,78.52616281364985,0.0,0.0
163766633,50,aco,aco,38.86367542848518,38.86367542848518,0.0,0.0
22499088,50,aco,aco,118.93103141981604,118.93103141981604,0.0,0.0
93237577,50,ga,ga,66.92184708770863,66.92184708770863,0.0,0.0
176312667,50,ga,ga,29.049340139073006,29.049340139073006,0.0,0.0
60885165,50,aco,aco,43.8524769321997,43.8524769321997,0.0,0.0
722105038,50,sa,sa,441.1008643195645,441.1008643195645,0.0,0.0
261970764,50,sa,sa,516.4307500603109,516.4307500603109,0.0,0.0
192977550,50,ga,ga,44.72714775810552,44.72714775810552,0.0,0.0
100507894,50,aco,aco,36.852369950697074,36.852369950697074,0.0,0.0
57394615,50,aco,aco,35.20295094423945,35.20295094423945,0.0,0.0
722793175,50,sa,sa,64.46517497002364,64.46517497002364,0.0,0.0
90794192,50,ga,ga,55.03029951230273,55.03029951230273,0.0,0.0
160355867,50,aco,aco,47.1709495306426,47.1709495306426,0.0,0.0
107209750,50,aco,aco,6.653549180276856,6.653549180276856,0.0,0.0
102612197,50,aco,aco,20.74581843959363,20.74581843959363,0.0,0.0
168902728,50,aco,aco,33.63504468030726,33.63504468030726,0.0,0.0
100198731,50,ga,ga,9.564419406291014,9.564419406291014,0.0,0.0
602718255,50,sa,sa,33.6560146017692,33.6560146017692,0.0,0.0
10401839,50,ga,ga,51.05471857996196,51.05471857996196,0.0,0.0
175953639,50,ga,ga,20.704956430874105,20.704956430874105,0.0,0.0
121530978,50,aco,aco,15.494793785494348,15.494793785494348,0.0,0.0
82267277,50,aco,aco,70.60010937109216,70.60010937109216,0.0,0.0
111188977,50,aco,aco,40.77766852957488,40.77766852957488,0.0,0.0
508194161,50,sa,sa,291.33884327464875,291.33884327464875,0.0,0.0
86665370,50,aco,aco,40.86342495995872,40.86342495995872,0.0,0.0
170578192,50,ga,ga,15.857307888469665,15.857307888469665,0.0,0.0
83643551,50,aco,aco,15.782649410965732,15.782649410965732,0.0,0.0
132720684,50,aco,aco,25.356340493096823,25.356340493096823,0.0,0.0
14161660,50,ga,ga,14.3374484432086,14.3374484432086,0.0,0.0
160455597,50,aco,aco,40.853911690634206,40.853911690634206,0.0,0.0
12835251,50,aco,aco,39.26833431619477,39.26833431619477,0.0,0.0
75176474,50,ga,ga,8.716851319931825,8.716851319931825,0.0,0.0
412293793,50,sa,sa,64.1654850007928,64.1654850007928,0.0,0.0
194712852,50,aco,aco,46.11792678200938,46.11792678200938,0.0,0.0
197624968,50,ga,ga,65.87927856668489,65.87927856668489,0.0,0.0
133348983,50,ga,ga,21.025975215330888,21.025975215330888,0.0,0.0
108595997,50,aco,aco,62.19774852605293,62.19774852605293,0.0,0.0
56676559,50,ga,ga,35.40700411501222,35.40700411501222,0.0,0.0
103878768,50,aco,aco,11.02665668281476,11.02665668281476,0.0,0.0
54482499,50,ga,ga,69.55476089650566,69.55476089650566,0.0,0.0
17582399,50,ga,ga,31.427905790476743,31.427905790476743,0.0,0.0
94923014,50,ga,ga,106.04825598057982,106.04825598057982,0.0,0.0
3001873,50,aco,aco,30.098174017431816,30.098174017431816,0.0,0.0
36331639,50,ga,ga,13.838449918710287,13.838449918710287,0.0,0.0
106282261,50,aco,aco,15.676253966599074,15.676253966599074,0.0,0.0
169680622,50,aco,aco,40.01042095944928,40.01042095944928,0.0,0.0
22169979,50,ga,ga,33.230191485942,33.230191485942,0.0,0.0
109683054,50,ga,ga,7.921411224877819,7.921411224877819,0.0,0.0
584597314,50,sa,sa,196.97233515137432,196.97233515137432,0.0,0.0
109563378,50,ga,ga,51.99643819884493,51.99643819884493,0.0,0.0
108895187,50,ga,ga,39.497668992271215,39.497668992271215,0.0,0.0
155319502,50,ga,ga,69.50125222604106,69.50125222604106,0.0,0.0
148278564,50,ga,ga,10.030140501619428,10.030140501619428,0.0,0.0
154471797,50,aco,aco,27.31187513314948,27.31187513314948,0.0,0.0
127285399,50,aco,aco,19.03098072825724,19.03098072825724,0.0,0.0
60476272,50,aco,aco,31.199224825093907,31.199224825093907,0.0,0.0
177559292,50,aco,aco,17.9617181932511,17.9617181932511,0.0,0.0
172971712,50,aco,aco,22.183588014709883,22.183588014709883,0.0,0.0
44649121,50,aco,aco,46.78630828914143,46.78630828914143,0.0,0.0
77081317,50,ga,ga,43.40324537297923,43.40324537297923,0.0,0.0
27495561,50,aco,aco,19.623774737590807,19.623774737590807,0.0,0.0
146692857,50,aco,aco,98.90585493767304,98.90585493767304,0.0,0.0
67487291,50,sa,sa,62.157568439350726,62.157568439350726,0.0,0.0
90255650,50,ga,ga,40.75858610158471,40.75858610158471,0.0,0.0
9294836,50,ga,ga,41.431612166074274,41.431612166074274,0.0,0.0
80900976,50,aco,aco,56.40009807084749,56.40009807084749,0.0,0.0
16275936,50,ga,ga,8.040051387465507,8.040051387465507,0.0,0.0
136470532,50,aco,aco,34.375869650923455,34.375869650923455,0.0,0.0
189816109,50,aco,aco,44.70338008575589,44.70338008575589,0.0,0.0
66400234,50,aco,aco,16.53047576895494,16.53047576895494,0.0,0.0
28662402,50,ga,ga,46.12326746930464,46.12326746930464,0.0,0.0
61822627,50,aco,aco,35.059212913806086,35.059212913806086,0.0,0.0
68354942,50,aco,aco,10.54001187787595,10.54001187787595,0.0,0.0
188679187,50,aco,aco,23.26288777752847,23.26288777752847,0.0,0.0
131234707,50,aco,aco,38.10761041282781,38.10761041282781,0.0,0.0
127564643,50,aco,aco,31.972276839682717,31.972276839682717,0.0,0.0
153683930,50,ga,ga,51.20702514838904,51.20702514838904,0.0,0.0
8796186,50,aco,aco,17.05561963602916,17.05561963602916,0.0,0.0
64555229,50,ga,ga,44.19756270541052,44.19756270541052,0.0,0.0
81190193,50,aco,aco,53.02528929745596,53.02528929745596,0.0,0.0
6223152,50,aco,aco,67.43643436378518,67.43643436378518,0.0,0.0
114340445,50,aco,aco,18.63925995565035,18.63925995565035,0.0,0.0
129250080,50,aco,aco,36.621731031166455,36.621731031166455,0.0,0.0
188629322,50,aco,aco,40.75328232373536,40.75328232373536,0.0,0.0
29151079,50,sa,sa,239.91292831070692,239.91292831070692,0.0,0.0
105534286,50,ga,ga,79.86469337214561,79.86469337214561,0.0,0.0
184510473,50,aco,aco,36.26294724664265,36.26294724664265,0.0,0.0
77210966,50,aco,aco,25.135037757794617,25.135037757794617,0.0,0.0
107439129,50,ga,ga,30.6515534976766,30.6515534976766,0.0,0.0
142195034,50,aco,aco,12.397353446945749,12.397353446945749,0.0,0.0
140280218,50,aco,aco,26.723911954056213,26.723911954056213,0.0,0.0
17771886,50,aco,aco,13.297960796311692,13.297960796311692,0.0,0.0
27345966,50,aco,aco,43.80546257242008,43.80546257242008,0.0,0.0
705549858,50,sa,sa,140.1309818142276,140.1309818142276,0.0,0.0
163168253,50,aco,aco,31.041225373571955,31.041225373571955,0.0,0.0
56935857,50,aco,aco,26.018993256007303,26.018993256007303,0.0,0.0
2403493,50,ga,ga,9.569335356732871,9.569335356732871,0.0,0.0
79265404,50,aco,aco,33.60220421175443,33.60220421175443,0.0,0.0
9244971,50,aco,aco,60.39530500652136,60.39530500652136,0.0,0.0
160405732,50,ga,ga,33.804957719374435,33.804957719374435,0.0,0.0
60456326,50,aco,aco,13.468191112803536,13.468191112803536,0.0,0.0
2812386,50,aco,aco,21.70377663914636,21.70377663914636,0.0,0.0
129708838,50,ga,ga,15.292474709737572,15.292474709737572,0.0,0.0
83872930,50,aco,aco,104.07267239468678,104.07267239468678,0.0,0.0
79424972,50,ga,ga,11.30066197763816,11.30066197763816,0.0,0.0
197874293,50,aco,aco,84.96878510837999,84.96878510837999,0.0,0.0
91711708,50,aco,aco,57.77171691567578,57.77171691567578,0.0,0.0
238195132,50,sa,sa,217.0741440057396,217.0741440057396,0.0,0.0
64525310,50,ga,ga,25.26043655364367,25.26043655364367,0.0,0.0
20344920,50,aco,aco,48.64082013901226,48.64082013901226,0.0,0.0
12675683,50,ga,ga,25.93579385822336,25.93579385822336,0.0,0.0
75665151,50,aco,aco,184.6963437340906,184.6963437340906,0.0,0.0
40071514,50,sa,sa,50.63018539575312,50.63018539575312,0.0,0.0
186515046,50,ga,ga,27.80012850253346,27.80012850253346,0.0,0.0
190982950,50,aco,aco,33.28451781300119,33.28451781300119,0.0,0.0
15677556,50,ga,ga,11.927497752031035,11.927497752031035,0.0,0.0
7619372,50,aco,aco,119.6259862985894,119.6259862985894,0.0,0.0
159039431,50,aco,aco,17.8899501262091,17.8899501262091,0.0,0.0
142793414,50,aco,aco,159.2213107626158,159.2213107626158,0.0,0.0
190643868,50,ga,ga,29.83601719626153,29.83601719626153,0.0,0.0
145835179,50,ga,ga,50.0272219146265,50.0272219146265,0.0,0.0
93456983,50,ga,ga,15.398488168088106,15.398488168088106,0.0,0.0
124034201,50,aco,aco,23.51804865164664,23.51804865164664,0.0,0.0
186096180,50,aco,aco,54.59210664280788,54.59210664280788,0.0,0.0
61304031,50,aco,aco,29.180827794721186,29.180827794721186,0.0,0.0
124652527,50,aco,aco,70.93584909558376,70.93584909558376,0.0,0.0
187602103,50,ga,ga,16.31887764210252,16.31887764210252,0.0,0.0
70020433,50,aco,aco,37.178464903264135,37.178464903264135,0.0,0.0
173570092,50,ga,ga,131.86910939488627,131.86910939488627,0.0,0.0
514686584,50,sa,sa,100.09095180691722,100.09095180691722,0.0,0.0
512691984,50,sa,sa,38.64853111028408,38.64853111028408,0.0,0.0
20723894,50,aco,aco,77.39024829319229,77.39024829319229,0.0,0.0
479830949,50,sa,sa,181.270291286912,181.270291286912,0.0,0.0
115846368,50,ga,ga,23.91231241975494,23.91231241975494,0.0,0.0
119267107,50,aco,aco,8.938671237540559,8.938671237540559,0.0,0.0
628299,50,aco,aco,90.51875771452626,90.51875771452626,0.0,0.0
355088665,50,sa,sa,80.77041657320865,80.77041657320865,0.0,0.0
76592640,50,ga,ga,16.80944750520179,16.80944750520179,0.0,0.0
185477854,50,aco,aco,153.5144282050687,153.5144282050687,0.0,0.0
102691981,50,aco,aco,192.5381579211774,192.5381579211774,0.0,0.0
193565957,50,aco,aco,21.43905447702064,21.43905447702064,0.0,0.0
158929728,50,aco,aco,29.488754675021664,29.488754675021664,0.0,0.0
38555618,50,aco,aco,14.873161421260187,14.873161421260187,0.0,0.0
46264747,50,ga,ga,22.13556105892065,22.13556105892065,0.0,0.0
164883609,50,aco,aco,19.21770036624325,19.21770036624325,0.0,0.0
98493348,50,aco,aco,32.969179745091665,32.969179745091665,0.0,0.0
130387002,50,aco,aco,16.913417324561557,16.913417324561557,0.0,0.0
63049306,50,aco,aco,55.06135142663764,55.06135142663764,0.0,0.0
76602613,50,aco,aco,49.37445087664064,49.37445087664064,0.0,0.0
57574129,50,aco,aco,10.73794371215331,10.73794371215331,0.0,0.0
158261537,50,aco,aco,106.31307992917677,106.31307992917677,0.0,0.0
1476004,50,aco,aco,46.217974636286726,46.217974636286726,0.0,0.0
149136242,50,ga,ga,96.01463566950017,96.01463566950017,0.0,0.0
52029141,50,ga,ga,12.550431074364576,12.550431074364576,0.0,0.0
28961592,50,ga,ga,47.25338726566917,47.25338726566917,0.0,0.0
157453724,50,ga,ga,69.4160902605594,69.4160902605594,0.0,0.0
6931235,50,ga,ga,25.01512304428058,25.01512304428058,0.0,0.0
152287710,50,ga,ga,23.12318203907237,23.12318203907237,0.0,0.0
23476442,50,ga,ga,56.363695783451774,56.363695783451774,0.0,0.0
134206661,50,ga,ga,19.023513081258844,19.023513081258844,0.0,0.0
30497434,50,ga,ga,19.41004703449584,19.41004703449584,0.0,0.0
155578800,50,ga,ga,59.214896083517054,59.214896083517054,0.0,0.0
130905598,50,ga,ga,84.54711779382706,84.54711779382706,0.0,0.0
49366350,50,aco,aco,15.005019428185946,15.005019428185946,0.0,0.0
61882465,50,aco,aco,20.904657994598274,20.904657994598274,0.0,0.0
275284719,50,sa,sa,70.19136601127337,70.19136601127337,0.0,0.0
22937900,50,aco,aco,102.06830198430475,102.06830198430475,0.0,0.0
64435553,50,ga,ga,41.91854192168159,41.91854192168159,0.0,0.0
280789815,50,sa,sa,60.51787332800141,60.51787332800141,0.0,0.0
25680475,50,aco,aco,108.61584274133205,108.61584274133205,0.0,0.0
93696335,50,aco,aco,37.77096290155893,37.77096290155893,0.0,0.0
67517210,50,ga,ga,30.530188700588635,30.530188700588635,0.0,0.0
181678141,50,sa,sa,148.99752420299603,148.99752420299603,0.0,0.0
18120941,50,aco,aco,52.38222349245173,52.38222349245173,0.0,0.0
119795676,50,aco,aco,9.009997225505256,9.009997225505256,0.0,0.0
61094598,50,aco,aco,80.52055633555682,80.52055633555682,0.0,0.0
52547737,50,ga,ga,38.355456677259305,38.355456677259305,0.0,0.0
54352850,50,aco,aco,43.737187503481046,43.737187503481046,0.0,0.0
130516651,50,ga,ga,27.819358260920357,27.819358260920357,0.0,0.0
60436380,50,aco,aco,32.61765208299783,32.61765208299783,0.0,0.0
355796748,50,sa,sa,147.55768311086138,147.55768311086138,0.0,0.0
46334558,50,aco,aco,37.9288445702017,37.9288445702017,0.0,0.0
614675882,50,sa,sa,38.329144566820034,38.329144566820034,0.0,0.0
89358080,50,aco,aco,35.42184491102278,35.42184491102278,0.0,0.0
87114155,50,aco,aco,10.73420059805019,10.73420059805019,0.0,0.0
108436429,50,aco,aco,63.68699638184098,63.68699638184098,0.0,0.0
561220602,50,sa,sa,53.26022010498882,53.26022010498882,0.0,0.0
461849630,50,sa,sa,65.93997203342278,65.93997203342278,0.0,0.0
64056579,50,aco,aco,43.46302484533267,43.46302484533267,0.0,0.0
21920654,50,ga,ga,12.43845559608495,12.43845559608495,0.0,0.0
93167766,50,aco,aco,34.16458527026704,34.16458527026704,0.0,0.0
106102747,50,aco,aco,26.40895821157504,26.40895821157504,0.0,0.0
22748413,50,ga,ga,11.789764329027305,11.789764329027305,0.0,0.0
327064535,50,sa,sa,176.20773783416007,176.20773783416007,0.0,0.0
192399116,50,aco,aco,101.97648857790854,101.97648857790854,0.0,0.0
204197175,50,sa,sa,354.80285151425403,354.80285151425403,0.0,0.0
21043030,50,ga,ga,36.17796508019667,36.17796508019667,0.0,0.0
94803338,50,ga,ga,61.92133768278403,61.92133768278403,0.0,0.0
94992825,50,aco,aco,26.461218778544737,26.461218778544737,0.0,0.0
300267084,50,sa,sa,177.48840952926855,177.48840952926855,0.0,0.0
83434118,50,aco,aco,27.125925587302596,27.125925587302596,0.0,0.0
36740532,50,aco,aco,35.416823085292464,35.416823085292464,0.0,0.0
138345456,50,ga,ga,10.260425742319974,10.260425742319974,0.0,0.0
99799811,50,aco,aco,26.563410596546987,26.563410596546987,0.0,0.0
153554281,50,aco,aco,9.342168018909703,9.342168018909703,0.0,0.0
175614557,50,ga,ga,19.31168393127404,19.31168393127404,0.0,0.0
343200849,50,sa,sa,276.6443340110411,276.6443340110411,0.0,0.0
146343802,50,aco,aco,57.79734413575791,57.79734413575791,0.0,0.0
173530200,50,ga,ga,5.568204175008509,5.568204175008509,0.0,0.0
137806914,50,aco,aco,36.55139302930915,36.55139302930915,0.0,0.0
105155312,50,aco,aco,37.91717666400166,37.91717666400166,0.0,0.0
183144172,50,aco,aco,67.44091930629206,67.44091930629206,0.0,0.0
155409259,50,aco,aco,27.08143242736896,27.08143242736896,0.0,0.0
141207707,50,aco,aco,38.733761422667705,38.733761422667705,0.0,0.0
27395831,50,aco,aco,127.48384588957472,127.48384588957472,0.0,0.0
84541121,50,aco,aco,18.857600988825816,18.857600988825816,0.0,0.0
66938776,50,ga,ga,14.92573108452784,14.92573108452784,0.0,0.0
121191896,50,aco,aco,12.333862202518242,12.333862202518242,0.0,0.0
164674176,50,aco,aco,20.815802874678344,20.815802874678344,0.0,0.0
59877892,50,aco,aco,78.11134486069643,78.11134486069643,0.0,0.0
48249374,50,ga,ga,10.899385957465114,10.899385957465114,0.0,0.0
51001922,50,ga,ga,44.03779364433005,44.03779364433005,0.0,0.0
101116247,50,ga,ga,8.648326909683556,8.648326909683556,0.0,0.0
139671865,50,ga,ga,19.112337210264847,19.112337210264847,0.0,0.0
144259445,50,ga,ga,14.511969291769091,14.511969291769091,0.0,0.0
166279829,50,aco,aco,15.237832303794592,15.237832303794592,0.0,0.0
109523486,50,aco,aco,25.805089414624856,25.805089414624856,0.0,0.0
59838,50,aco,aco,191.9372992644706,191.9372992644706,0.0,0.0
51610275,50,aco,aco,14.103522276705736,14.103522276705736,0.0,0.0
105394664,50,aco,aco,28.768858315098903,28.768858315098903,0.0,0.0
155618692,50,ga,ga,95.35519406924308,95.35519406924308,0.0,0.0
116993263,50,aco,ga,19.14166633934016,19.27331201818279,0.1316456788426308,0.0068774408930152115
79065944,50,aco,aco,130.9088571891519,130.9088571891519,0.0,0.0
192518792,50,ga,ga,15.306374615442838,15.306374615442838,0.0,0.0
557989350,50,sa,sa,171.6083898991384,171.6083898991384,0.0,0.0
63218847,50,ga,ga,99.63037349269032,99.63037349269032,0.0,0.0
335880667,50,sa,sa,65.6030484278464,65.6030484278464,0.0,0.0
167725914,50,sa,sa,174.7501261542834,174.7501261542834,0.0,0.0
150851598,50,ga,ga,57.13676616844969,57.13676616844969,0.0,0.0
55818881,50,ga,ga,33.864780497759014,33.864780497759014,0.0,0.0
60765489,50,aco,aco,14.903424429776068,14.903424429776068,0.0,0.0
138574835,50,ga,ga,78.66975033531037,78.66975033531037,0.0,0.0
3420739,50,aco,aco,67.49627566406727,67.49627566406727,0.0,0.0
47990076,50,ga,ga,337.7227042054745,337.7227042054745,0.0,0.0
319624677,50,sa,sa,182.0605902881148,182.0605902881148,0.0,0.0
72782954,50,aco,aco,73.36570212047035,73.36570212047035,0.0,0.0
37618156,50,aco,aco,100.88474046046612,100.88474046046612,0.0,0.0
56407288,50,aco,aco,18.393124479551155,18.393124479551155,0.0,0.0
24653256,50,aco,aco,159.97634412273015,159.97634412273015,0.0,0.0
146662938,50,ga,ga,66.29155189244588,66.29155189244588,0.0,0.0
126706965,50,aco,aco,160.1154691580739,160.1154691580739,0.0,0.0
104896014,50,aco,aco,34.545628819797805,34.545628819797805,0.0,0.0
53056360,50,aco,ga,7.909181378605707,10.450592900890946,2.541411522285239,0.321324218099201
142524143,50,ga,ga,44.2549206602372,44.2549206602372,0.0,0.0
126198342,50,aco,aco,53.299951666367846,53.299951666367846,0.0,0.0
594789720,50,sa,sa,303.94056621402177,303.94056621402177,0.0,0.0
154272337,50,ga,ga,38.47677491793375,38.47677491793375,0.0,0.0
159458297,50,aco,aco,37.59242033495103,37.59242033495103,0.0,0.0
23875362,50,ga,ga,165.7321446870046,165.7321446870046,0.0,0.0
198323078,50,ga,ga,31.047580229158832,31.047580229158832,0.0,0.0
30896354,50,ga,ga,14.211955524750971,14.211955524750971,0.0,0.0
164055850,50,ga,ga,45.13918795437549,45.13918795437549,0.0,0.0
192578630,50,aco,aco,48.1733448520455,48.1733448520455,0.0,0.0
55938557,50,ga,ga,62.02329847934556,62.02329847934556,0.0,0.0
171505681,50,aco,aco,21.00544181547613,21.00544181547613,0.0,0.0
96708181,50,sa,sa,71.52878505926101,71.52878505926101,0.0,0.0
67467345,50,aco,aco,8.188319539452522,8.188319539452522,0.0,0.0
185447935,50,aco,aco,21.05073057634183,21.05073057634183,0.0,0.0
46025395,50,sa,sa,640.6381130801204,640.6381130801204,0.0,0.0
17901535,50,aco,aco,8.52531615802866,8.52531615802866,0.0,0.0
162141034,50,aco,aco,86.53147161635985,86.53147161635985,0.0,0.0
110091947,50,aco,aco,42.402404134478445,42.402404134478445,0.0,0.0
191491573,50,ga,ga,18.976601783767105,18.976601783767105,0.0,0.0
191102626,50,aco,aco,17.018207748122194,17.018207748122194,0.0,0.0
157643211,50,aco,aco,43.59334208797623,43.59334208797623,0.0,0.0
195361097,50,aco,ga,61.36183166736286,65.04409649293729,3.6822648255744284,0.060009043496870584
67377588,50,aco,aco,69.43077015859171,69.43077015859171,0.0,0.0
124393229,50,aco,aco,13.59614695712112,13.59614695712112,0.0,0.0
119685973,50,ga,ga,79.35530688635755,79.35530688635755,0.0,0.0
10880543,50,aco,aco,54.77799373650567,54.77799373650567,0.0,0.0
67876238,50,ga,ga,18.31006248274567,18.31006248274567,0.0,0.0
84271850,50,aco,aco,36.13058255323359,36.13058255323359,0.0,0.0
5774367,50,aco,aco,12.352791406908034,12.352791406908034,0.0,0.0
2852278,50,ga,ga,40.99047351425952,40.99047351425952,0.0,0.0
132351683,50,ga,ga,17.19751467325309,17.19751467325309,0.0,0.0
137717157,50,aco,aco,14.16062782636508,14.16062782636508,0.0,0.0
137308264,50,aco,aco,20.86745786633754,20.86745786633754,0.0,0.0
122628008,50,aco,aco,13.899102643902271,13.899102643902271,0.0,0.0
51420788,50,aco,aco,16.620589519786243,16.620589519786243,0.0,0.0
88171293,50,aco,aco,23.036334594166075,23.036334594166075,0.0,0.0
172193818,50,aco,aco,7.823024762249398,7.823024762249398,0.0,0.0
132630927,50,aco,aco,58.23288967697495,58.23288967697495,0.0,0.0
83623605,50,aco,aco,17.059718325090753,17.059718325090753,0.0,0.0
102751819,50,ga,ga,64.70947423508235,64.70947423508235,0.0,0.0
40101433,50,aco,aco,41.10687611949312,41.10687611949312,0.0,0.0
22888035,50,ga,ga,59.24953761175091,59.24953761175091,0.0,0.0
82905549,50,ga,ga,51.38346100006584,51.38346100006584,0.0,0.0
129718811,50,aco,aco,79.18128668420505,79.18128668420505,0.0,0.0
159228918,50,sa,sa,158.30651958506715,158.30651958506715,0.0,0.0
49575783,50,aco,aco,22.19192519270335,22.19192519270335,0.0,0.0
197555157,50,aco,aco,16.105072931522017,16.105072931522017,0.0,0.0
857678,50,sa,aco,305.36858988306165,1012.8697161174996,707.501126234438,2.3168758990745237
65113717,50,aco,aco,87.84119146378882,87.84119146378882,0.0,0.0
65013987,50,ga,ga,47.838519225092966,47.838519225092966,0.0,0.0
99351026,50,aco,aco,71.93949064137006,71.93949064137006,0.0,0.0
5245798,50,ga,ga,63.80544762705978,63.80544762705978,0.0,0.0
10671110,50,aco,aco,10.088783790526811,10.088783790526811,0.0,0.0
403537499,50,sa,sa,1257.9958475704605,1257.9958475704605,0.0,0.0
189955731,50,aco,aco,23.7167449469868,23.7167449469868,0.0,0.0
30607137,50,aco,aco,19.379614195875583,19.379614195875583,0.0,0.0
34287174,50,aco,aco,29.66930399142168,29.66930399142168,0.0,0.0
161901682,50,ga,ga,17.353409997093493,17.353409997093493,0.0,0.0
149106323,50,ga,ga,11.332590597855688,11.332590597855688,0.0,0.0
65063852,50,aco,aco,22.083458719244405,22.083458719244405,0.0,0.0
178496754,50,aco,aco,297.3436336364836,297.3436336364836,0.0,0.0
161432951,50,aco,aco,33.590495558817096,33.590495558817096,0.0,0.0
196178883,50,ga,ga,19.619190893090675,19.619190893090675,0.0,0.0
103699254,50,aco,aco,59.26756307855452,59.26756307855452,0.0,0.0
109274161,50,aco,aco,24.76347021757045,24.76347021757045,0.0,0.0
73151955,50,aco,aco,9.51926137015067,9.51926137015067,0.0,0.0
30228163,50,ga,ga,76.86501957423778,76.86501957423778,0.0,0.0
156117342,50,aco,aco,39.18373087631255,39.18373087631255,0.0,0.0
54013768,50,aco,aco,41.19178413003112,41.19178413003112,0.0,0.0
6761694,50,ga,ga,13.342065966809622,13.342065966809622,0.0,0.0
131384302,50,aco,aco,54.66497805139615,54.66497805139615,0.0,0.0
97236750,50,aco,aco,12.30549394209369,12.30549394209369,0.0,0.0
129000755,50,aco,aco,10.442358744250358,10.442358744250358,0.0,0.0
56147990,50,aco,aco,31.255759161636355,31.255759161636355,0.0,0.0
45197636,50,aco,aco,15.94707101348882,15.94707101348882,0.0,0.0
52986549,50,ga,ga,25.017322589399164,25.017322589399164,0.0,0.0
138315537,50,aco,aco,36.407928959112205,36.407928959112205,0.0,0.0
179853082,50,aco,aco,85.0776886845388,85.0776886845388,0.0,0.0
148089077,50,ga,ga,7.309941753694431,7.309941753694431,0.0,0.0
112325899,50,ga,ga,24.18834316713255,24.18834316713255,0.0,0.0
127056020,50,aco,aco,160.02860580932554,160.02860580932554,0.0,0.0
155149961,50,aco,aco,54.65577532917212,54.65577532917212,0.0,0.0
136370802,50,ga,ga,7.095211980478039,7.095211980478039,0.0,0.0
181378951,50,aco,aco,16.075121606846796,16.075121606846796,0.0,0.0
126527451,50,ga,ga,26.078510358217155,26.078510358217155,0.0,0.0
142334656,50,ga,ga,122.68112232409857,122.68112232409857,0.0,0.0
198452727,50,ga,ga,71.28144819432313,71.28144819432313,0.0,0.0
80322542,50,ga,ga,61.56517323936596,61.56517323936596,0.0,0.0
125470313,50,aco,aco,73.65476032925415,73.65476032925415,0.0,0.0
175445016,50,ga,ga,72.9316525882884,72.9316525882884,0.0,0.0
141746249,50,aco,aco,12.993982366224136,12.993982366224136,0.0,0.0
184420716,50,ga,ga,30.24388762751397,30.24388762751397,0.0,0.0
49107052,50,aco,aco,33.73717360155229,33.73717360155229,0.0,0.0
199220648,50,ga,ga,12.207710926139544,12.207710926139544,0.0,0.0
155658584,50,ga,ga,49.5788002892122,49.5788002892122,0.0,0.0
108067428,50,ga,ga,28.29170097113714,28.29170097113714,0.0,0.0
90036244,50,aco,aco,70.759349009199,70.759349009199,0.0,0.0
121680573,50,aco,aco,38.68933044230531,38.68933044230531,0.0,0.0
105634016,50,ga,ga,41.68182946328089,41.68182946328089,0.0,0.0
539858436,50,sa,sa,178.80379455423406,178.80379455423406,0.0,0.0
52537764,50,ga,ga,73.59531447619298,73.59531447619298,0.0,0.0
97785265,50,aco,aco,9.75065284958826,9.75065284958826,0.0,0.0
115836395,50,aco,aco,34.207320876400736,34.207320876400736,0.0,0.0
459356380,50,sa,sa,66.08399275675794,66.08399275675794,0.0,0.0
131174869,50,aco,aco,50.21089192050344,50.21089192050344,0.0,0.0
388897135,50,sa,sa,230.9034960180924,230.9034960180924,0.0,0.0
14002092,50,aco,aco,77.38882261969322,77.38882261969322,0.0,0.0
54133444,50,aco,aco,10.283672806588898,10.283672806588898,0.0,0.0
485256261,50,sa,sa,41.48890241366529,41.48890241366529,0.0,0.0
196378343,50,sa,sa,1055.1918052677124,1055.1918052677124,0.0,0.0
618784758,50,sa,sa,316.02781493652606,316.02781493652606,0.0,0.0
122707792,50,aco,aco,22.69576976829377,22.69576976829377,0.0,0.0
88470483,50,aco,aco,15.600544629652,15.600544629652,0.0,0.0
181309140,50,ga,ga,22.411507993963284,22.411507993963284,0.0,0.0
148418186,50,ga,ga,42.563337688071975,42.563337688071975,0.0,0.0
27545426,50,sa,sa,113.00943288250524,113.00943288250524,0.0,0.0
187103453,50,aco,aco,48.895767416504455,48.895767416504455,0.0,0.0
173011604,50,ga,ga,83.42879660590904,83.42879660590904,0.0,0.0
4537715,50,aco,aco,15.923260530879055,15.923260530879055,0.0,0.0
86047044,50,aco,aco,10.142465635082242,10.142465635082242,0.0,0.0
140619300,50,aco,aco,61.27853522506467,61.27853522506467,0.0,0.0
160445624,50,aco,aco,90.2736166121518,90.2736166121518,0.0,0.0
74398580,50,aco,aco,58.27832973478026,58.27832973478026,0.0,0.0
24034930,50,aco,aco,17.225177394830492,17.225177394830492,0.0,0.0
22698548,50,aco,ga,172.543350502618,184.24455875511816,11.701208252500152,0.06781604865336499
147829779,50,aco,aco,9.89615546523248,9.89615546523248,0.0,0.0
90933814,50,ga,ga,36.40943092630705,36.40943092630705,0.0,0.0
135463259,50,ga,ga,41.54756957503745,41.54756957503745,0.0,0.0
237985699,50,sa,sa,207.6581549407108,207.6581549407108,0.0,0.0
6522342,50,ga,ga,37.915706798422114,37.915706798422114,0.0,0.0
33609010,50,ga,ga,18.139510660001196,18.139510660001196,0.0,0.0
89856730,50,aco,aco,37.72169836508165,37.72169836508165,0.0,0.0
41687140,50,aco,aco,7.895610634213774,7.895610634213774,0.0,0.0
748274190,50,sa,sa,82.39517688275383,82.39517688275383,0.0,0.0
5814259,50,aco,aco,87.3765203148794,87.3765203148794,0.0,0.0
191391843,50,aco,aco,57.79665843105419,57.79665843105419,0.0,0.0
64126390,50,aco,aco,44.30277190358591,44.30277190358591,0.0,0.0
57833427,50,ga,ga,15.58174625941249,15.58174625941249,0.0,0.0
9713702,50,aco,aco,17.81471047313679,17.81471047313679,0.0,0.0
104377418,50,aco,aco,11.007234813644924,11.007234813644924,0.0,0.0
62909684,50,ga,ga,49.03407705649832,49.03407705649832,0.0,0.0
3131522,50,aco,aco,32.68171001903104,32.68171001903104,0.0,0.0
178097834,50,aco,aco,33.58804579786458,33.58804579786458,0.0,0.0
37249155,50,ga,ga,62.17294598467252,62.17294598467252,0.0,0.0
145157015,50,ga,ga,14.19126198240363,14.19126198240363,0.0,0.0
167536427,50,sa,sa,57.87850746210242,57.87850746210242,0.0,0.0
161044004,50,aco,aco,23.6520496537892,23.6520496537892,0.0,0.0
339590623,50,sa,sa,89.4625676770652,89.4625676770652,0.0,0.0
173440443,50,ga,ga,30.96049758852912,30.96049758852912,0.0,0.0
165731314,50,aco,aco,57.20665530380865,57.20665530380865,0.0,0.0
76253558,50,ga,ga,41.87191871784621,41.87191871784621,0.0,0.0
13074603,50,aco,aco,4.873582945576826,4.873582945576826,0.0,0.0
3650118,50,aco,aco,80.3144750415011,80.3144750415011,0.0,0.0
23257036,50,aco,aco,13.023123443733702,13.023123443733702,0.0,0.0
175474935,50,aco,aco,48.22477121302158,48.22477121302158,0.0,0.0
34516553,50,aco,aco,39.007783735778624,39.007783735778624,0.0,0.0
124333391,50,ga,ga,98.03376775669432,98.03376775669432,0.0,0.0
105135366,50,aco,aco,39.87272764233252,39.87272764233252,0.0,0.0
151340275,50,ga,ga,109.8078246625393,109.8078246625393,0.0,0.0
61712924,50,ga,ga,31.90575871966867,31.90575871966867,0.0,0.0
150143515,50,aco,aco,30.813602393607805,30.813602393607805,0.0,0.0
172612684,50,ga,ga,45.54768963939922,45.54768963939922,0.0,0.0
101315707,50,aco,aco,33.38690072151262,33.38690072151262,0.0,0.0
103938606,50,aco,aco,37.12393196477757,37.12393196477757,0.0,0.0
180940139,50,aco,aco,26.414074192165128,26.414074192165128,0.0,0.0
27086668,50,aco,aco,34.96492941030657,34.96492941030657,0.0,0.0
449313569,50,sa,sa,292.13215795947474,292.13215795947474,0.0,0.0
110750165,50,aco,aco,76.0573870231425,76.0573870231425,0.0,0.0
167267156,50,aco,aco,10.14562951190975,10.14562951190975,0.0,0.0
22568899,50,ga,ga,14.976299831957768,14.976299831957768,0.0,0.0
181299167,50,ga,ga,63.374858099195805,63.374858099195805,0.0,0.0
50832381,50,ga,ga,24.06096069463336,24.06096069463336,0.0,0.0
98234050,50,aco,aco,6.561364659579801,6.561364659579801,0.0,0.0
83902849,50,ga,ga,43.4361275213414,43.4361275213414,0.0,0.0
179055242,50,aco,aco,8.07381226203281,8.07381226203281,0.0,0.0
156516262,50,ga,ga,53.5544381384149,53.5544381384149,0.0,0.0
228321862,50,sa,sa,179.03038783839065,179.03038783839065,0.0,0.0
149654838,50,aco,aco,6.767734044046981,6.767734044046981,0.0,0.0
32651602,50,aco,aco,23.448016611385604,23.448016611385604,0.0,0.0
24254336,50,aco,aco,47.42559136691394,47.42559136691394,0.0,0.0
122987036,50,aco,aco,97.09447897720514,97.09447897720514,0.0,0.0
11439031,50,ga,ga,11.054374771118182,11.054374771118182,0.0,0.0
66719370,50,ga,ga,31.68118873705763,31.68118873705763,0.0,0.0
91671816,50,aco,aco,31.881662155525827,31.881662155525827,0.0,0.0
192718252,50,aco,aco,26.82323700875525,26.82323700875525,0.0,0.0
125340664,50,ga,ga,20.846982386797954,20.846982386797954,0.0,0.0
97017344,50,aco,aco,50.52726133834422,50.52726133834422,0.0,0.0
709389463,50,sa,sa,147.11518241874214,147.11518241874214,0.0,0.0
66031233,50,aco,aco,14.255544838589032,14.255544838589032,0.0,0.0
95780692,50,aco,aco,86.18371398865509,86.18371398865509,0.0,0.0
18400185,50,aco,aco,40.81172171357533,40.81172171357533,0.0,0.0
627251835,50,sa,sa,317.10664708418835,317.10664708418835,0.0,0.0
171046923,50,aco,aco,20.914291658563304,20.914291658563304,0.0,0.0
106641289,50,ga,ga,33.99493063321321,33.99493063321321,0.0,0.0
108406510,50,aco,aco,124.45886261784956,124.45886261784956,0.0,0.0
81090463,50,aco,aco,31.414308719513578,31.414308719513578,0.0,0.0
141417140,50,ga,ga,48.01500812835426,48.01500812835426,0.0,0.0
40510326,50,aco,aco,37.46308253189565,37.46308253189565,0.0,0.0
300386760,50,sa,sa,182.80553521497384,182.80553521497384,0.0,0.0
102392791,50,aco,aco,12.32620332365648,12.32620332365648,0.0,0.0
57464426,50,ga,ga,28.398955593794952,28.398955593794952,0.0,0.0
10411812,50,aco,aco,6.668480482020823,6.668480482020823,0.0,0.0
39632702,50,aco,aco,68.17993298127953,68.17993298127953,0.0,0.0
2732602,50,aco,aco,70.35012739838224,70.35012739838224,0.0,0.0
34097687,50,ga,ga,13.445606282753126,13.445606282753126,0.0,0.0
95212231,50,aco,aco,37.20023102359791,37.20023102359791,0.0,0.0
64714797,50,aco,aco,18.835304966882497,18.835304966882497,0.0,0.0
9603999,50,ga,ga,8.777644611318923,8.777644611318923,0.0,0.0
114260661,50,aco,aco,38.96005655719879,38.96005655719879,0.0,0.0
196607722,50,ga,ga,38.90212651801851,38.90212651801851,0.0,0.0
151220599,50,aco,aco,24.004842782557933,24.004842782557933,0.0,0.0
179414270,50,aco,aco,55.65236881370768,55.65236881370768,0.0,0.0
79036025,50,aco,aco,7.492680630648778,7.492680630648778,0.0,0.0
144419013,50,ga,ga,10.743505718571605,10.743505718571605,0.0,0.0
74717716,50,aco,aco,9.849315671155768,9.849315671155768,0.0,0.0
15188879,50,aco,aco,29.19441837939601,29.19441837939601,0.0,0.0
80402326,50,aco,aco,12.334711889683888,12.334711889683888,0.0,0.0
16724721,50,aco,aco,72.91067650151118,72.91067650151118,0.0,0.0
505391748,50,sa,sa,88.5158062911984,88.5158062911984,0.0,0.0
155010339,50,ga,ga,91.77960248367216,91.77960248367216,0.0,0.0
107090074,50,aco,aco,27.98820978737801,27.98820978737801,0.0,0.0
46364477,50,aco,aco,6.796439810309874,6.796439810309874,0.0,0.0
41497653,50,ga,ga,22.42620363369189,22.42620363369189,0.0,0.0
64615067,50,ga,ga,25.762686374609974,25.762686374609974,0.0,0.0
73062198,50,ga,ga,37.831266318088296,37.831266318088296,0.0,0.0
162091169,50,ga,ga,12.318482730417331,12.318482730417331,0.0,0.0
15767313,50,ga,ga,38.59885725458943,38.59885725458943,0.0,0.0
83703389,50,aco,aco,23.311217184851863,23.311217184851863,0.0,0.0
224173094,50,sa,sa,76.10477177241759,76.10477177241759,0.0,0.0
82915522,50,ga,ga,39.44311941546746,39.44311941546746,0.0,0.0
67577048,50,ga,ga,8.43209024604233,8.43209024604233,0.0,0.0
132092385,50,aco,aco,38.89956186426562,38.89956186426562,0.0,0.0
66819100,50,ga,ga,34.380918098342555,34.380918098342555,0.0,0.0
178506727,50,aco,aco,91.69138980902468,91.69138980902468,0.0,0.0
9693756,50,ga,ga,45.71326470199882,45.71326470199882,0.0,0.0
10371920,50,ga,ga,15.18308583657402,15.18308583657402,0.0,0.0
164534554,50,ga,ga,48.67162095150026,48.67162095150026,0.0,0.0
153574227,50,aco,aco,37.1624065159699,37.1624065159699,0.0,0.0
36720586,50,ga,ga,22.56538045101299,22.56538045101299,0.0,0.0
150492570,50,aco,aco,20.42867673550607,20.42867673550607,0.0,0.0
5913989,50,aco,aco,14.997353140178973,14.997353140178973,0.0,0.0
132989955,50,aco,aco,84.08507734431655,84.08507734431655,0.0,0.0
160864490,50,aco,aco,72.92002212478765,72.92002212478765,0.0,0.0
75316096,50,aco,aco,30.11062651892322,30.11062651892322,0.0,0.0
63677605,50,ga,ga,101.1436186397252,101.1436186397252,0.0,0.0
98722727,50,sa,sa,191.30722526888053,191.30722526888053,0.0,0.0
30597164,50,aco,aco,21.09880778258364,21.09880778258364,0.0,0.0
107259615,50,ga,ga,18.302634227717284,18.302634227717284,0.0,0.0
658218,50,aco,aco,120.2660403905444,120.2660403905444,0.0,0.0
84381553,50,ga,ga,24.62434027697007,24.62434027697007,0.0,0.0
195899639,50,aco,aco,61.11388676155187,61.11388676155187,0.0,0.0
17532534,50,aco,aco,14.10310197312446,14.10310197312446,0.0,0.0
5874097,50,aco,aco,13.30596734310385,13.30596734310385,0.0,0.0
126657100,50,aco,aco,46.41931983924224,46.41931983924224,0.0,0.0
143760795,50,aco,aco,89.82258581832282,89.82258581832282,0.0,0.0
91193112,50,aco,aco,11.400890598564402,11.400890598564402,0.0,0.0
62061979,50,aco,aco,65.44141599401118,65.44141599401118,0.0,0.0
428719324,50,sa,sa,168.57617514865922,168.57617514865922,0.0,0.0
181139599,50,ga,ga,10.006649205888218,10.006649205888218,0.0,0.0
24314174,50,aco,aco,61.17949453628603,61.17949453628603,0.0,0.0
11538761,50,aco,aco,19.72146345102626,19.72146345102626,0.0,0.0
330614923,50,sa,sa,163.06794611613398,163.06794611613398,0.0,0.0
517339402,50,sa,sa,38.44200454199177,38.44200454199177,0.0,0.0
145067258,50,aco,aco,37.67089079637287,37.67089079637287,0.0,0.0
131513951,50,aco,aco,31.907414242632523,31.907414242632523,0.0,0.0
9953054,50,aco,aco,23.516860667075782,23.516860667075782,0.0,0.0
160844544,50,aco,aco,26.384920955504317,26.384920955504317,0.0,0.0
167217291,50,ga,ga,18.625003741461438,18.625003741461438,0.0,0.0
321280195,50,sa,sa,53.71805801592071,53.71805801592071,0.0,0.0
76153828,50,aco,aco,157.98433290730435,157.98433290730435,0.0,0.0
148687457,50,aco,aco,45.01542888369229,45.01542888369229,0.0,0.0
163078496,50,aco,aco,35.97670535044213,35.97670535044213,0.0,0.0
137338183,50,ga,ga,7.221314245647086,7.221314245647086,0.0,0.0
14510715,50,aco,aco,58.57580030719749,58.57580030719749,0.0,0.0
194244121,50,aco,aco,6.503541835782406,6.503541835782406,0.0,0.0
157962347,50,ga,ga,31.98981603958606,31.98981603958606,0.0,0.0
26657829,50,aco,aco,20.25171836518512,20.25171836518512,0.0,0.0
722424174,50,sa,sa,90.3547519565164,90.3547519565164,0.0,0.0
137348156,50,ga,ga,21.13064590141968,21.13064590141968,0.0,0.0
56177909,50,ga,ga,8.04086441163222,8.04086441163222,0.0,0.0
173290848,50,ga,ga,53.25676204926623,53.25676204926623,0.0,0.0
162839144,50,ga,ga,26.577330679052334,26.577330679052334,0.0,0.0
48757997,50,aco,aco,27.754684023827597,27.754684023827597,0.0,0.0
5933935,50,aco,aco,85.37118747635918,85.37118747635918,0.0,0.0
17013938,50,aco,aco,13.908084153694125,13.908084153694125,0.0,0.0
425767316,50,sa,sa,108.1940538267613,108.1940538267613,0.0,0.0
80821192,50,ga,ga,12.54693814759684,12.54693814759684,0.0,0.0
104128093,50,ga,ga,35.57953276826744,35.57953276826744,0.0,0.0
23576172,50,ga,sa,145.17054994197292,190.73945599686405,45.56890605489113,0.31389910745055233
19656783,50,aco,aco,17.476577593248795,17.476577593248795,0.0,0.0
190454381,50,aco,aco,31.480936297097315,31.480936297097315,0.0,0.0
169052323,50,aco,aco,50.565153165935,50.565153165935,0.0,0.0
88989079,50,aco,aco,36.10615941638685,36.10615941638685,0.0,0.0
86007152,50,aco,aco,33.32276328737929,33.32276328737929,0.0,0.0
152387440,50,ga,aco,38.7082426649614,88.31791632035262,49.60967365539122,1.281630739085393
87852157,50,aco,aco,21.419298420880104,21.419298420880104,0.0,0.0
94893095,50,ga,ga,26.253477634785803,26.253477634785803,0.0,0.0
45686313,50,aco,aco,7.37570670405314,7.37570670405314,0.0,0.0
220153975,50,sa,sa,106.9121693462755,106.9121693462755,0.0,0.0
26807424,50,ga,ga,17.47942002201497,17.47942002201497,0.0,0.0
629196570,50,sa,sa,123.90863835931997,123.90863835931997,0.0,0.0
69432026,50,aco,aco,52.41828625357686,52.41828625357686,0.0,0.0
162948847,50,aco,aco,7.299690204807718,7.299690204807718,0.0,0.0
194772690,50,aco,aco,6.686013714258861,6.686013714258861,0.0,0.0
65353069,50,ga,ga,78.07041000637027,78.07041000637027,0.0,0.0
105943179,50,aco,aco,38.49798681108654,38.49798681108654,0.0,0.0
177449589,50,ga,ga,16.702042328939086,16.702042328939086,0.0,0.0
123156577,50,aco,aco,26.98441898637405,26.98441898637405,0.0,0.0
170558246,50,ga,ga,9.165506061861525,9.165506061861525,0.0,0.0
121311572,50,ga,ga,98.76350099706444,98.76350099706444,0.0,0.0
75774854,50,ga,ga,50.3189938938007,50.3189938938007,0.0,0.0
128502105,50,aco,aco,129.74240906184286,129.74240906184286,0.0,0.0
63398361,50,ga,ga,34.80606120125952,34.80606120125952,0.0,0.0
128482159,50,ga,ga,44.21598468110897,44.21598468110897,0.0,0.0
133219334,50,sa,sa,48.632489278411846,48.632489278411846,0.0,0.0
523193553,50,sa,sa,121.90658291786391,121.90658291786391,0.0,0.0
89427891,50,sa,sa,115.02952155508008,115.02952155508008,0.0,0.0
137178615,50,aco,aco,22.465432715744573,22.465432715744573,0.0,0.0
47012722,50,aco,aco,33.186339126654445,33.186339126654445,0.0,0.0
156586073,50,aco,aco,54.07983767715522,54.07983767715522,0.0,0.0
130696165,50,aco,aco,42.2189233606032,42.2189233606032,0.0,0.0
185208583,50,ga,ga,57.878099095426265,57.878099095426265,0.0,0.0
136530370,50,aco,aco,45.47643868866705,45.47643868866705,0.0,0.0
82057844,50,aco,aco,30.433652160923188,30.433652160923188,0.0,0.0
47202209,50,ga,aco,85.36423741620735,86.09063374473162,0.7263963285242738,0.00850937524320178
78776727,50,ga,ga,90.1505416471535,90.1505416471535,0.0,0.0
88999052,50,aco,aco,16.153595396508987,16.153595396508987,0.0,0.0
111917006,50,aco,aco,57.776072522460495,57.776072522460495,0.0,0.0
20005838,50,ga,ga,56.79324520374048,56.79324520374048,0.0,0.0
76891830,50,aco,aco,41.8720561297442,41.8720561297442,0.0,0.0
63986768,50,aco,aco,103.20746154153773,103.20746154153773,0.0,0.0
118170077,50,ga,ga,10.886804621549656,10.886804621549656,0.0,0.0
81030625,50,aco,aco,6.027204186434744,6.027204186434744,0.0,0.0
100647516,50,ga,ga,36.76299910308286,36.76299910308286,0.0,0.0
697282241,50,sa,sa,39.53359877861254,39.53359877861254,0.0,0.0
16595072,50,aco,aco,24.41763684957896,24.41763684957896,0.0,0.0
100517867,50,ga,ga,7.19206723318892,7.19206723318892,0.0,0.0
175993531,50,aco,aco,81.33609323616434,81.33609323616434,0.0,0.0
26947046,50,aco,aco,12.36272157898384,12.36272157898384,0.0,0.0
65941476,50,ga,ga,118.86692400021924,118.86692400021924,0.0,0.0
97795238,50,ga,ga,9.179038148062354,9.179038148062354,0.0,0.0
59528837,50,aco,aco,10.815542548075747,10.815542548075747,0.0,0.0
145356475,50,aco,aco,100.9060013024176,100.9060013024176,0.0,0.0
36132179,50,sa,sa,159.67733013412507,159.67733013412507,0.0,0.0
119845541,50,ga,ga,50.6267780959927,50.6267780959927,0.0,0.0
127046047,50,aco,aco,34.865413803538985,34.865413803538985,0.0,0.0
57604048,50,ga,sa,18.96879018882468,53.09281076383407,34.124020575009396,1.7989560870947534
51909465,50,aco,aco,23.372089472007424,23.372089472007424,0.0,0.0
102961252,50,ga,ga,90.00262536691852,90.00262536691852,0.0,0.0
50563110,50,aco,aco,83.61676178400486,83.61676178400486,0.0,0.0
98932160,50,ga,ga,10.338488762691036,10.338488762691036,0.0,0.0
114210796,50,ga,ga,52.85951599847667,52.85951599847667,0.0,0.0
211068572,50,sa,sa,128.02824683403202,128.02824683403202,0.0,0.0
388947,50,ga,ga,113.1214135643898,113.1214135643898,0.0,0.0
68464645,50,aco,aco,17.575702331690962,17.575702331690962,0.0,0.0
31644329,50,aco,aco,23.113191298406303,23.113191298406303,0.0,0.0
171675222,50,ga,ga,60.609255911567374,60.609255911567374,0.0,0.0
151061031,50,ga,ga,32.938481256760646,32.938481256760646,0.0,0.0
157792806,50,aco,aco,89.68905177532488,89.68905177532488,0.0,0.0
426186182,50,sa,sa,28.070147740070237,28.070147740070237,0.0,0.0
64335823,50,ga,ga,98.45413714259448,98.45413714259448,0.0,0.0
78976187,50,aco,aco,14.647179839585906,14.647179839585906,0.0,0.0
158052104,50,ga,ga,27.333210401301173,27.333210401301173,0.0,0.0
96748073,50,aco,aco,23.266293916574263,23.266293916574263,0.0,0.0
60625867,50,ga,ga,41.10761779519567,41.10761779519567,0.0,0.0
129429594,50,ga,ga,18.559199372519576,18.559199372519576,0.0,0.0
160335921,50,aco,aco,10.89683335537012,10.89683335537012,0.0,0.0
184630149,50,ga,ga,8.815911122674176,8.815911122674176,0.0,0.0
25510934,50,ga,ga,52.196343968230025,52.196343968230025,0.0,0.0
173889228,50,aco,aco,49.164744421209406,49.164744421209406,0.0,0.0
39493080,50,sa,sa,84.11549418015731,84.11549418015731,0.0,0.0
128980809,50,ga,ga,35.37090048586377,35.37090048586377,0.0,0.0
104387391,50,aco,aco,87.01412742319624,87.01412742319624,0.0,0.0
109094647,50,ga,ga,53.12520311963907,53.12520311963907,0.0,0.0
142853252,50,ga,ga,158.98234799233182,158.98234799233182,0.0,0.0
44010849,50,aco,aco,59.60059175200974,59.60059175200974,0.0,0.0
29549999,50,aco,aco,41.06715827367677,41.06715827367677,0.0,0.0
148507943,50,aco,aco,47.11596931982684,47.11596931982684,0.0,0.0
133468659,50,ga,ga,10.598934498152534,10.598934498152534,0.0,0.0
58581402,50,aco,aco,44.08028118148774,44.08028118148774,0.0,0.0
150442705,50,aco,aco,58.5759439715246,58.5759439715246,0.0,0.0
29230863,50,ga,ga,23.251985755579145,23.251985755579145,0.0,0.0
94334607,50,aco,aco,35.01518543305593,35.01518543305593,0.0,0.0
13034711,50,aco,aco,73.8302192725231,73.8302192725231,0.0,0.0
86326288,50,aco,aco,54.45168329857799,54.45168329857799,0.0,0.0
105075528,50,aco,aco,23.4786386702987,23.4786386702987,0.0,0.0
61982195,50,ga,ga,45.94014224000792,45.94014224000792,0.0,0.0
89587459,50,aco,aco,25.79829815712736,25.79829815712736,0.0,0.0
175724260,50,aco,aco,30.430170702255477,30.430170702255477,0.0,0.0
144678311,50,aco,aco,8.678088824360463,8.678088824360463,0.0,0.0
123006982,50,aco,aco,19.37867883496849,19.37867883496849,0.0,0.0
157992266,50,aco,aco,26.50278246740512,26.50278246740512,0.0,0.0
69202647,50,aco,aco,55.94440172991678,55.94440172991678,0.0,0.0
33399577,50,aco,aco,115.86070055569752,115.86070055569752,0.0,0.0
129848460,50,ga,ga,9.6007053326964,9.6007053326964,0.0,0.0
30337866,50,aco,aco,31.087430063231416,31.087430063231416,0.0,0.0
147440832,50,aco,aco,60.003534753282,60.003534753282,0.0,0.0
112166331,50,aco,aco,28.25952461721095,28.25952461721095,0.0,0.0
195690206,50,ga,ga,88.43264423243468,88.43264423243468,0.0,0.0
142185061,50,aco,aco,10.317539685018886,10.317539685018886,0.0,0.0
68973268,50,aco,aco,7.532168960200788,7.532168960200788,0.0,0.0
25141933,50,ga,ga,7.974486886718877,7.974486886718877,0.0,0.0
198512565,50,aco,aco,17.374510528424615,17.374510528424615,0.0,0.0
5195933,50,aco,aco,75.8990476493814,75.8990476493814,0.0,0.0
191152491,50,aco,aco,27.606663670477232,27.606663670477232,0.0,0.0
102063682,50,aco,aco,65.62776509500996,65.62776509500996,0.0,0.0
94095255,50,aco,aco,21.83662708079301,21.83662708079301,0.0,0.0
100717327,50,sa,sa,17.529375331026465,17.529375331026465,0.0,0.0
146393667,50,ga,ga,55.5796975832225,55.5796975832225,0.0,0.0
95122474,50,aco,ga,25.11856114614373,29.715985892053062,4.597424745909333,0.18302898478781465
39343485,50,aco,aco,29.629626177085854,29.629626177085854,0.0,0.0
118648781,50,aco,aco,92.63516650054694,92.63516650054694,0.0,0.0
177030723,50,aco,aco,17.313638797845567,17.313638797845567,0.0,0.0
112206223,50,aco,aco,13.145493854682089,13.145493854682089,0.0,0.0
11518815,50,aco,aco,8.70603839485238,8.70603839485238,0.0,0.0
185288367,50,aco,aco,15.411821882184864,15.411821882184864,0.0,0.0
676318995,50,sa,sa,49.7100394045657,49.7100394045657,0.0,0.0
156855344,50,aco,aco,77.98082546878976,77.98082546878976,0.0,0.0
103908687,50,ga,ga,45.46543764127398,45.46543764127398,0.0,0.0
151579627,50,aco,aco,12.574928515629932,12.574928515629932,0.0,0.0
120842841,50,aco,aco,35.854552568496416,35.854552568496416,0.0,0.0
478424756,50,sa,sa,283.19544485859603,283.19544485859603,0.0,0.0
23536280,50,aco,aco,53.52699900368332,53.52699900368332,0.0,0.0
142474278,50,aco,aco,12.070975305646977,12.070975305646977,0.0,0.0
102701954,50,ga,ga,34.507427571547495,34.507427571547495,0.0,0.0
154980420,50,aco,aco,57.17817082855609,57.17817082855609,0.0,0.0
95710881,50,aco,aco,54.92724441226813,54.92724441226813,0.0,0.0
14690229,50,ga,ga,55.35651352986211,55.35651352986211,0.0,0.0
7130695,50,ga,ga,24.11513645051404,24.11513645051404,0.0,0.0
188360051,50,aco,aco,43.43074943276876,43.43074943276876,0.0,0.0
19586972,50,ga,ga,13.034995267540104,13.034995267540104,0.0,0.0
106222423,50,aco,aco,90.68320046061886,90.68320046061886,0.0,0.0
110919706,50,aco,aco,17.51326269633405,17.51326269633405,0.0,0.0
111458248,50,aco,aco,19.025781051895823,19.025781051895823,0.0,0.0
123016955,50,ga,ga,41.36795988094894,41.36795988094894,0.0,0.0
159318675,50,aco,aco,41.75011967929507,41.75011967929507,0.0,0.0
43482280,50,aco,aco,40.66793429053229,40.66793429053229,0.0,0.0
110291407,50,aco,aco,9.29550481147935,9.29550481147935,0.0,0.0
116434775,50,ga,ga,23.760072257249544,23.760072257249544,0.0,0.0
73002360,50,aco,aco,33.313577350811464,33.313577350811464,0.0,0.0
398920,50,aco,aco,31.706176075183865,31.706176075183865,0.0,0.0
71137409,50,aco,aco,101.5605082019176,101.5605082019176,0.0,0.0
264793123,50,sa,sa,208.9430201132373,208.9430201132373,0.0,0.0
48169590,50,aco,ga,19.378341165684017,20.490884794459404,1.1125436287753878,0.05741170615498952
1206733,50,ga,ga,85.21058953780248,85.21058953780248,0.0,0.0
78756781,50,aco,aco,23.34661957122845,23.34661957122845,0.0,0.0
169720514,50,ga,ga,42.05490263803741,42.05490263803741,0.0,0.0
8118022,50,aco,aco,13.678657556995692,13.678657556995692,0.0,0.0
15168933,50,aco,aco,20.823930384991066,20.823930384991066,0.0,0.0
174716987,50,ga,ga,22.359530191052578,22.359530191052578,0.0,0.0
296327749,50,sa,sa,183.3490248411592,183.3490248411592,0.0,0.0
147600400,50,ga,ga,12.474433430199026,12.474433430199026,0.0,0.0
56905938,50,ga,ga,40.471812129085365,40.471812129085365,0.0,0.0
614526287,50,sa,sa,266.1389643568831,266.1389643568831,0.0,0.0
176571965,50,ga,ga,35.299593841323045,35.299593841323045,0.0,0.0
42265574,50,aco,aco,32.40636063408716,32.40636063408716,0.0,0.0
77809346,50,ga,ga,83.75524858378924,83.75524858378924,0.0,0.0
15208825,50,aco,aco,39.68199710222269,39.68199710222269,0.0,0.0
97625697,50,ga,aco,41.76794929510939,113.52495801267516,71.75700871756577,1.7179921429843288
20684002,50,ga,ga,33.772719108880594,33.772719108880594,0.0,0.0
403507580,50,sa,sa,21.825991332263897,21.825991332263897,0.0,0.0
11468950,50,ga,ga,13.593483000789584,13.593483000789584,0.0,0.0
61792708,50,ga,ga,80.89020958911188,80.89020958911188,0.0,0.0
7370047,50,sa,sa,49.85347118589057,49.85347118589057,0.0,0.0
36630829,50,aco,aco,26.471642997306564,26.471642997306564,0.0,0.0
14141714,50,aco,aco,46.59571861112145,46.59571861112145,0.0,0.0
90006325,50,aco,aco,17.29755213461859,17.29755213461859,0.0,0.0
139252999,50,ga,ga,13.834085536975376,13.834085536975376,0.0,0.0
35045122,50,aco,aco,38.98215417479845,38.98215417479845,0.0,0.0
196458127,50,aco,aco,205.38160996360187,205.38160996360187,0.0,0.0
13932281,50,ga,ga,87.80477114947135,87.80477114947135,0.0,0.0
92070736,50,ga,ga,43.20235634389023,43.20235634389023,0.0,0.0
22000438,50,ga,ga,24.181660683299647,24.181660683299647,0.0,0.0
103499794,50,aco,aco,16.76007177230197,16.76007177230197,0.0,0.0
687189565,50,sa,sa,157.19032422776496,157.19032422776496,0.0,0.0
49246674,50,aco,aco,27.754183014777624,27.754183014777624,0.0,0.0
73750335,50,ga,ga,12.048521836239232,12.048521836239232,0.0,0.0
136929290,50,aco,aco,19.09398114717817,19.09398114717817,0.0,0.0
111946925,50,aco,aco,26.065373755895585,26.065373755895585,0.0,0.0
124891879,50,aco,aco,125.18979028437828,125.18979028437828,0.0,0.0
212803874,50,sa,sa,231.4093178468106,231.4093178468106,0.0,0.0
87094209,50,aco,aco,99.84756854437845,99.84756854437845,0.0,0.0
172951766,50,ga,ga,47.47437347086456,47.47437347086456,0.0,0.0
694759072,50,sa,sa,228.0812304752397,228.0812304752397,0.0,0.0
192379170,50,ga,ga,47.118321575652416,47.118321575652416,0.0,0.0
113662281,50,aco,aco,22.67330214801108,22.67330214801108,0.0,0.0
63897011,50,aco,aco,42.0447905444083,42.0447905444083,0.0,0.0
41407896,50,ga,ga,141.97894852606993,141.97894852606993,0.0,0.0
93736227,50,aco,aco,6.46206894461847,6.46206894461847,0.0,0.0
75246285,50,aco,aco,52.53258243515901,52.53258243515901,0.0,0.0
157693076,50,aco,aco,28.13025767581741,28.13025767581741,0.0,0.0
164704095,50,ga,ga,33.32230840404234,33.32230840404234,0.0,0.0
139193161,50,ga,ga,36.31583411231554,36.31583411231554,0.0,0.0
42993603,50,aco,aco,9.866104884044908,9.866104884044908,0.0,0.0
119715892,50,ga,ga,11.983712998650052,11.983712998650052,0.0,0.0
173978985,50,ga,ga,21.832947215341456,21.832947215341456,0.0,0.0
405671721,50,sa,sa,84.33972249771585,84.33972249771585,0.0,0.0
178995404,50,aco,aco,84.39897269475759,84.39897269475759,0.0,0.0
454040771,50,sa,sa,64.68643522218656,64.68643522218656,0.0,0.0
186235802,50,aco,aco,49.09611734922753,49.09611734922753,0.0,0.0
162290629,50,aco,aco,68.44207943581118,68.44207943581118,0.0,0.0
146044612,50,aco,aco,59.98101145590923,59.98101145590923,0.0,0.0
123904552,50,ga,ga,121.26140148741038,121.26140148741038,0.0,0.0
3959281,50,aco,aco,14.806062088357676,14.806062088357676,0.0,0.0
146772641,50,aco,aco,27.967448927166917,27.967448927166917,0.0,0.0
187352778,50,ga,ga,8.691603854570799,8.691603854570799,0.0,0.0
128153050,50,aco,aco,72.38214228381425,72.38214228381425,0.0,0.0
56786262,50,ga,ga,43.65322990723811,43.65322990723811,0.0,0.0
53624821,50,aco,aco,45.98838759879674,45.98838759879674,0.0,0.0
420302112,50,sa,sa,82.11546274831503,82.11546274831503,0.0,0.0
53215928,50,ga,ga,319.203909302538,319.203909302538,0.0,0.0
42524872,50,ga,ga,69.18514600235437,69.18514600235437,0.0,0.0
90903895,50,aco,aco,27.49660297326928,27.49660297326928,0.0,0.0
181478681,50,sa,sa,131.19699003950635,131.19699003950635,0.0,0.0
114390310,50,ga,ga,50.4483200138101,50.4483200138101,0.0,0.0
148617646,50,ga,ga,35.72766217502401,35.72766217502401,0.0,0.0
27046776,50,ga,ga,15.603609062728058,15.603609062728058,0.0,0.0
192688333,50,sa,sa,255.9960421445201,255.9960421445201,0.0,0.0
81678870,50,ga,ga,41.421158021850346,41.421158021850346,0.0,0.0
183872201,50,aco,aco,11.481886447542488,11.481886447542488,0.0,0.0
31634356,50,aco,aco,22.83516387835837,22.83516387835837,0.0,0.0
424909638,50,sa,sa,70.34233884971647,70.34233884971647,0.0,0.0
553491527,50,sa,sa,129.41789884520668,129.41789884520668,0.0,0.0
21412031,50,sa,sa,474.68063876373134,474.68063876373134,0.0,0.0
464831557,50,sa,sa,47.17239655469083,47.17239655469083,0.0,0.0
70937949,50,aco,aco,43.59370060285774,43.59370060285774,0.0,0.0
334015716,50,sa,sa,143.4419292543541,143.4419292543541,0.0,0.0
198562430,50,aco,aco,147.0839945283369,147.0839945283369,0.0,0.0
181079761,50,aco,aco,11.4861395501406,11.4861395501406,0.0,0.0
109623216,50,aco,aco,69.54329305844637,69.54329305844637,0.0,0.0
51849627,50,ga,ga,10.753226102825002,10.753226102825002,0.0,0.0
101355599,50,aco,aco,24.657904065581214,24.657904065581214,0.0,0.0
95940260,50,aco,aco,33.961451085868084,33.961451085868084,0.0,0.0
509879598,50,sa,sa,524.522953766361,524.522953766361,0.0,0.0
144887744,50,aco,aco,62.252168317216686,62.252168317216686,0.0,0.0
433207174,50,sa,sa,626.454126176276,626.454126176276,0.0,0.0
40221109,50,aco,aco,28.878327796295757,28.878327796295757,0.0,0.0
125968963,50,aco,aco,42.82292102792484,42.82292102792484,0.0,0.0
155858044,50,aco,aco,77.28954860040477,77.28954860040477,0.0,0.0
93776119,50,ga,ga,28.28248339493729,28.28248339493729,0.0,0.0
45317312,50,aco,aco,48.67655575320632,48.67655575320632,0.0,0.0
152696603,50,aco,aco,39.83242186834431,39.83242186834431,0.0,0.0
30976138,50,ga,ga,40.33971089679148,40.33971089679148,0.0,0.0
116065774,50,ga,ga,116.24901943667672,116.24901943667672,0.0,0.0
70040379,50,ga,ga,52.86377092190661,52.86377092190661,0.0,0.0
152227872,50,ga,ga,14.003809310296232,14.003809310296232,0.0,0.0
139043566,50,ga,ga,183.3873978847473,183.3873978847473,0.0,0.0
285078205,50,sa,sa,104.12286523534874,104.12286523534874,0.0,0.0
4757121,50,ga,ga,66.39479594681498,66.39479594681498,0.0,0.0
542112334,50,sa,sa,69.83353449324456,69.83353449324456,0.0,0.0
166768506,50,aco,aco,14.655729901147238,14.655729901147238,0.0,0.0
113303253,50,aco,aco,81.28040599559742,81.28040599559742,0.0,0.0
17861643,50,aco,aco,10.276013759901888,10.276013759901888,0.0,0.0
263217389,50,sa,sa,324.85381730755745,324.85381730755745,0.0,0.0
173201091,50,ga,ga,31.23138937972853,31.23138937972853,0.0,0.0
5325582,50,ga,ga,32.661701016047886,32.661701016047886,0.0,0.0
181817763,50,ga,ga,28.82758161318912,28.82758161318912,0.0,0.0
22090195,50,aco,aco,6.414713212544218,6.414713212544218,0.0,0.0
57055533,50,ga,ga,82.12120901652834,82.12120901652834,0.0,0.0
96379072,50,aco,aco,33.206142745876164,33.206142745876164,0.0,0.0
58541510,50,aco,aco,53.74496904685847,53.74496904685847,0.0,0.0
162350467,50,ga,ga,37.44374573670715,37.44374573670715,0.0,0.0
76084017,50,aco,aco,38.13889149822557,38.13889149822557,0.0,0.0
190155191,50,ga,ga,9.512772375227753,9.512772375227753,0.0,0.0
38755078,50,aco,aco,161.38914304373637,161.38914304373637,0.0,0.0
151031112,50,aco,aco,24.032083647285923,24.032083647285923,0.0,0.0
155987693,50,aco,aco,14.18662398699871,14.18662398699871,0.0,0.0
150951328,50,ga,ga,43.91930096750855,43.91930096750855,0.0,0.0
7928535,50,ga,ga,65.6162644343846,65.6162644343846,0.0,0.0
13353847,50,aco,aco,9.430798114177804,9.430798114177804,0.0,0.0
78148428,50,aco,aco,145.32277619290636,145.32277619290636,0.0,0.0
51051787,50,aco,aco,14.63898699490716,14.63898699490716,0.0,0.0
179533946,50,ga,ga,35.72610257401873,35.72610257401873,0.0,0.0
49904892,50,aco,aco,7.716891090802916,7.716891090802916,0.0,0.0
146164288,50,ga,ga,96.58495655014998,96.58495655014998,0.0,0.0
27475615,50,aco,aco,91.95314482894427,91.95314482894427,0.0,0.0
109423756,50,ga,ga,13.75653444565998,13.75653444565998,0.0,0.0
66440126,50,aco,aco,74.03546987998944,74.03546987998944,0.0,0.0
175026150,50,aco,aco,25.99621133923334,25.99621133923334,0.0,0.0
45855854,50,aco,aco,12.298819509140584,12.298819509140584,0.0,0.0
80482110,50,aco,aco,29.389226790648333,29.389226790648333,0.0,0.0
167167426,50,aco,aco,7.526697312056052,7.526697312056052,0.0,0.0
166648830,50,ga,ga,37.48900797279392,37.48900797279392,0.0,0.0
26418477,50,aco,aco,206.8343069017447,206.8343069017447,0.0,0.0
676069670,50,sa,sa,254.25460136941825,254.25460136941825,0.0,0.0
457152347,50,sa,sa,70.41125953417223,70.41125953417223,0.0,0.0
121511032,50,aco,aco,15.7911502841777,15.7911502841777,0.0,0.0
75116636,50,aco,aco,177.25304474436126,177.25304474436126,0.0,0.0
63837173,50,aco,aco,25.4860580423164,25.4860580423164,0.0,0.0
157014912,50,aco,aco,29.63734353598644,29.63734353598644,0.0,0.0
124931771,50,aco,aco,28.15665706165682,28.15665706165682,0.0,0.0
182037169,50,aco,aco,48.91029852791293,48.91029852791293,0.0,0.0
160684976,50,aco,aco,15.134084719549108,15.134084719549108,0.0,0.0
136320937,50,aco,aco,36.96205294059561,36.96205294059561,0.0,0.0
181887574,50,aco,aco,13.616199158932474,13.616199158932474,0.0,0.0
475123693,50,sa,sa,112.26876836481787,112.26876836481787,0.0,0.0
161253437,50,aco,aco,36.65065878211956,36.65065878211956,0.0,0.0
25112014,50,ga,ga,8.00383251440254,8.00383251440254,0.0,0.0
25850016,50,ga,ga,47.70379261748256,47.70379261748256,0.0,0.0
25291528,50,ga,ga,33.845553560391416,33.845553560391416,0.0,0.0
31714140,50,sa,sa,428.5579601616332,428.5579601616332,0.0,0.0
121890006,50,ga,ga,30.9360550342566,30.9360550342566,0.0,0.0
139622000,50,ga,ga,114.48330110240298,114.48330110240298,0.0,0.0
180082461,50,aco,aco,12.55134372228864,12.55134372228864,0.0,0.0
147181534,50,ga,ga,27.12231057204925,27.12231057204925,0.0,0.0
24154606,50,ga,ga,2297.9752954119426,2297.9752954119426,0.0,0.0
26129260,50,aco,aco,13.186038290391004,13.186038290391004,0.0,0.0
26757559,50,aco,aco,41.42747165787269,41.42747165787269,0.0,0.0
198582376,50,aco,aco,12.330066991104214,12.330066991104214,0.0,0.0
34775851,50,ga,ga,13.6792053910614,13.6792053910614,0.0,0.0
133438740,50,aco,aco,11.260274996124494,11.260274996124494,0.0,0.0
164145607,50,sa,sa,321.2778273149003,321.2778273149003,0.0,0.0
189566784,50,aco,aco,25.92918395270258,25.92918395270258,0.0,0.0
76921749,50,aco,aco,27.63258772695704,27.63258772695704,0.0,0.0
73431199,50,ga,ga,33.52987710695581,33.52987710695581,0.0,0.0
106860695,50,aco,aco,8.019768784204743,8.019768784204743,0.0,0.0
153693903,50,aco,aco,37.34764740283157,37.34764740283157,0.0,0.0
8736348,50,ga,ga,7.501172315673201,7.501172315673201,0.0,0.0
5175987,50,aco,aco,63.75460076878522,63.75460076878522,0.0,0.0
111039382,50,ga,ga,71.51427080863824,71.51427080863824,0.0,0.0
15827151,50,aco,aco,4.813569979500298,4.813569979500298,0.0,0.0
13702902,50,ga,ga,29.584971953589736,29.584971953589736,0.0,0.0
149874244,50,aco,aco,37.99209963787133,37.99209963787133,0.0,0.0
79684270,50,aco,aco,12.861325238510103,12.861325238510103,0.0,0.0
115567124,50,ga,ga,52.76297400558835,52.76297400558835,0.0,0.0
256196397,50,sa,sa,50.284185132983765,50.284185132983765,0.0,0.0
151330302,50,aco,aco,31.751218592751577,31.751218592751577,0.0,0.0
32960765,50,aco,aco,50.58426246936028,50.58426246936028,0.0,0.0
59768189,50,aco,aco,57.78124181698799,57.78124181698799,0.0,0.0
180381651,50,aco,aco,14.842209358111816,14.842209358111816,0.0,0.0
571552630,50,sa,sa,214.03807049551276,214.03807049551276,0.0,0.0
26637883,50,sa,ga,58.66721266319232,64.4098195561302,5.742606892937879,0.09788443377915544
59459026,50,ga,ga,69.84403014818116,69.84403014818116,0.0,0.0
272332711,50,sa,sa,87.0093821842007,87.0093821842007,0.0,0.0
84680743,50,ga,ga,32.45636246018702,32.45636246018702,0.0,0.0
163696822,50,aco,aco,87.0248081780998,87.0248081780998,0.0,0.0
107897887,50,ga,sa,114.7886128073322,126.8871951537958,12.098582346463601,0.10539880263881711
49186836,50,aco,aco,36.92046532143862,36.92046532143862,0.0,0.0
422795362,50,sa,sa,185.0094555075989,185.0094555075989,0.0,0.0
55649340,50,aco,aco,33.92441353075589,33.92441353075589,0.0,0.0
22598818,50,ga,ga,146.8891343840342,146.8891343840342,0.0,0.0
158530808,50,sa,sa,146.94614998042977,146.94614998042977,0.0,0.0
86525748,50,sa,sa,187.59033096556945,187.59033096556945,0.0,0.0
61493518,50,sa,sa,78.05949263927657,78.05949263927657,0.0,0.0
18958673,50,sa,sa,607.9382196545496,607.9382196545496,0.0,0.0
48787916,50,ga,ga,67.75440680497215,67.75440680497215,0.0,0.0
109204350,50,aco,aco,57.0323068547474,57.0323068547474,0.0,0.0
119785703,50,ga,ga,64.44280863309523,64.44280863309523,0.0,0.0
180999977,50,ga,ga,75.41351398652617,75.41351398652617,0.0,0.0
29430323,50,ga,ga,18.90387779370726,18.90387779370726,0.0,0.0
76173774,50,ga,ga,359.0000996088584,359.0000996088584,0.0,0.0
479860868,50,sa,sa,224.53754964654036,224.53754964654036,0.0,0.0
128163023,50,aco,aco,27.89504361194011,27.89504361194011,0.0,0.0
363685391,50,sa,sa,66.14930216390448,66.14930216390448,0.0,0.0
137238453,50,aco,aco,38.5944730922349,38.5944730922349,0.0,0.0
27056749,50,ga,ga,45.59628355494827,45.59628355494827,0.0,0.0
195570530,50,ga,ga,15.778652235490153,15.778652235490153,0.0,0.0
47631048,50,aco,aco,9.1238810927505,9.1238810927505,0.0,0.0
27615237,50,aco,aco,59.89338765418773,59.89338765418773,0.0,0.0
58391915,50,aco,aco,13.770402902486389,13.770402902486389,0.0,0.0
88350807,50,sa,ga,131.50011332659233,140.90864910987696,9.408535783284634,0.07154773897356036
34716013,50,ga,ga,82.80829559015912,82.80829559015912,0.0,0.0
169910001,50,ga,ga,13.815929212911328,13.815929212911328,0.0,0.0
146224126,50,aco,aco,65.76213237323375,65.76213237323375,0.0,0.0
175873855,50,ga,ga,12.581750670239067,12.581750670239067,0.0,0.0
66200774,50,ga,ga,14.877084874571167,14.877084874571167,0.0,0.0
145565908,50,aco,aco,18.852836353780045,18.852836353780045,0.0,0.0
44290093,50,aco,aco,5.975323606007293,5.975323606007293,0.0,0.0
81898276,50,aco,aco,9.090082768737227,9.090082768737227,0.0,0.0
655984048,50,sa,sa,73.22946074679074,73.22946074679074,0.0,0.0
124512905,50,ga,ga,55.89031449951793,55.89031449951793,0.0,0.0
113981417,50,aco,aco,89.35949103867154,89.35949103867154,0.0,0.0
65562502,50,ga,ga,107.38224988907258,107.38224988907258,0.0,0.0
95371799,50,ga,ga,8.847370838103208,8.847370838103208,0.0,0.0
164923501,50,ga,ga,67.27570962104916,67.27570962104916,0.0,0.0
64934203,50,aco,aco,19.270533667265063,19.270533667265063,0.0,0.0
94763446,50,ga,ga,79.84238292695704,79.84238292695704,0.0,0.0
102492521,50,aco,aco,104.32002752645027,104.32002752645027,0.0,0.0
93845930,50,aco,aco,18.07468763591351,18.07468763591351,0.0,0.0
427642240,50,sa,sa,356.4807032764162,356.4807032764162,0.0,0.0
88201212,50,aco,aco,49.98189676428659,49.98189676428659,0.0,0.0
74687797,50,aco,aco,214.55754307229415,214.55754307229415,0.0,0.0
6312909,50,ga,ga,23.480249241985483,23.480249241985483,0.0,0.0
93865876,50,ga,ga,14.229245400944208,14.229245400944208,0.0,0.0
153285010,50,aco,aco,20.16205351655816,20.16205351655816,0.0,0.0
106232396,50,aco,aco,24.27406049457954,24.27406049457954,0.0,0.0
18948700,50,ga,sa,82.41603975714469,103.86154634371633,21.44550658657164,0.2602103504337882
104028363,50,ga,ga,12.895816920496252,12.895816920496252,0.0,0.0
137258399,50,ga,ga,11.69975071111899,11.69975071111899,0.0,0.0
9574080,50,ga,ga,40.91848657916135,40.91848657916135,0.0,0.0
147361048,50,aco,aco,37.05215138963061,37.05215138963061,0.0,0.0
97396318,50,ga,ga,62.896864124160246,62.896864124160246,0.0,0.0
66739316,50,ga,ga,2193.0145984675546,2193.0145984675546,0.0,0.0
616939753,50,sa,sa,139.22052496662567,139.22052496662567,0.0,0.0
137707184,50,ga,ga,81.53479372376425,81.53479372376425,0.0,0.0
741113576,50,sa,sa,97.39394160088892,97.39394160088892,0.0,0.0
153783660,50,aco,aco,41.19837004124424,41.19837004124424,0.0,0.0
28163752,50,aco,aco,6.417263093286005,6.417263093286005,0.0,0.0
123405902,50,aco,aco,18.97411853171798,18.97411853171798,0.0,0.0
109762838,50,aco,aco,10.703679549551865,10.703679549551865,0.0,0.0
67736616,50,aco,aco,124.0912601929112,124.0912601929112,0.0,0.0
20464596,50,ga,ga,2687.93133709373,2687.93133709373,0.0,0.0
35214663,50,aco,aco,29.25393151933713,29.25393151933713,0.0,0.0
120074920,50,aco,aco,13.463131103418949,13.463131103418949,0.0,0.0
60974922,50,ga,ga,58.36758863835015,58.36758863835015,0.0,0.0
193186983,50,aco,aco,218.59931411248547,218.59931411248547,0.0,0.0
106820803,50,ga,ga,22.347190006216582,22.347190006216582,0.0,0.0
140858652,50,aco,aco,19.265795176603035,19.265795176603035,0.0,0.0
455247504,50,sa,sa,96.45466323266584,96.45466323266584,0.0,0.0
93516821,50,aco,aco,188.04430879779773,188.04430879779773,0.0,0.0
154870717,50,sa,ga,11.318197233159852,11.594135289210024,0.2759380560501725,0.024380036004473762
66091071,50,ga,ga,13.497887584001012,13.497887584001012,0.0,0.0
99121647,50,ga,ga,129.51219615451762,129.51219615451762,0.0,0.0
16535234,50,aco,aco,33.6185815774996,33.6185815774996,0.0,0.0
97884995,50,ga,ga,87.20141425281251,87.20141425281251,0.0,0.0
129948190,50,aco,ga,9.05409585817874,9.72300987663546,0.6689140184567197,0.07387971465449823
626144832,50,sa,sa,45.33147006396416,45.33147006396416,0.0,0.0
170957166,50,aco,aco,7.933249719900127,7.933249719900127,0.0,0.0
196876993,50,ga,ga,40.00781898680607,40.00781898680607,0.0,0.0
193974850,50,aco,aco,27.4522548772968,27.4522548772968,0.0,0.0
180760625,50,ga,ga,59.2337129930583,59.2337129930583,0.0,0.0
34107660,50,aco,aco,44.63586851690896,44.63586851690896,0.0,0.0
143052712,50,sa,sa,57.88356784229933,57.88356784229933,0.0,0.0
77121209,50,aco,aco,29.315275907517,29.315275907517,0.0,0.0
24194498,50,aco,aco,26.686159241442237,26.686159241442237,0.0,0.0
124173823,50,ga,ga,15.907362183515795,15.907362183515795,0.0,0.0
72573521,50,aco,aco,44.33865608058663,44.33865608058663,0.0,0.0
107139939,50,aco,aco,74.59791579171936,74.59791579171936,0.0,0.0
54442607,50,aco,aco,24.645166881805597,24.645166881805597,0.0,0.0
287651239,50,sa,sa,449.8701042128025,449.8701042128025,0.0,0.0
165003285,50,aco,aco,51.15347858236374,51.15347858236374,0.0,0.0
82855684,50,ga,ga,76.38193507905791,76.38193507905791,0.0,0.0
131743330,50,ga,ga,141.80677692113545,141.80677692113545,0.0,0.0
4926662,50,ga,ga,37.64280169339956,37.64280169339956,0.0,0.0
787867,50,aco,aco,13.193049042565184,13.193049042565184,0.0,0.0
293804580,50,sa,sa,147.6383262972435,147.6383262972435,0.0,0.0
155518962,50,aco,aco,24.84326684109768,24.84326684109768,0.0,0.0
96239450,50,aco,aco,50.02098039258651,50.02098039258651,0.0,0.0
93137847,50,aco,aco,29.65224901147761,29.65224901147761,0.0,0.0
2742575,50,ga,ga,12.596540756680996,12.596540756680996,0.0,0.0
75475664,50,ga,ga,94.16352930477883,94.16352930477883,0.0,0.0
29958892,50,aco,aco,68.3036720452819,68.3036720452819,0.0,0.0
189108026,50,aco,aco,111.36868065330164,111.36868065330164,0.0,0.0
159189026,50,aco,aco,14.489408396300004,14.489408396300004,0.0,0.0
742449958,50,sa,sa,267.9170808052052,267.9170808052052,0.0,0.0
26986938,50,aco,aco,41.56404908685489,41.56404908685489,0.0,0.0
164444797,50,ga,ga,34.33919508346881,34.33919508346881,0.0,0.0
137248426,50,aco,aco,7.5418991314268595,7.5418991314268595,0.0,0.0
186684587,50,ga,ga,22.44699218657609,22.44699218657609,0.0,0.0
59329377,50,ga,ga,37.08226829506316,37.08226829506316,0.0,0.0
127255480,50,aco,aco,7.024808388189454,7.024808388189454,0.0,0.0
103619470,50,aco,aco,157.01088482524273,157.01088482524273,0.0,0.0
8756294,50,ga,ga,21.111733775872786,21.111733775872786,0.0,0.0
138086158,50,aco,aco,13.331353261008676,13.331353261008676,0.0,0.0
81000706,50,ga,ga,26.07860504467994,26.07860504467994,0.0,0.0
10691056,50,ga,ga,29.166724751620613,29.166724751620613,0.0,0.0
196707452,50,ga,ga,36.65052610614745,36.65052610614745,0.0,0.0
73989687,50,ga,ga,10.726272961960298,10.726272961960298,0.0,0.0
16495342,50,aco,aco,73.80659714429083,73.80659714429083,0.0,0.0
692515147,50,sa,sa,56.48662762801095,56.48662762801095,0.0,0.0
129319891,50,ga,ga,47.69792337894036,47.69792337894036,0.0,0.0
103170685,50,ga,ga,10.11038858303035,10.11038858303035,0.0,0.0
88679916,50,ga,ga,27.72347878683876,27.72347878683876,0.0,0.0
2084357,50,ga,ga,9.726572271488106,9.726572271488106,0.0,0.0
45157744,50,ga,ga,61.135369951950366,61.135369951950366,0.0,0.0
73939822,50,ga,ga,68.28252236972686,68.28252236972686,0.0,0.0
62071952,50,aco,aco,47.27507725693226,47.27507725693226,0.0,0.0
58282212,50,aco,aco,28.33090262785348,28.33090262785348,0.0,0.0
114749338,50,aco,aco,6.768607427606305,6.768607427606305,0.0,0.0
28073995,50,ga,sa,192.34088860780255,208.08585623447564,15.744967626673088,0.08185970097485748
12964900,50,aco,aco,85.9196100611016,85.9196100611016,0.0,0.0
106003017,50,aco,aco,44.00710187993008,44.00710187993008,0.0,0.0
109543432,50,ga,ga,24.905750860428803,24.905750860428803,0.0,0.0
151170734,50,ga,ga,30.47775636345014,30.47775636345014,0.0,0.0
158760187,50,ga,ga,16.150186165730556,16.150186165730556,0.0,0.0
69521783,50,aco,aco,56.14249244897287,56.14249244897287,0.0,0.0
61024787,50,aco,aco,36.29284737082901,36.29284737082901,0.0,0.0
183443362,50,sa,sa,260.9633507493064,260.9633507493064,0.0,0.0
109064728,50,aco,aco,46.131652966784,46.131652966784,0.0,0.0
41916519,50,aco,aco,70.89485459436335,70.89485459436335,0.0,0.0
76532802,50,aco,aco,39.7143464841528,39.7143464841528,0.0,0.0
7709129,50,ga,ga,30.804008289630843,30.804008289630843,0.0,0.0
169102188,50,aco,aco,25.282520685861517,25.282520685861517,0.0,0.0
17642237,50,aco,aco,20.65645383320473,20.65645383320473,0.0,0.0
100527840,50,ga,ga,8.24970257928025,8.24970257928025,0.0,0.0
118329645,50,ga,ga,12.360655588252364,12.360655588252364,0.0,0.0
21132787,50,aco,aco,22.345093923352486,22.345093923352486,0.0,0.0
175624530,50,aco,aco,16.348975959153016,16.348975959153016,0.0,0.0
390203598,50,sa,sa,124.576408780142,124.576408780142,0.0,0.0
186844155,50,aco,aco,33.882404601700976,33.882404601700976,0.0,0.0
72902630,50,aco,aco,54.46707151894652,54.46707151894652,0.0,0.0
134226607,50,aco,aco,50.02066139274121,50.02066139274121,0.0,0.0
20783732,50,ga,ga,6.221999672310125,6.221999672310125,0.0,0.0
12087276,50,ga,ga,47.46659789879952,47.46659789879952,0.0,0.0
499028974,50,sa,sa,130.3716466190088,130.3716466190088,0.0,0.0
184001850,50,aco,aco,12.477426855420024,12.477426855420024,0.0,0.0
83593686,50,aco,aco,21.51262235306867,21.51262235306867,0.0,0.0
90116028,50,ga,ga,22.919486382598933,22.919486382598933,0.0,0.0
79155701,50,aco,aco,39.89912204856152,39.89912204856152,0.0,0.0
112844495,50,ga,ga,15.89082988407626,15.89082988407626,0.0,0.0
43532145,50,ga,ga,23.887806966556827,23.887806966556827,0.0,0.0
740914116,50,sa,sa,122.06865707390736,122.06865707390736,0.0,0.0
148248645,50,sa,sa,70.8109190462452,70.8109190462452,0.0,0.0
185767071,50,ga,ga,12.525225442599696,12.525225442599696,0.0,0.0
228670917,50,sa,sa,63.21725564175141,63.21725564175141,0.0,0.0
22020384,50,aco,aco,25.55125148377706,25.55125148377706,0.0,0.0
10322055,50,ga,ga,47.730188811070775,47.730188811070775,0.0,0.0
183074361,50,ga,ga,39.61054720717945,39.61054720717945,0.0,0.0
103838876,50,ga,aco,32.98863296283719,41.01162578365001,8.022992820812824,0.24320476783172548
77909076,50,aco,aco,19.324254146219587,19.324254146219587,0.0,0.0
171535600,50,aco,aco,27.0285521235415,27.0285521235415,0.0,0.0
76293450,50,aco,aco,151.2738500707413,151.2738500707413,0.0,0.0
3470604,50,aco,aco,23.470230179179083,23.470230179179083,0.0,0.0
190803436,50,aco,aco,25.97408031376526,25.97408031376526,0.0,0.0
87672643,50,aco,aco,53.12164564283585,53.12164564283585,0.0,0.0
119197296,50,ga,ga,6.338898603321342,6.338898603321342,0.0,0.0
748184433,50,sa,sa,32.65545647900905,32.65545647900905,0.0,0.0
187671914,50,ga,ga,29.25677962523536,29.25677962523536,0.0,0.0
322855929,50,sa,sa,49.6783918641588,49.6783918641588,0.0,0.0
59658486,50,aco,aco,35.22243654949342,35.22243654949342,0.0,0.0
109254215,50,ga,ga,13.640176893253065,13.640176893253065,0.0,0.0
41018949,50,sa,sa,349.6842313818232,349.6842313818232,0.0,0.0
89228431,50,aco,aco,70.72411516176847,70.72411516176847,0.0,0.0
131085112,50,aco,aco,86.58464043454934,86.58464043454934,0.0,0.0
47162317,50,aco,aco,28.40440159669825,28.40440159669825,0.0,0.0
55400015,50,aco,aco,71.12211129999892,71.12211129999892,0.0,0.0
615892588,50,sa,sa,152.0701903577296,152.0701903577296,0.0,0.0
36032449,50,aco,aco,3.451485284988236,3.451485284988236,0.0,0.0
67188101,50,aco,aco,44.87634139054908,44.87634139054908,0.0,0.0
72792927,50,aco,aco,75.26253372091297,75.26253372091297,0.0,0.0
717627161,50,sa,sa,202.1976563941808,202.1976563941808,0.0,0.0
65223420,50,ga,ga,21.052063857710674,21.052063857710674,0.0,0.0
167985212,50,ga,ga,21.73656881063597,21.73656881063597,0.0,0.0
166608938,50,aco,aco,48.0406499940966,48.0406499940966,0.0,0.0
163796552,50,aco,aco,36.26370622843363,36.26370622843363,0.0,0.0
79454891,50,aco,aco,17.486030339981028,17.486030339981028,0.0,0.0
136410694,50,ga,ga,8.712958625791009,8.712958625791009,0.0,0.0
118229915,50,aco,aco,108.27772016235905,108.27772016235905,0.0,0.0
80731435,50,ga,ga,176.06984497198633,176.06984497198633,0.0,0.0
51031841,50,ga,ga,1088.6857611803214,1088.6857611803214,0.0,0.0
121880033,50,ga,ga,54.13705573990752,54.13705573990752,0.0,0.0
31305247,50,ga,ga,23.058090566397155,23.058090566397155,0.0,0.0
7020992,50,ga,ga,31.972078420003665,31.972078420003665,0.0,0.0
104437256,50,aco,aco,26.66484733603007,26.66484733603007,0.0,0.0
195919585,50,aco,aco,15.029824314011094,15.029824314011094,0.0,0.0
148707403,50,ga,ga,127.26547962492596,127.26547962492596,0.0,0.0
115457421,50,aco,aco,30.212625890657257,30.212625890657257,0.0,0.0
61613194,50,aco,aco,28.63919264952338,28.63919264952338,0.0,0.0
156157234,50,aco,aco,41.94371529785318,41.94371529785318,0.0,0.0
165132934,50,aco,aco,57.32844192414648,57.32844192414648,0.0,0.0
42305466,50,aco,aco,27.94030842861153,27.94030842861153,0.0,0.0
130227434,50,sa,sa,489.79738585927095,489.79738585927095,0.0,0.0
77889130,50,ga,ga,27.63777898808604,27.63777898808604,0.0,0.0
140778868,50,aco,aco,37.35901194075392,37.35901194075392,0.0,0.0
101614897,50,aco,aco,11.96776832296352,11.96776832296352,0.0,0.0
155399286,50,ga,ga,658.7666369298526,658.7666369298526,0.0,0.0
124682446,50,aco,aco,40.336569706065205,40.336569706065205,0.0,0.0
110161758,50,aco,aco,42.10537012229125,42.10537012229125,0.0,0.0
193296686,50,aco,aco,63.55914334567416,63.55914334567416,0.0,0.0
714864640,50,sa,sa,160.90692198083465,160.90692198083465,0.0,0.0
8207779,50,ga,ga,16.780786460868697,16.780786460868697,0.0,0.0
29151079,50,ga,ga,219.6567339662184,219.6567339662184,0.0,0.0
83733308,50,aco,aco,10.836646724253278,10.836646724253278,0.0,0.0
38635402,50,sa,sa,43.08569113663587,43.08569113663587,0.0,0.0
17273236,50,ga,ga,22.83591841758387,22.83591841758387,0.0,0.0
71755735,50,ga,ga,143.33965693780044,143.33965693780044,0.0,0.0
10531488,50,ga,ga,29.459021279855428,29.459021279855428,0.0,0.0
13982146,50,aco,aco,13.276381413047638,13.276381413047638,0.0,0.0
73720416,50,ga,ga,35.9032983181205,35.9032983181205,0.0,0.0
82785873,50,aco,aco,114.91703628888338,114.91703628888338,0.0,0.0
199240594,50,aco,aco,14.230737169914072,14.230737169914072,0.0,0.0
160994139,50,aco,aco,50.93184733898854,50.93184733898854,0.0,0.0
206281532,50,sa,sa,147.2787226661113,147.2787226661113,0.0,0.0
167187372,50,aco,aco,77.34632891498813,77.34632891498813,0.0,0.0
521079277,50,sa,sa,47.26084942151492,47.26084942151492,0.0,0.0
37129479,50,ga,aco,56.36474940715647,57.405143023504216,1.0403936163477496,0.018458231914283182
115038555,50,aco,aco,55.47446686010871,55.47446686010871,0.0,0.0
23247063,50,ga,ga,126.15037562157254,126.15037562157254,0.0,0.0
192010169,50,aco,aco,33.6705069418172,33.6705069418172,0.0,0.0
71057625,50,ga,ga,15.191272162645404,15.191272162645404,0.0,0.0
160734841,50,aco,aco,119.49631311764745,119.49631311764745,0.0,0.0
141845979,50,ga,ga,59.14029949446117,59.14029949446117,0.0,0.0
195750044,50,aco,aco,12.077810880493058,12.077810880493058,0.0,0.0
80920922,50,aco,aco,106.49143465735548,106.49143465735548,0.0,0.0
448545648,50,sa,sa,293.4281399003294,293.4281399003294,0.0,0.0
490591816,50,sa,sa,124.6606867685406,124.6606867685406,0.0,0.0
153394713,50,ga,ga,28.673819153149903,28.673819153149903,0.0,0.0
140419840,50,aco,aco,39.48307416995276,39.48307416995276,0.0,0.0
44689013,50,ga,ga,18.029627233907377,18.029627233907377,0.0,0.0
19686702,50,aco,aco,13.449155525922826,13.449155525922826,0.0,0.0
150073704,50,aco,aco,32.821864020644334,32.821864020644334,0.0,0.0
118967917,50,aco,aco,30.84046146667256,30.84046146667256,0.0,0.0
98503321,50,ga,ga,24.043958278770745,24.043958278770745,0.0,0.0
23845443,50,ga,ga,14.667014292254947,14.667014292254947,0.0,0.0
245654936,50,sa,sa,220.9386452722882,220.9386452722882,0.0,0.0
88041644,50,aco,aco,56.13079178583818,56.13079178583818,0.0,0.0
146493397,50,aco,aco,82.82760456684817,82.82760456684817,0.0,0.0
312573766,50,sa,sa,249.26698445372895,249.26698445372895,0.0,0.0
126886479,50,aco,aco,29.480009840042147,29.480009840042147,0.0,0.0
71037679,50,ga,ga,47.33883306050628,47.33883306050628,0.0,0.0
118718592,50,aco,aco,58.53833815216204,58.53833815216204,0.0,0.0
149435432,50,aco,aco,53.04793286460659,53.04793286460659,0.0,0.0
161831871,50,aco,aco,31.61472673833025,31.61472673833025,0.0,0.0
164454770,50,ga,sa,11.761867628100964,49.64928346662903,37.887415838528064,3.2212074677671962
106930506,50,aco,aco,22.427824065075765,22.427824065075765,0.0,0.0
95142420,50,aco,aco,24.319286337169267,24.319286337169267,0.0,0.0
126637154,50,aco,aco,26.75843066343832,26.75843066343832,0.0,0.0
36411423,50,aco,aco,69.90718947715527,69.90718947715527,0.0,0.0
44140498,50,ga,ga,87.57484146705507,87.57484146705507,0.0,0.0
17033884,50,aco,aco,64.97542697498554,64.97542697498554,0.0,0.0
119825595,50,aco,aco,105.18693465915536,105.18693465915536,0.0,0.0
101425410,50,aco,aco,111.53547373607404,111.53547373607404,0.0,0.0
15916908,50,aco,aco,48.19964859991966,48.19964859991966,0.0,0.0
156685803,50,ga,ga,82.92638175670263,82.92638175670263,0.0,0.0
23905281,50,aco,aco,27.046238104087305,27.046238104087305,0.0,0.0
115098393,50,ga,ga,35.56483405838992,35.56483405838992,0.0,0.0
7389993,50,aco,aco,9.057797058365631,9.057797058365631,0.0,0.0
53335604,50,aco,aco,63.375753097712135,63.375753097712135,0.0,0.0
15886989,50,aco,aco,30.920492311174577,30.920492311174577,0.0,0.0
86715235,50,aco,aco,62.50887306500137,62.50887306500137,0.0,0.0
55589502,50,aco,aco,12.07946646684002,12.07946646684002,0.0,0.0
767921,50,aco,aco,40.40258571895164,40.40258571895164,0.0,0.0
163307875,50,aco,aco,68.25465604622306,68.25465604622306,0.0,0.0
118439348,50,ga,ga,45.69472435184381,45.69472435184381,0.0,0.0
124084066,50,aco,aco,13.55055465980229,13.55055465980229,0.0,0.0
84012552,50,ga,ga,91.96471765318093,91.96471765318093,0.0,0.0
408972784,50,sa,sa,243.2815385513913,243.2815385513913,0.0,0.0
753071203,50,sa,sa,79.01838259677959,79.01838259677959,0.0,0.0
151519789,50,ga,ga,15.461983146695925,15.461983146695925,0.0,0.0
126736884,50,aco,aco,100.72355061156304,100.72355061156304,0.0,0.0
344238041,50,sa,sa,58.13587850499983,58.13587850499983,0.0,0.0
137477805,50,ga,ga,47.31284803829772,47.31284803829772,0.0,0.0
41377977,50,ga,ga,44.86977842799987,44.86977842799987,0.0,0.0
75685097,50,aco,aco,11.118912215275074,11.118912215275074,0.0,0.0
87592859,50,aco,aco,5.593052885498697,5.593052885498697,0.0,0.0
164584419,50,aco,aco,15.96612630618462,15.96612630618462,0.0,0.0
102991171,50,ga,ga,15.683511996525391,15.683511996525391,0.0,0.0
122797549,50,aco,aco,44.64996394053025,44.64996394053025,0.0,0.0
434204474,50,sa,sa,415.74353251795344,415.74353251795344,0.0,0.0
11937681,50,aco,aco,14.344352088884744,14.344352088884744,0.0,0.0
8865997,50,ga,ga,62.25233398168508,62.25233398168508,0.0,0.0
139851379,50,ga,ga,39.35379566239092,39.35379566239092,0.0,0.0
139233053,50,ga,ga,14.594994672378006,14.594994672378006,0.0,0.0
141028193,50,aco,aco,13.271583493095823,13.271583493095823,0.0,0.0
97665589,50,ga,ga,34.918273570637325,34.918273570637325,0.0,0.0
178367105,50,aco,aco,129.84334469576714,129.84334469576714,0.0,0.0
16285909,50,aco,aco,22.25293128431402,22.25293128431402,0.0,0.0
172592738,50,aco,aco,37.00326219474098,37.00326219474098,0.0,0.0
182296467,50,ga,ga,106.03530456640178,106.03530456640178,0.0,0.0
88600132,50,aco,aco,6.083206304224817,6.083206304224817,0.0,0.0
16844397,50,ga,ga,21.694448076835364,21.694448076835364,0.0,0.0
109284134,50,ga,ga,21.714096330338844,21.714096330338844,0.0,0.0
6991073,50,aco,aco,88.37406632085708,88.37406632085708,0.0,0.0
111687627,50,ga,ga,12.48462716201272,12.48462716201272,0.0,0.0
197814455,50,ga,ga,14.20140683438436,14.20140683438436,0.0,0.0
148029239,50,aco,aco,40.51434513636296,40.51434513636296,0.0,0.0
168753133,50,aco,aco,43.7667554682296,43.7667554682296,0.0,0.0
4906716,50,aco,aco,75.85489100842769,75.85489100842769,0.0,0.0
434423880,50,sa,sa,498.55684257898855,498.55684257898855,0.0,0.0
33778551,50,sa,sa,88.9150834514546,88.9150834514546,0.0,0.0
176930993,50,aco,aco,8.56639611587111,8.56639611587111,0.0,0.0
52627521,50,aco,aco,46.92020039438248,46.92020039438248,0.0,0.0
570455600,50,sa,sa,150.55201375648414,150.55201375648414,0.0,0.0
91901195,50,sa,ga,57.63125264497308,60.72241820579371,3.0911655608206274,0.053636966384596814
114290580,50,aco,aco,3.843204399575892,3.843204399575892,0.0,0.0
126417748,50,aco,aco,9.614887440253437,9.614887440253437,0.0,0.0
4717229,50,ga,ga,30.500689884229445,30.500689884229445,0.0,0.0
28831943,50,aco,aco,86.38260050767042,86.38260050767042,0.0,0.0
62301331,50,sa,sa,84.98209299011862,84.98209299011862,0.0,0.0
72264358,50,aco,aco,132.50200512645458,132.50200512645458,0.0,0.0
36999830,50,aco,aco,71.43594085380022,71.43594085380022,0.0,0.0
70189974,50,aco,aco,65.36510327251844,65.36510327251844,0.0,0.0
132890225,50,ga,ga,8.667121214250551,8.667121214250551,0.0,0.0
81698816,50,aco,aco,35.67913991197089,35.67913991197089,0.0,0.0
797840,50,aco,aco,22.63352893613933,22.63352893613933,0.0,0.0
245694828,50,sa,sa,175.29129464657638,175.29129464657638,0.0,0.0
73132009,50,aco,aco,18.21409564867006,18.21409564867006,0.0,0.0
175843936,50,aco,aco,28.662173938314574,28.662173938314574,0.0,0.0
165631584,50,ga,ga,57.909891226075175,57.909891226075175,0.0,0.0
53455280,50,aco,aco,12.70978218572688,12.70978218572688,0.0,0.0
197654887,50,aco,aco,14.497714227957982,14.497714227957982,0.0,0.0
92399845,50,aco,aco,59.885337436202335,59.885337436202335,0.0,0.0
171575492,50,ga,ga,20.07531534198553,20.07531534198553,0.0,0.0
90614678,50,aco,aco,121.76140701606636,121.76140701606636,0.0,0.0
125230961,50,aco,aco,26.495791477375366,26.495791477375366,0.0,0.0
116484640,50,ga,ga,13.055412996073477,13.055412996073477,0.0,0.0
309163,50,ga,ga,32.90946958456958,32.90946958456958,0.0,0.0
150053758,50,aco,aco,51.31931859021213,51.31931859021213,0.0,0.0
117471967,50,ga,ga,25.15099530443772,25.15099530443772,0.0,0.0
52418088,50,aco,aco,27.381990622207105,27.381990622207105,0.0,0.0
126477586,50,aco,aco,33.16372567093823,33.16372567093823,0.0,0.0
4268444,50,aco,aco,44.08007058237218,44.08007058237218,0.0,0.0
184191337,50,aco,aco,7.785855191943315,7.785855191943315,0.0,0.0
108107320,50,aco,aco,6.061964308637887,6.061964308637887,0.0,0.0
83683443,50,aco,aco,115.50992816751253,115.50992816751253,0.0,0.0
92908468,50,aco,aco,34.47130867883419,34.47130867883419,0.0,0.0
171625357,50,sa,ga,66.52070629066779,67.68907654515539,1.1683702544875985,0.017564008556708748
34765878,50,ga,ga,20.221458869225927,20.221458869225927,0.0,0.0
195211502,50,aco,aco,9.842862375630222,9.842862375630222,0.0,0.0
222268251,50,sa,sa,84.72209347872172,84.72209347872172,0.0,0.0
180421543,50,ga,ga,38.38335550363513,38.38335550363513,0.0,0.0
66111017,50,aco,aco,21.4276210036106,21.4276210036106,0.0,0.0
33459415,50,ga,ga,46.53682109972922,46.53682109972922,0.0,0.0
177479508,50,aco,aco,61.20010322151921,61.20010322151921,0.0,0.0
121421275,50,sa,sa,132.65378249085094,132.65378249085094,0.0,0.0
165481989,50,ga,ga,29.768857215566637,29.768857215566637,0.0,0.0
180152272,50,sa,sa,51.087042689662496,51.087042689662496,0.0,0.0
138804214,50,ga,ga,72.9427065262423,72.9427065262423,0.0,0.0
168453943,50,ga,ga,25.25092977708936,25.25092977708936,0.0,0.0
124752257,50,aco,aco,26.63650494748549,26.63650494748549,0.0,0.0
147869671,50,ga,ga,11.5622820261257,11.5622820261257,0.0,0.0
25171852,50,ga,ga,12.462467540189992,12.462467540189992,0.0,0.0
170638030,50,ga,ga,244.63507351618944,244.63507351618944,0.0,0.0
67317750,50,ga,ga,7.734244778020124,7.734244778020124,0.0,0.0
125998882,50,aco,aco,24.84941461654681,24.84941461654681,0.0,0.0
148268591,50,ga,ga,12.352752519691627,12.352752519691627,0.0,0.0
100777165,50,ga,ga,32.02543985087269,32.02543985087269,0.0,0.0
90435164,50,ga,ga,401.2528849264198,401.2528849264198,0.0,0.0
181917493,50,aco,aco,68.22981127423236,68.22981127423236,0.0,0.0
6173287,50,aco,aco,38.020485018416856,38.020485018416856,0.0,0.0
136689938,50,ga,ga,77.92302818223023,77.92302818223023,0.0,0.0
69531756,50,ga,ga,26.757373952154044,26.757373952154044,0.0,0.0
46005449,50,aco,aco,39.00088812009896,39.00088812009896,0.0,0.0
10800759,50,aco,aco,35.64631537849973,35.64631537849973,0.0,0.0
57863346,50,aco,aco,18.988586120811732,18.988586120811732,0.0,0.0
68933376,50,aco,aco,33.15289566703766,33.15289566703766,0.0,0.0
147311183,50,aco,aco,4.823342085432063,4.823342085432063,0.0,0.0
117412129,50,ga,ga,14.705291176347009,14.705291176347009,0.0,0.0
145675611,50,aco,aco,77.4100147481821,77.4100147481821,0.0,0.0
28054049,50,ga,ga,30.139763343186225,30.139763343186225,0.0,0.0
9234998,50,aco,aco,41.11781775280071,41.11781775280071,0.0,0.0
77968914,50,aco,aco,140.1135380853235,140.1135380853235,0.0,0.0
126746857,50,ga,ga,31.85946955321491,31.85946955321491,0.0,0.0
87283696,50,aco,aco,122.16163324973124,122.16163324973124,0.0,0.0
65173555,50,ga,ga,131.277446148513,131.277446148513,0.0,0.0
179394324,50,aco,aco,56.49647151071443,56.49647151071443,0.0,0.0
24812824,50,ga,ga,9.92573611204912,9.92573611204912,0.0,0.0
242822604,50,sa,sa,262.09368344349065,262.09368344349065,0.0,0.0
57584102,50,aco,aco,77.85610230016705,77.85610230016705,0.0,0.0
64176255,50,aco,aco,14.998872713330952,14.998872713330952,0.0,0.0
182805090,50,ga,ga,15.64953164489122,15.64953164489122,0.0,0.0
137168642,50,aco,aco,29.635404813442577,29.635404813442577,0.0,0.0
505002801,50,sa,sa,157.12900170809914,157.12900170809914,0.0,0.0
65951449,50,aco,aco,51.3007403890713,51.3007403890713,0.0,0.0
61653086,50,ga,ga,25.25989585677249,25.25989585677249,0.0,0.0
416951184,50,sa,sa,142.52332186993596,142.52332186993596,0.0,0.0
138624700,50,ga,ga,94.70939405411912,94.70939405411912,0.0,0.0
5535015,50,aco,aco,68.89277593332372,68.89277593332372,0.0,0.0
11399139,50,aco,aco,10.464638189377164,10.464638189377164,0.0,0.0
131992655,50,aco,aco,50.680994751553946,50.680994751553946,0.0,0.0
165162853,50,aco,aco,81.99672517723197,81.99672517723197,0.0,0.0
103918660,50,aco,aco,10.52407192143452,10.52407192143452,0.0,0.0
73969741,50,ga,ga,12.805352842910873,12.805352842910873,0.0,0.0
615513614,50,sa,sa,172.11024082037858,172.11024082037858,0.0,0.0
177609157,50,ga,ga,14.845712039253849,14.845712039253849,0.0,0.0
31913600,50,aco,aco,14.780761497343477,14.780761497343477,0.0,0.0
133757876,50,aco,aco,30.350599525938065,30.350599525938065,0.0,0.0
38256428,50,aco,ga,18.09672079189831,22.23371001242141,4.136989220523102,0.22860435700456755
26568072,50,aco,aco,13.691884775113497,13.691884775113497,0.0,0.0
99759919,50,aco,aco,7.643774160764837,7.643774160764837,0.0,0.0
154072877,50,aco,aco,55.88455972798506,55.88455972798506,0.0,0.0
196677533,50,aco,aco,7.791282940722517,7.791282940722517,0.0,0.0
191451681,50,ga,ga,72.00475919423624,72.00475919423624,0.0,0.0
188709106,50,ga,ga,7.664459512757142,7.664459512757142,0.0,0.0
4258471,50,aco,aco,128.52983121789975,128.52983121789975,0.0,0.0
56556883,50,aco,aco,13.787279219181771,13.787279219181771,0.0,0.0
179553892,50,ga,ga,15.02060604210336,15.02060604210336,0.0,0.0
700942332,50,sa,sa,370.9000770256445,370.9000770256445,0.0,0.0
106252342,50,ga,ga,11.848574314375051,11.848574314375051,0.0,0.0
180521273,50,aco,aco,17.172786339582338,17.172786339582338,0.0,0.0
149485297,50,aco,aco,8.652007217460293,8.652007217460293,0.0,0.0
702946905,50,sa,sa,173.66451441603937,173.66451441603937,0.0,0.0
121550924,50,aco,aco,60.859608387412536,60.859608387412536,0.0,0.0
41657221,50,aco,aco,8.914882184047194,8.914882184047194,0.0,0.0
79075917,50,aco,aco,27.32184846613076,27.32184846613076,0.0,0.0
16515288,50,ga,sa,163.77182325004205,776.7480117718748,612.9761885218327,3.7428672182879623
96837830,50,ga,ga,31.28040996390896,31.28040996390896,0.0,0.0
59558756,50,ga,ga,29.981457695237363,29.981457695237363,0.0,0.0
166808398,50,ga,ga,39.05631040761208,39.05631040761208,0.0,0.0
92938387,50,aco,aco,7.007493455027796,7.007493455027796,0.0,0.0
132212061,50,aco,aco,80.42295835755088,80.42295835755088,0.0,0.0
537973539,50,sa,sa,72.23165679316318,72.23165679316318,0.0,0.0
49126998,50,aco,aco,13.608466382692646,13.608466382692646,0.0,0.0
54392742,50,ga,ga,28.879547840972126,28.879547840972126,0.0,0.0
44659094,50,aco,ga,11.000403200894056,12.817799295119622,1.8173960942255665,0.165211770971982
199370243,50,aco,aco,13.09430677579727,13.09430677579727,0.0,0.0
42295493,50,aco,aco,56.97467251794574,56.97467251794574,0.0,0.0
70918003,50,ga,ga,67.61126785199605,67.61126785199605,0.0,0.0
181747952,50,ga,ga,12.42481455304788,12.42481455304788,0.0,0.0
178815890,50,aco,aco,7.328245977567174,7.328245977567174,0.0,0.0
22927927,50,ga,ga,46.75498111958771,46.75498111958771,0.0,0.0
5385420,50,aco,aco,12.913812863541049,12.913812863541049,0.0,0.0
88580186,50,ga,ga,34.72380946268508,34.72380946268508,0.0,0.0
51680086,50,ga,sa,214.89552231248564,245.66900146333109,30.773479150845446,0.14320204916181017
53126171,50,ga,ga,53.71988724781959,53.71988724781959,0.0,0.0
44579310,50,aco,aco,72.29165611682477,72.29165611682477,0.0,0.0
113512686,50,aco,aco,37.34163999304562,37.34163999304562,0.0,0.0
198731971,50,aco,aco,18.562311189591707,18.562311189591707,0.0,0.0
84032498,50,aco,aco,52.66559741371703,52.66559741371703,0.0,0.0
180291894,50,aco,aco,65.6906269601661,65.6906269601661,0.0,0.0
58531537,50,ga,ga,63.43150921075095,63.43150921075095,0.0,0.0
123874633,50,ga,ga,76.63781257057542,76.63781257057542,0.0,0.0
187063561,50,aco,aco,35.485429468830056,35.485429468830056,0.0,0.0
59748243,50,ga,ga,138.02598270018302,138.02598270018302,0.0,0.0
7768967,50,aco,aco,22.25125457245488,22.25125457245488,0.0,0.0
132880252,50,ga,ga,20.31342345847333,20.31342345847333,0.0,0.0
311805845,50,sa,sa,252.97577495207275,252.97577495207275,0.0,0.0
480598870,50,sa,sa,51.22831695944305,51.22831695944305,0.0,0.0
188170564,50,ga,ga,17.188613665778355,17.188613665778355,0.0,0.0
49515945,50,aco,aco,11.429501568755402,11.429501568755402,0.0,0.0
135782395,50,sa,sa,7.206583057580067,7.206583057580067,0.0,0.0
56596775,50,ga,ga,41.675160973361855,41.675160973361855,0.0,0.0
13762740,50,aco,aco,13.64983602018756,13.64983602018756,0.0,0.0
54153390,50,aco,aco,6.485818992080228,6.485818992080228,0.0,0.0
203818201,50,sa,sa,311.7881511718325,311.7881511718325,0.0,0.0
82047871,50,aco,aco,8.984226547517915,8.984226547517915,0.0,0.0
90634624,50,ga,ga,102.77254715094938,102.77254715094938,0.0,0.0
189407216,50,aco,aco,55.03568117323315,55.03568117323315,0.0,0.0
170428597,50,ga,ga,89.378004746904,89.378004746904,0.0,0.0
190484300,50,ga,ga,10.64816663536746,10.64816663536746,0.0,0.0
124153877,50,sa,sa,127.24615438073386,127.24615438073386,0.0,0.0
48359077,50,aco,aco,35.4141803527295,35.4141803527295,0.0,0.0
64246066,50,ga,ga,79.32384849967478,79.32384849967478,0.0,0.0
17283209,50,aco,aco,31.135812023903583,31.135812023903583,0.0,0.0
124822068,50,aco,aco,17.409104072373704,17.409104072373704,0.0,0.0
13772713,50,aco,aco,74.98491401306455,74.98491401306455,0.0,0.0
78028752,50,ga,ga,41.08912442537265,41.08912442537265,0.0,0.0
198552457,50,aco,aco,78.15278812779616,78.15278812779616,0.0,0.0
67108317,50,aco,aco,36.53811242173599,36.53811242173599,0.0,0.0
172602711,50,aco,aco,82.09034507147872,82.09034507147872,0.0,0.0
198003942,50,aco,aco,139.77497862546377,139.77497862546377,0.0,0.0
180331786,50,ga,ga,32.152986579428216,32.152986579428216,0.0,0.0
49166890,50,ga,ga,22.57981998503822,22.57981998503822,0.0,0.0
104497094,50,aco,aco,62.57544843770665,62.57544843770665,0.0,0.0
12775413,50,ga,ga,41.76460341197282,41.76460341197282,0.0,0.0
12785386,50,aco,aco,12.091559679179648,12.091559679179648,0.0,0.0
546101534,50,sa,sa,96.62238416228642,96.62238416228642,0.0,0.0
110490867,50,aco,aco,3.5195545874872645,3.5195545874872645,0.0,0.0
111059328,50,aco,aco,48.98850292176464,48.98850292176464,0.0,0.0
23546253,50,aco,aco,98.15997945511782,98.15997945511782,0.0,0.0
155159934,50,ga,ga,61.34961598390359,61.34961598390359,0.0,0.0
75166501,50,aco,aco,57.73390496489955,57.73390496489955,0.0,0.0
36750505,50,ga,ga,5.500709147187529,5.500709147187529,0.0,0.0
51839654,50,aco,aco,54.15546229935234,54.15546229935234,0.0,0.0
88739754,50,ga,ga,48.21284207361094,48.21284207361094,0.0,0.0
74877284,50,aco,aco,10.247388792207191,10.247388792207191,0.0,0.0
137767022,50,ga,ga,35.768487281962194,35.768487281962194,0.0,0.0
105883341,50,aco,aco,62.44511074044126,62.44511074044126,0.0,0.0
132900198,50,ga,ga,6.91929937647387,6.91929937647387,0.0,0.0
140369975,50,aco,aco,23.71414433465868,23.71414433465868,0.0,0.0
121391356,50,aco,aco,16.515917418788135,16.515917418788135,0.0,0.0
100956679,50,ga,ga,36.73192995069925,36.73192995069925,0.0,0.0
18250590,50,aco,aco,40.826900408957385,40.826900408957385,0.0,0.0
186894020,50,ga,ga,49.580966784691,49.580966784691,0.0,0.0
85847584,50,ga,ga,280.6797210495378,280.6797210495378,0.0,0.0
32332466,50,aco,aco,24.165373006326604,24.165373006326604,0.0,0.0
110819976,50,aco,aco,57.892349731464535,57.892349731464535,0.0,0.0
44718932,50,ga,ga,67.38910739765302,67.38910739765302,0.0,0.0
52069033,50,aco,aco,90.3102616323036,90.3102616323036,0.0,0.0
691208684,50,sa,sa,175.5547391938044,175.5547391938044,0.0,0.0
127065993,50,aco,aco,17.40575624980775,17.40575624980775,0.0,0.0
57145290,50,aco,aco,16.143507637987355,16.143507637987355,0.0,0.0
26358639,50,aco,aco,97.77561114410258,97.77561114410258,0.0,0.0
395140233,50,sa,sa,128.13987301095045,128.13987301095045,0.0,0.0
269919245,50,sa,sa,251.37178798799417,251.37178798799417,0.0,0.0
132581062,50,sa,sa,48.71323982164012,48.71323982164012,0.0,0.0
82067817,50,aco,aco,6.74783430275302,6.74783430275302,0.0,0.0
249325,50,aco,aco,8.061293776830146,8.061293776830146,0.0,0.0
95002798,50,aco,aco,41.45306888536637,41.45306888536637,0.0,0.0
99460729,50,aco,aco,44.17763003240052,44.17763003240052,0.0,0.0
29968865,50,ga,ga,31.580465653148007,31.580465653148007,0.0,0.0
176921020,50,ga,ga,46.11564790127648,46.11564790127648,0.0,0.0
64694851,50,aco,aco,8.404929019871952,8.404929019871952,0.0,0.0
44240228,50,aco,aco,12.490588515450096,12.490588515450096,0.0,0.0
186215856,50,ga,ga,75.94366480003593,75.94366480003593,0.0,0.0
143511470,50,ga,ga,55.164030372488455,55.164030372488455,0.0,0.0
5864124,50,aco,aco,161.10984086721996,161.10984086721996,0.0,0.0
3051738,50,ga,ga,46.64818937074171,46.64818937074171,0.0,0.0
156925155,50,aco,aco,39.48368935585013,39.48368935585013,0.0,0.0
112385737,50,ga,ga,22.89993992147252,22.89993992147252,0.0,0.0
58401888,50,aco,aco,48.34664527855645,48.34664527855645,0.0,0.0
31444869,50,ga,ga,10.424446582646372,10.424446582646372,0.0,0.0
74647905,50,ga,ga,333.25122900271185,333.25122900271185,0.0,0.0
171356086,50,ga,ga,34.13234110671732,34.13234110671732,0.0,0.0
89717108,50,ga,ga,43.59489628431061,43.59489628431061,0.0,0.0
164624311,50,ga,ga,23.444086062746887,23.444086062746887,0.0,0.0
136151396,50,ga,ga,23.439361742765808,23.439361742765808,0.0,0.0
15508015,50,aco,aco,28.871233322141556,28.871233322141556,0.0,0.0
69033106,50,aco,aco,97.80974791227732,97.80974791227732,0.0,0.0
34825716,50,ga,ga,12.097773531427189,12.097773531427189,0.0,0.0
162051277,50,ga,ga,22.17798706955841,22.17798706955841,0.0,0.0
64345796,50,aco,aco,5.988961155105831,5.988961155105831,0.0,0.0
142025493,50,aco,aco,76.50056530515258,76.50056530515258,0.0,0.0
597841458,50,sa,sa,99.172778892587,99.172778892587,0.0,0.0
42205736,50,aco,aco,25.964627493425624,25.964627493425624,0.0,0.0
183363578,50,aco,aco,16.68185821847009,16.68185821847009,0.0,0.0
51729951,50,aco,aco,18.778289871586963,18.778289871586963,0.0,0.0
178875728,50,ga,ga,9.888968267970842,9.888968267970842,0.0,0.0
72862738,50,aco,aco,53.681610674364975,53.681610674364975,0.0,0.0
129908298,50,aco,aco,26.61453408181821,26.61453408181821,0.0,0.0
121700519,50,ga,ga,5.894522968541801,5.894522968541801,0.0,0.0
41397923,50,aco,aco,11.529710755630802,11.529710755630802,0.0,0.0
13692929,50,aco,aco,10.88880038291486,10.88880038291486,0.0,0.0
77819319,50,ga,sa,147.42456193076464,310.6761051347478,163.25154320398315,1.107356474836611
73351415,50,aco,aco,30.45139335654722,30.45139335654722,0.0,0.0
169590865,50,aco,aco,40.8868180480971,40.8868180480971,0.0,0.0
128093212,50,sa,sa,70.07225432179916,70.07225432179916,0.0,0.0
130706138,50,aco,aco,14.555109195833277,14.555109195833277,0.0,0.0
126078666,50,sa,sa,90.94854703517912,90.94854703517912,0.0,0.0
36281774,50,aco,aco,41.500813701224416,41.500813701224416,0.0,0.0
129519351,50,aco,aco,32.09399898479701,32.09399898479701,0.0,0.0
195371070,50,aco,aco,22.63288871337853,22.63288871337853,0.0,0.0
48438861,50,aco,aco,14.04246957332855,14.04246957332855,0.0,0.0
62969522,50,ga,aco,7.277912179696882,7.722352080817156,0.4444399011202744,0.06106695026633104
198293159,50,aco,aco,12.18150795665473,12.18150795665473,0.0,0.0
199340324,50,ga,ga,16.196723317931397,16.196723317931397,0.0,0.0
134745203,50,aco,aco,147.43929433236673,147.43929433236673,0.0,0.0
174288148,50,ga,ga,41.53877006579634,41.53877006579634,0.0,0.0
156975020,50,ga,ga,77.32190612052979,77.32190612052979,0.0,0.0
147231399,50,aco,aco,64.98393911086941,64.98393911086941,0.0,0.0
69571648,50,ga,ga,37.84477683148214,37.84477683148214,0.0,0.0
512332956,50,sa,sa,69.30034592145914,69.30034592145914,0.0,0.0
7958454,50,aco,aco,22.267836247551813,22.267836247551813,0.0,0.0
682472336,50,sa,sa,231.1105655543356,231.1105655543356,0.0,0.0
303947121,50,sa,sa,86.47432073510993,86.47432073510993,0.0,0.0
126327991,50,aco,aco,4.219286021799576,4.219286021799576,0.0,0.0
108925106,50,ga,ga,13.322526583114165,13.322526583114165,0.0,0.0
728029,50,sa,sa,1214.3795635398326,1214.3795635398326,0.0,0.0
333896040,50,sa,sa,151.5409062755839,151.5409062755839,0.0,0.0
79534675,50,aco,aco,62.37001070256999,62.37001070256999,0.0,0.0
14201552,50,ga,ga,33.866204943911264,33.866204943911264,0.0,0.0
89727081,50,aco,aco,9.28289156206262,9.28289156206262,0.0,0.0
164374986,50,aco,aco,32.76533889776809,32.76533889776809,0.0,0.0
152008466,50,aco,aco,23.68970749192106,23.68970749192106,0.0,0.0
128871106,50,aco,aco,52.90471739304528,52.90471739304528,0.0,0.0
168802998,50,aco,aco,19.12395597767773,19.12395597767773,0.0,0.0
34047822,50,aco,aco,238.86357703886023,238.86357703886023,0.0,0.0
148468051,50,ga,ga,27.73019382115735,27.73019382115735,0.0,0.0
60705651,50,aco,aco,73.23935213899315,73.23935213899315,0.0,0.0
60326677,50,aco,aco,25.34629965818502,25.34629965818502,0.0,0.0
28303374,50,aco,aco,21.36773805795975,21.36773805795975,0.0,0.0
54322931,50,aco,aco,30.134935753360477,30.134935753360477,0.0,0.0
89487729,50,ga,ga,119.17849135816186,119.17849135816186,0.0,0.0
95770719,50,aco,aco,22.46447410108342,22.46447410108342,0.0,0.0
657160862,50,sa,sa,577.6469610684896,577.6469610684896,0.0,0.0
271345384,50,sa,sa,162.4684591302042,162.4684591302042,0.0,0.0
525786533,50,sa,sa,89.91503696430763,89.91503696430763,0.0,0.0
80522002,50,aco,aco,15.09538504569035,15.09538504569035,0.0,0.0
189068134,50,aco,aco,6.042454854173878,6.042454854173878,0.0,0.0
126158450,50,ga,ga,10.850043334991728,10.850043334991728,0.0,0.0
101265842,50,aco,aco,46.21862273937506,46.21862273937506,0.0,0.0
91392572,50,ga,ga,60.04004389635256,60.04004389635256,0.0,0.0
7589453,50,aco,aco,101.27826582939451,101.27826582939451,0.0,0.0
91183139,50,aco,ga,55.76110085961477,63.41434558600612,7.65324472639135,0.13725060316974924
163666903,50,ga,ga,41.53219946801792,41.53219946801792,0.0,0.0
65931503,50,aco,aco,48.38477904654781,48.38477904654781,0.0,0.0
6452531,50,ga,ga,13.496917755308008,13.496917755308008,0.0,0.0
135692638,50,aco,aco,36.68985705270873,36.68985705270873,0.0,0.0
49486026,50,ga,ga,170.4187827433914,170.4187827433914,0.0,0.0
126836614,50,ga,ga,11.52630648700153,11.52630648700153,0.0,0.0
139991001,50,aco,aco,7.379075958143447,7.379075958143447,0.0,0.0
123655227,50,ga,ga,67.69519077705657,67.69519077705657,0.0,0.0
103519740,50,aco,aco,78.34918558462567,78.34918558462567,0.0,0.0
39572864,50,aco,aco,19.73352236817072,19.73352236817072,0.0,0.0
41966384,50,ga,ga,23.62919773434151,23.62919773434151,0.0,0.0
117601616,50,ga,ga,21.33306026704224,21.33306026704224,0.0,0.0
72743062,50,aco,aco,24.231279173108327,24.231279173108327,0.0,0.0
38824889,50,aco,aco,54.671358222625166,54.671358222625166,0.0,0.0
112056628,50,ga,ga,57.81303183544626,57.81303183544626,0.0,0.0
79235485,50,aco,aco,46.62269087036678,46.62269087036678,0.0,0.0
579860139,50,sa,sa,81.2413406168694,81.2413406168694,0.0,0.0
72872711,50,aco,aco,64.65245396761765,64.65245396761765,0.0,0.0
174298121,50,aco,aco,100.58851264110324,100.58851264110324,0.0,0.0
156256964,50,aco,aco,16.93466514998521,16.93466514998521,0.0,0.0
80611759,50,aco,aco,185.58930022463332,185.58930022463332,0.0,0.0
72164628,50,ga,ga,94.39956850124612,94.39956850124612,0.0,0.0
114410256,50,aco,aco,9.59504803940206,9.59504803940206,0.0,0.0
11678383,50,aco,aco,17.83858460129463,17.83858460129463,0.0,0.0
49735351,50,aco,aco,14.689533201395877,14.689533201395877,0.0,0.0
46593856,50,ga,ga,81.13415709618181,81.13415709618181,0.0,0.0
79943568,50,aco,aco,46.36294715102263,46.36294715102263,0.0,0.0
188210456,50,aco,aco,181.0400667794269,181.0400667794269,0.0,0.0
35683394,50,aco,aco,78.3108544787932,78.3108544787932,0.0,0.0
134894798,50,aco,aco,29.44817360165017,29.44817360165017,0.0,0.0
60795408,50,aco,aco,105.26664625984802,105.26664625984802,0.0,0.0
130785922,50,aco,aco,22.638403494585937,22.638403494585937,0.0,0.0
123814795,50,ga,ga,17.1330011113644,17.1330011113644,0.0,0.0
176821290,50,aco,aco,71.18597230432901,71.18597230432901,0.0,0.0
8616672,50,sa,sa,26.117348728672745,26.117348728672745,0.0,0.0
112066601,50,aco,aco,29.26779973587277,29.26779973587277,0.0,0.0
125978936,50,aco,aco,28.0459908045244,28.0459908045244,0.0,0.0
75126609,50,aco,aco,7.172924792643432,7.172924792643432,0.0,0.0
6552261,50,aco,aco,10.595679006048606,10.595679006048606,0.0,0.0
22100168,50,ga,ga,73.4426873548261,73.4426873548261,0.0,0.0
138285618,50,aco,aco,103.0514173015768,103.0514173015768,0.0,0.0
73361388,50,aco,aco,10.976467741581091,10.976467741581091,0.0,0.0
72314223,50,aco,aco,36.17992588501953,36.17992588501953,0.0,0.0
24852716,50,ga,ga,72.81561595728952,72.81561595728952,0.0,0.0
21651383,50,ga,ga,18.64558363760451,18.64558363760451,0.0,0.0
178586511,50,aco,aco,44.70347383011144,44.70347383011144,0.0,0.0
52737224,50,aco,aco,19.218883610171908,19.218883610171908,0.0,0.0
60496218,50,ga,ga,71.99437325379787,71.99437325379787,0.0,0.0
146074531,50,aco,aco,18.86163730817233,18.86163730817233,0.0,0.0
517419186,50,sa,sa,71.18487673679607,71.18487673679607,0.0,0.0
43741578,50,ga,ga,20.12851751498434,20.12851751498434,0.0,0.0
156705749,50,ga,ga,16.98615006508475,16.98615006508475,0.0,0.0
195141691,50,aco,ga,15.365195926811335,17.80124877299189,2.436052846180555,0.1585435589486881
158500889,50,aco,aco,11.92420787382825,11.92420787382825,0.0,0.0
71935249,50,aco,aco,8.17989557966957,8.17989557966957,0.0,0.0
46184963,50,aco,aco,33.41906402923577,33.41906402923577,0.0,0.0
198672133,50,aco,aco,24.213479503683345,24.213479503683345,0.0,0.0
123645254,50,ga,ga,88.18930489268467,88.18930489268467,0.0,0.0
142962955,50,ga,ga,109.36035521586145,109.36035521586145,0.0,0.0
140320110,50,aco,aco,74.11183615996978,74.11183615996978,0.0,0.0
195111772,50,ga,ga,54.669074156814006,54.669074156814006,0.0,0.0
60735570,50,ga,ga,25.018185645339923,25.018185645339923,0.0,0.0
47112452,50,aco,aco,26.81008911251974,26.81008911251974,0.0,0.0
480848195,50,sa,sa,279.3706048667736,279.3706048667736,0.0,0.0
44569337,50,aco,aco,13.402700991065387,13.402700991065387,0.0,0.0
127444967,50,ga,ga,16.73052174837665,16.73052174837665,0.0,0.0
173370632,50,ga,ga,29.674609437605547,29.674609437605547,0.0,0.0
149565081,50,aco,aco,14.937361224385068,14.937361224385068,0.0,0.0
526584373,50,sa,sa,22.35482867162516,22.35482867162516,0.0,0.0
78786700,50,ga,ga,130.15625380025602,130.15625380025602,0.0,0.0
52448007,50,aco,aco,41.19671312546867,41.19671312546867,0.0,0.0
155339448,50,ga,ga,23.86924408404684,23.86924408404684,0.0,0.0
186305613,50,aco,aco,48.771484487888,48.771484487888,0.0,0.0
107678481,50,aco,aco,14.540623821046292,14.540623821046292,0.0,0.0
177459562,50,aco,aco,57.24144610123015,57.24144610123015,0.0,0.0
114569824,50,aco,aco,21.1488926319889,21.1488926319889,0.0,0.0
186525019,50,aco,aco,78.87552096057937,78.87552096057937,0.0,0.0
191740898,50,aco,aco,31.90444054787832,31.90444054787832,0.0,0.0
116335045,50,aco,aco,32.16359894646976,32.16359894646976,0.0,0.0
183672741,50,aco,aco,11.2015354801662,11.2015354801662,0.0,0.0
99031890,50,aco,aco,22.48561875333772,22.48561875333772,0.0,0.0
40610056,50,aco,aco,13.145894326190016,13.145894326190016,0.0,0.0
77849238,50,aco,aco,73.18304648708452,73.18304648708452,0.0,0.0
196089126,50,ga,ga,36.34101852523631,36.34101852523631,0.0,0.0
94284742,50,aco,aco,47.859730257076535,47.859730257076535,0.0,0.0
126607235,50,ga,aco,26.698791947302013,27.168244832696143,0.46945288539413,0.017583300634752858
50343704,50,ga,ga,14.00893522303776,14.00893522303776,0.0,0.0
140479678,50,ga,ga,64.162726539863,64.162726539863,0.0,0.0
61912384,50,aco,aco,43.51111244902564,43.51111244902564,0.0,0.0
155508989,50,aco,aco,38.54525858526572,38.54525858526572,0.0,0.0
101415437,50,aco,aco,61.729663123639824,61.729663123639824,0.0,0.0
132451413,50,aco,aco,26.789441384682963,26.789441384682963,0.0,0.0
162450197,50,aco,aco,5.721078722623275,5.721078722623275,0.0,0.0
104407337,50,aco,aco,18.99640666288851,18.99640666288851,0.0,0.0
5684610,50,aco,aco,27.56379169146896,27.56379169146896,0.0,0.0
155778260,50,aco,aco,61.09756145060575,61.09756145060575,0.0,0.0
109184404,50,ga,ga,19.34473064823613,19.34473064823613,0.0,0.0
40091460,50,ga,ga,111.59952776392817,111.59952776392817,0.0,0.0
35234609,50,aco,aco,72.84298600162106,72.84298600162106,0.0,0.0
77978887,50,sa,sa,134.13057527144304,134.13057527144304,0.0,0.0
88051617,50,ga,ga,68.79249080407442,68.79249080407442,0.0,0.0
181608330,50,aco,aco,55.09188291328884,55.09188291328884,0.0,0.0
78836565,50,aco,aco,38.989733421125614,38.989733421125614,0.0,0.0
192478900,50,ga,ga,15.33005250139944,15.33005250139944,0.0,0.0
38146725,50,aco,aco,27.399849880524823,27.399849880524823,0.0,0.0
126547397,50,aco,aco,7.8119955938615,7.8119955938615,0.0,0.0
51590329,50,aco,aco,11.449478072699144,11.449478072699144,0.0,0.0
69870838,50,aco,aco,10.438595819444082,10.438595819444082,0.0,0.0
179902947,50,aco,aco,68.12456380009044,68.12456380009044,0.0,0.0
198702052,50,ga,ga,14.236443745966117,14.236443745966117,0.0,0.0
162021358,50,aco,aco,64.73199330651549,64.73199330651549,0.0,0.0
127704265,50,ga,ga,90.7066996088253,90.7066996088253,0.0,0.0
138694511,50,ga,ga,35.20015961992065,35.20015961992065,0.0,0.0
13453577,50,ga,ga,21.79731465464092,21.79731465464092,0.0,0.0
77639805,50,ga,aco,113.27352428162612,118.47053623056463,5.19701194893851,0.045880200001700726
55798935,50,aco,aco,14.163265402171408,14.163265402171408,0.0,0.0
37299020,50,ga,ga,97.12486161620674,97.12486161620674,0.0,0.0
107080101,50,ga,ga,21.639778493494926,21.639778493494926,0.0,0.0
224931042,50,sa,sa,311.7664821424837,311.7664821424837,0.0,0.0
713268960,50,sa,sa,168.78176146973306,168.78176146973306,0.0,0.0
424061933,50,sa,sa,448.48139267615016,448.48139267615016,0.0,0.0
129878379,50,aco,aco,49.97193325449602,49.97193325449602,0.0,0.0
113133712,50,ga,ga,28.075345352578083,28.075345352578083,0.0,0.0
23137360,50,aco,aco,8.645535743390319,8.645535743390319,0.0,0.0
139053539,50,aco,aco,17.062861142464,17.062861142464,0.0,0.0
81559194,50,ga,ga,36.32634123109904,36.32634123109904,0.0,0.0
114320499,50,aco,aco,273.1064873097421,273.1064873097421,0.0,0.0
183812363,50,aco,aco,162.24547298749155,162.24547298749155,0.0,0.0
6771667,50,ga,ga,48.32656693827648,48.32656693827648,0.0,0.0
63717497,50,aco,aco,45.343568174092646,45.343568174092646,0.0,0.0
108815403,50,ga,ga,69.12093881087605,69.12093881087605,0.0,0.0
189656541,50,aco,aco,42.749153034325175,42.749153034325175,0.0,0.0
110700300,50,aco,aco,34.134052851565,34.134052851565,0.0,0.0
244378392,50,sa,sa,173.47354170072063,173.47354170072063,0.0,0.0
153334875,50,ga,ga,26.132137744881906,26.132137744881906,0.0,0.0
160415705,50,aco,aco,47.73423696643922,47.73423696643922,0.0,0.0
132421494,50,ga,ga,99.22202316755111,99.22202316755111,0.0,0.0
25281555,50,ga,ga,83.63121602909779,83.63121602909779,0.0,0.0
158221645,50,ga,aco,59.792955452436246,161.5001676640657,101.70721221162947,1.7009898815343714
137009074,50,aco,aco,80.90796773674182,80.90796773674182,0.0,0.0
168443970,50,aco,aco,40.42692665176949,40.42692665176949,0.0,0.0
122528278,50,aco,aco,20.212656753109997,20.212656753109997,0.0,0.0
35025176,50,ga,ga,62.97208591301184,62.97208591301184,0.0,0.0
131533897,50,aco,aco,9.066260582147194,9.066260582147194,0.0,0.0
25241663,50,aco,aco,56.62885729494728,56.62885729494728,0.0,0.0
17243317,50,aco,aco,43.65287066701412,43.65287066701412,0.0,0.0
58082752,50,ga,ga,48.2916975806806,48.2916975806806,0.0,0.0
198901512,50,aco,aco,152.84420798228018,152.84420798228018,0.0,0.0
199380216,50,aco,aco,18.23736393539677,18.23736393539677,0.0,0.0
196158937,50,ga,ga,24.856278560797563,24.856278560797563,0.0,0.0
31704167,50,ga,ga,14.877291753712123,14.877291753712123,0.0,0.0
8955754,50,aco,aco,60.598462367377095,60.598462367377095,0.0,0.0
133329037,50,ga,ga,19.059179425195484,19.059179425195484,0.0,0.0
193775390,50,aco,aco,50.785081985354935,50.785081985354935,0.0,0.0
736196887,50,sa,sa,564.8571251191618,564.8571251191618,0.0,0.0
2433412,50,aco,aco,76.94147243598242,76.94147243598242,0.0,0.0
13363820,50,aco,aco,22.70210764729676,22.70210764729676,0.0,0.0
191621222,50,ga,ga,7.458271005975498,7.458271005975498,0.0,0.0
161143734,50,aco,aco,15.143593276679267,15.143593276679267,0.0,0.0
31155652,50,aco,aco,32.2885846467462,32.2885846467462,0.0,0.0
76542775,50,aco,aco,16.934618249099245,16.934618249099245,0.0,0.0
10272190,50,aco,aco,16.368246857673434,16.368246857673434,0.0,0.0
47740751,50,aco,aco,26.11603024229168,26.11603024229168,0.0,0.0
21900708,50,ga,ga,107.80268564645117,107.80268564645117,0.0,0.0
177748779,50,ga,ga,11.987534847934503,11.987534847934503,0.0,0.0
187961131,50,ga,ga,25.21370624582813,25.21370624582813,0.0,0.0
9594026,50,aco,aco,14.44060896964564,14.44060896964564,0.0,0.0
169331567,50,aco,aco,30.37390644938016,30.37390644938016,0.0,0.0
144967528,50,aco,aco,22.31286611253012,22.31286611253012,0.0,0.0
179773298,50,aco,aco,80.21163726771617,80.21163726771617,0.0,0.0
117731265,50,ga,ga,51.02805357262291,51.02805357262291,0.0,0.0
138754349,50,aco,aco,46.59574241269178,46.59574241269178,0.0,0.0
32133006,50,aco,aco,8.220738080552875,8.220738080552875,0.0,0.0
314957313,50,sa,sa,116.36687809478258,116.36687809478258,0.0,0.0
53465253,50,aco,aco,21.413616194640205,21.413616194640205,0.0,0.0
149305783,50,aco,aco,55.53710997441283,55.53710997441283,0.0,0.0
132182142,50,aco,aco,10.669187022686154,10.669187022686154,0.0,0.0
183413443,50,ga,ga,33.92248395014543,33.92248395014543,0.0,0.0
195779963,50,ga,ga,71.96058951969442,71.96058951969442,0.0,0.0
23496388,50,ga,ga,66.32908702993943,66.32908702993943,0.0,0.0
696993024,50,sa,sa,224.94678859462823,224.94678859462823,0.0,0.0
90345407,50,aco,aco,105.42350318476778,105.42350318476778,0.0,0.0
151828952,50,aco,ga,109.35330765524044,122.34115798766165,12.987850332421203,0.11876961576112689
83474010,50,ga,ga,80.08984171799686,80.08984171799686,0.0,0.0
127415048,50,ga,ga,50.60319801273299,50.60319801273299,0.0,0.0
444436772,50,sa,sa,70.12083574213739,70.12083574213739,0.0,0.0
188928512,50,ga,ga,410.1951703749003,410.1951703749003,0.0,0.0
74129309,50,ga,ga,50.546927691626166,50.546927691626166,0.0,0.0
727739783,50,sa,sa,121.73019401498266,121.73019401498266,0.0,0.0
93486902,50,ga,ga,58.46734029827935,58.46734029827935,0.0,0.0
192199656,50,aco,aco,42.06524503610545,42.06524503610545,0.0,0.0
54243147,50,aco,aco,17.93762181473639,17.93762181473639,0.0,0.0
179105107,50,aco,aco,18.571231198342915,18.571231198342915,0.0,0.0
128701565,50,aco,aco,105.1905340423382,105.1905340423382,0.0,0.0
11927708,50,ga,ga,27.924034921021278,27.924034921021278,0.0,0.0
81449491,50,aco,aco,34.329389058006896,34.329389058006896,0.0,0.0
30457542,50,aco,aco,11.899068578910716,11.899068578910716,0.0,0.0
50134271,50,aco,aco,99.75015744983938,99.75015744983938,0.0,0.0
166987912,50,aco,aco,19.33138781367429,19.33138781367429,0.0,0.0
129619081,50,aco,aco,13.951520248608542,13.951520248608542,0.0,0.0
87882076,50,aco,aco,10.172712283987568,10.172712283987568,0.0,0.0
603037391,50,sa,sa,81.4224971381313,81.4224971381313,0.0,0.0
101285788,50,ga,ga,101.02107390080984,101.02107390080984,0.0,0.0
136241153,50,aco,aco,106.94544559547364,106.94544559547364,0.0,0.0
388827324,50,sa,sa,35.93819826945706,35.93819826945706,0.0,0.0
126447667,50,aco,aco,68.31240176508821,68.31240176508821,0.0,0.0
87503102,50,ga,ga,22.553998060613694,22.553998060613694,0.0,0.0
32791224,50,aco,aco,22.87996965010636,22.87996965010636,0.0,0.0
101076355,50,aco,aco,30.36864104220665,30.36864104220665,0.0,0.0
80133055,50,aco,aco,33.46957561413846,33.46957561413846,0.0,0.0
178037996,50,ga,ga,11.998784741519014,11.998784741519014,0.0,0.0
144379121,50,ga,ga,66.38310780362326,66.38310780362326,0.0,0.0
28153779,50,aco,aco,25.814842581037148,25.814842581037148,0.0,0.0
146353775,50,ga,ga,87.31657978338919,87.31657978338919,0.0,0.0
147759968,50,aco,aco,15.33365444205883,15.33365444205883,0.0,0.0
86465910,50,aco,aco,19.508017472321512,19.508017472321512,0.0,0.0
192758144,50,aco,aco,46.93921819001956,46.93921819001956,0.0,0.0
155947801,50,ga,sa,183.6115338123012,285.2451473176691,101.63361350536789,0.5535252137769511
166519181,50,aco,aco,8.365940871520817,8.365940871520817,0.0,0.0
19078349,50,ga,ga,24.708806648088,24.708806648088,0.0,0.0
15099122,50,aco,aco,60.99875133107114,60.99875133107114,0.0,0.0
37608183,50,aco,aco,23.662681377583745,23.662681377583745,0.0,0.0
53485199,50,sa,sa,70.40151204180827,70.40151204180827,0.0,0.0
162559900,50,aco,aco,29.10124185996506,29.10124185996506,0.0,0.0
143690984,50,ga,ga,30.918241327897476,30.918241327897476,0.0,0.0
91701735,50,aco,aco,26.04628382532791,26.04628382532791,0.0,0.0
137497751,50,aco,aco,12.87322632829007,12.87322632829007,0.0,0.0
15448177,50,aco,aco,85.58352011749113,85.58352011749113,0.0,0.0
58252293,50,aco,aco,206.01735104987145,206.01735104987145,0.0,0.0
48638321,50,aco,aco,165.810068977087,165.810068977087,0.0,0.0
178616430,50,ga,ga,21.788261364271467,21.788261364271467,0.0,0.0
38037022,50,aco,aco,22.70525236791724,22.70525236791724,0.0,0.0
197126318,50,aco,aco,16.188739544478175,16.188739544478175,0.0,0.0
35274501,50,aco,ga,11.616726507754787,13.83570528273847,2.2189787749836825,0.19101584026295146
706347698,50,sa,sa,333.0488039558428,333.0488039558428,0.0,0.0
3360901,50,aco,aco,18.07752955610813,18.07752955610813,0.0,0.0
143830606,50,ga,ga,47.69202806062869,47.69202806062869,0.0,0.0
48129698,50,aco,aco,16.24402999424666,16.24402999424666,0.0,0.0
183283794,50,sa,sa,770.3653130239044,770.3653130239044,0.0,0.0
175185718,50,aco,aco,95.85727381610452,95.85727381610452,0.0,0.0
18649510,50,ga,sa,137.79479953472327,362.4347264329196,224.63992689819634,1.6302496731133074
164005985,50,aco,aco,4.20454603860709,4.20454603860709,0.0,0.0
156715722,50,aco,aco,14.671881269866944,14.671881269866944,0.0,0.0
56856073,50,aco,aco,9.333799054491768,9.333799054491768,0.0,0.0
166030504,50,ga,ga,16.324788825037754,16.324788825037754,0.0,0.0
116354991,50,ga,ga,24.290159305494605,24.290159305494605,0.0,0.0
94703608,50,aco,aco,17.129840760237425,17.129840760237425,0.0,0.0
66709397,50,aco,aco,35.662543637268975,35.662543637268975,0.0,0.0
187542265,50,aco,aco,53.13460026297128,53.13460026297128,0.0,0.0
193865147,50,ga,ga,52.31728705552,52.31728705552,0.0,0.0
86605532,50,ga,ga,20.30687224679692,20.30687224679692,0.0,0.0
14061930,50,aco,aco,12.40839814333239,12.40839814333239,0.0,0.0
54701905,50,ga,ga,29.973452731161466,29.973452731161466,0.0,0.0
81668897,50,aco,aco,146.59979274265297,146.59979274265297,0.0,0.0
180281921,50,aco,aco,15.139758283693135,15.139758283693135,0.0,0.0
47072560,50,ga,ga,80.32007047440062,80.32007047440062,0.0,0.0
152527062,50,ga,ga,77.97411533000998,77.97411533000998,0.0,0.0
85937341,50,aco,aco,68.61571716647863,68.61571716647863,0.0,0.0
68205347,50,aco,aco,7.138838754119613,7.138838754119613,0.0,0.0
27146506,50,ga,ga,13.67998963228776,13.67998963228776,0.0,0.0
165811098,50,aco,aco,142.29891955240217,142.29891955240217,0.0,0.0
29729513,50,ga,ga,56.7053946320578,56.7053946320578,0.0,0.0
37418696,50,aco,aco,9.60153957973908,9.60153957973908,0.0,0.0
101654789,50,aco,aco,28.179635687645728,28.179635687645728,0.0,0.0
123126658,50,aco,aco,7.122736604918178,7.122736604918178,0.0,0.0
185737152,50,ga,ga,20.04828698668025,20.04828698668025,0.0,0.0
172981685,50,aco,aco,27.81767494025965,27.81767494025965,0.0,0.0
45387123,50,aco,aco,26.51349876742916,26.51349876742916,0.0,0.0
66001314,50,ga,ga,39.74491077784671,39.74491077784671,0.0,0.0
173270902,50,aco,aco,26.571878899883647,26.571878899883647,0.0,0.0
53564983,50,aco,aco,55.210023535717085,55.210023535717085,0.0,0.0
91083409,50,aco,aco,35.036797055894134,35.036797055894134,0.0,0.0
97585805,50,aco,aco,22.617357906351707,22.617357906351707,0.0,0.0
13234171,50,ga,ga,16.92135001566206,16.92135001566206,0.0,0.0
173021577,50,aco,aco,19.472346630373007,19.472346630373007,0.0,0.0
728228460,50,sa,sa,319.160119017052,319.160119017052,0.0,0.0
80841138,50,ga,ga,36.28489681356216,36.28489681356216,0.0,0.0
86156747,50,aco,aco,31.07731773808425,31.07731773808425,0.0,0.0
65283258,50,ga,ga,89.79372623571798,89.79372623571798,0.0,0.0
147400940,50,aco,aco,29.51972772772693,29.51972772772693,0.0,0.0
13822578,50,ga,ga,14.17162876759186,14.17162876759186,0.0,0.0
165491962,50,ga,ga,7.10960212083766,7.10960212083766,0.0,0.0
87812265,50,aco,aco,25.511569239696883,25.511569239696883,0.0,0.0
132930117,50,ga,ga,15.609792688977684,15.609792688977684,0.0,0.0
63288658,50,aco,aco,18.150950184041186,18.150950184041186,0.0,0.0
169062296,50,aco,aco,53.3651957565676,53.3651957565676,0.0,0.0
22080222,50,aco,aco,32.3076635179838,32.3076635179838,0.0,0.0
82337088,50,aco,aco,13.587234714283866,13.587234714283866,0.0,0.0
183403470,50,aco,aco,10.198105630235585,10.198105630235585,0.0,0.0
70130136,50,ga,ga,24.821964586994977,24.821964586994977,0.0,0.0
78078617,50,aco,aco,21.00766397007794,21.00766397007794,0.0,0.0
61802681,50,ga,ga,10.243667195534702,10.243667195534702,0.0,0.0
168294375,50,ga,ga,16.930627195488203,16.930627195488203,0.0,0.0
49535891,50,aco,aco,42.41580431258604,42.41580431258604,0.0,0.0
31734086,50,aco,aco,101.41222728691184,101.41222728691184,0.0,0.0
27016857,50,aco,aco,51.033247065026806,51.033247065026806,0.0,0.0
8437158,50,aco,aco,49.70159095030688,49.70159095030688,0.0,0.0
745212479,50,sa,sa,220.2392902034449,220.2392902034449,0.0,0.0
189078107,50,aco,aco,45.62157038911018,45.62157038911018,0.0,0.0
181678141,50,sa,sa,178.08088280941547,178.08088280941547,0.0,0.0
31574518,50,aco,aco,11.086040179325016,11.086040179325016,0.0,0.0
149066431,50,ga,ga,6.243691994391639,6.243691994391639,0.0,0.0
185866801,50,aco,aco,77.67668437573576,77.67668437573576,0.0,0.0
77290750,50,ga,ga,62.90362821343415,62.90362821343415,0.0,0.0
134136850,50,aco,aco,51.43758157144194,51.43758157144194,0.0,0.0
81240058,50,aco,aco,20.89428126602032,20.89428126602032,0.0,0.0
6352801,50,ga,ga,5.934961957349144,5.934961957349144,0.0,0.0
181897547,50,ga,sa,82.48686892566451,123.2675381380602,40.78066921239569,0.4943898312972263
173590038,50,aco,aco,21.21874040299529,21.21874040299529,0.0,0.0
177738806,50,aco,aco,12.548278728422616,12.548278728422616,0.0,0.0
99819757,50,aco,aco,56.05786967948898,56.05786967948898,0.0,0.0
173949066,50,sa,sa,233.91156937667205,233.91156937667205,0.0,0.0
158311402,50,aco,aco,22.731918449736234,22.731918449736234,0.0,0.0
166359613,50,aco,aco,28.272277330683707,28.272277330683707,0.0,0.0
38316266,50,aco,aco,29.93703554000076,29.93703554000076,0.0,0.0
92509548,50,aco,aco,21.298873488076158,21.298873488076158,0.0,0.0
65712097,50,aco,aco,32.45442619638681,32.45442619638681,0.0,0.0
190943058,50,aco,aco,151.2980396639046,151.2980396639046,0.0,0.0
172662549,50,ga,ga,25.03298010192176,25.03298010192176,0.0,0.0
150482597,50,aco,aco,21.49855838273413,21.49855838273413,0.0,0.0
28093941,50,aco,aco,64.61562810309977,64.61562810309977,0.0,0.0
138385348,50,aco,aco,12.215375957012672,12.215375957012672,0.0,0.0
128532024,50,aco,aco,13.739129045826648,13.739129045826648,0.0,0.0
56118071,50,aco,aco,6.812423611402574,6.812423611402574,0.0,0.0
167227264,50,ga,ga,94.0663382988442,94.0663382988442,0.0,0.0
151749168,50,aco,aco,75.74332713949875,75.74332713949875,0.0,0.0
1216706,50,aco,aco,18.66565847692894,18.66565847692894,0.0,0.0
612212551,50,sa,sa,195.7345497792208,195.7345497792208,0.0,0.0
179563865,50,aco,aco,58.80754187329334,58.80754187329334,0.0,0.0
168493835,50,aco,aco,24.007130912137384,24.007130912137384,0.0,0.0
185597530,50,ga,ga,32.947450083100684,32.947450083100684,0.0,0.0
47401669,50,ga,aco,18.353495031388423,19.014315040671445,0.6608200092830216,0.03600513189192998
186106153,50,aco,aco,96.96528425341558,96.96528425341558,0.0,0.0
59259566,50,aco,aco,25.172355170939333,25.172355170939333,0.0,0.0
373758121,50,sa,sa,355.1727340395553,355.1727340395553,0.0,0.0
195550584,50,ga,ga,91.62520021144744,91.62520021144744,0.0,0.0
110171731,50,ga,ga,23.557709319065214,23.557709319065214,0.0,0.0
8965727,50,ga,ga,51.553498845611365,51.553498845611365,0.0,0.0
173909174,50,aco,aco,47.03681837792311,47.03681837792311,0.0,0.0
60007541,50,aco,aco,34.179732269201395,34.179732269201395,0.0,0.0
68185401,50,aco,aco,61.406854880015246,61.406854880015246,0.0,0.0
629146705,50,sa,sa,82.35684138648665,82.35684138648665,0.0,0.0
28024130,50,aco,aco,39.19092058418538,39.19092058418538,0.0,0.0
133169469,50,ga,sa,60.53573298208604,127.0557386236484,66.52000564156236,1.098855211041175
65682178,50,aco,aco,17.98441664112343,17.98441664112343,0.0,0.0
161702222,50,ga,ga,21.58346385740267,21.58346385740267,0.0,0.0
92609278,50,ga,ga,28.76605869697693,28.76605869697693,0.0,0.0
107229696,50,aco,aco,9.542754197894691,9.542754197894691,0.0,0.0
738141622,50,sa,sa,92.19253394536318,92.19253394536318,0.0,0.0
38007103,50,ga,ga,29.32415318089736,29.32415318089736,0.0,0.0
42195763,50,ga,ga,26.464482741815736,26.464482741815736,0.0,0.0
101884168,50,aco,aco,86.01853201721778,86.01853201721778,0.0,0.0
120673300,50,aco,ga,9.70009280877362,14.20057631661792,4.500483507844299,0.46396293278489714
110301380,50,ga,ga,30.403043200842987,30.403043200842987,0.0,0.0
18868916,50,aco,aco,36.51107362268624,36.51107362268624,0.0,0.0
14371093,50,ga,ga,9.01994419323785,9.01994419323785,0.0,0.0
92748900,50,aco,aco,25.6436682287044,25.6436682287044,0.0,0.0
156456424,50,ga,ga,19.696627320036264,19.696627320036264,0.0,0.0
119695946,50,aco,aco,6.3935422140319496,6.3935422140319496,0.0,0.0
16445477,50,aco,aco,84.83404279230597,84.83404279230597,0.0,0.0
184340932,50,aco,aco,62.52137042018671,62.52137042018671,0.0,0.0
49585756,50,aco,aco,4.146752492928578,4.146752492928578,0.0,0.0
193665687,50,aco,aco,16.42780171574665,16.42780171574665,0.0,0.0
300576247,50,sa,sa,108.44357639755536,108.44357639755536,0.0,0.0
35773151,50,aco,aco,219.8323396784275,219.8323396784275,0.0,0.0
8407239,50,aco,aco,16.28620198811712,16.28620198811712,0.0,0.0
615364019,50,sa,sa,228.45944323763723,228.45944323763723,0.0,0.0
19916081,50,ga,ga,23.08261004888773,23.08261004888773,0.0,0.0
28891781,50,ga,ga,27.48155898859,27.48155898859,0.0,0.0
90963733,50,aco,aco,8.90752016537678,8.90752016537678,0.0,0.0
84122255,50,ga,ga,54.012585962810576,54.012585962810576,0.0,0.0
32372358,50,aco,aco,130.90398137371142,130.90398137371142,0.0,0.0
135273772,50,aco,aco,57.260414305382525,57.260414305382525,0.0,0.0
8167887,50,aco,aco,7.728596265920617,7.728596265920617,0.0,0.0
86645424,50,aco,aco,111.49230858193977,111.49230858193977,0.0,0.0
87632751,50,ga,ga,28.01538073950022,28.01538073950022,0.0,0.0
158091996,50,ga,ga,19.154019208439703,19.154019208439703,0.0,0.0
140499624,50,aco,aco,16.827516143213764,16.827516143213764,0.0,0.0
97934860,50,ga,ga,44.11143856346708,44.11143856346708,0.0,0.0
5305636,50,ga,ga,26.099723555675432,26.099723555675432,0.0,0.0
71386734,50,ga,ga,37.09879878120649,37.09879878120649,0.0,0.0
99700081,50,aco,aco,18.66002499987569,18.66002499987569,0.0,0.0
160296029,50,ga,ga,17.953623530644983,17.953623530644983,0.0,0.0
61423707,50,sa,sa,135.75353968129903,135.75353968129903,0.0,0.0
91472356,50,aco,aco,29.195511259474586,29.195511259474586,0.0,0.0
133358956,50,aco,aco,18.891877952793383,18.891877952793383,0.0,0.0
137846806,50,ga,ga,78.61065501780355,78.61065501780355,0.0,0.0
116544478,50,aco,aco,125.35704351456488,125.35704351456488,0.0,0.0
116035855,50,ga,sa,23.502739650988268,96.8442751189576,73.34153546796932,3.1205526060824735
180341759,50,ga,ga,20.5627277357003,20.5627277357003,0.0,0.0
194563257,50,ga,ga,11.814077735005284,11.814077735005284,0.0,0.0
32152952,50,aco,aco,95.64930092133346,95.64930092133346,0.0,0.0
84561067,50,sa,sa,449.65933514833966,449.65933514833966,0.0,0.0
135323637,50,aco,aco,7.589139353435622,7.589139353435622,0.0,0.0
47730778,50,aco,aco,50.17459971301763,50.17459971301763,0.0,0.0
56277639,50,ga,ga,91.958927971769,91.958927971769,0.0,0.0
173540173,50,aco,aco,20.83775520345133,20.83775520345133,0.0,0.0
20065676,50,ga,ga,77.73711114982251,77.73711114982251,0.0,0.0
73530929,50,aco,aco,8.68638561251736,8.68638561251736,0.0,0.0
179314540,50,aco,aco,32.921357675362344,32.921357675362344,0.0,0.0
108526186,50,aco,aco,118.78724469279912,118.78724469279912,0.0,0.0
44908419,50,aco,aco,69.63676414568049,69.63676414568049,0.0,0.0
198432781,50,aco,aco,107.55768878726168,107.55768878726168,0.0,0.0
133717984,50,aco,aco,58.94990288069008,58.94990288069008,0.0,0.0
516022966,50,sa,sa,55.00435138024747,55.00435138024747,0.0,0.0
87183966,50,aco,aco,115.17515949018971,115.17515949018971,0.0,0.0
79494783,50,aco,aco,15.364993053557724,15.364993053557724,0.0,0.0
45008149,50,aco,aco,8.518808404668995,8.518808404668995,0.0,0.0
92589332,50,ga,ga,20.994410051307447,20.994410051307447,0.0,0.0
90305515,50,aco,aco,11.66022847793202,11.66022847793202,0.0,0.0
53425361,50,aco,aco,29.63893542292505,29.63893542292505,0.0,0.0
76313396,50,aco,aco,31.60075724456369,31.60075724456369,0.0,0.0
172064169,50,ga,ga,20.656415584112217,20.656415584112217,0.0,0.0
49146944,50,ga,ga,42.31696165197047,42.31696165197047,0.0,0.0
121491086,50,aco,aco,30.957540663445386,30.957540663445386,0.0,0.0
57943130,50,aco,aco,14.07096422172824,14.07096422172824,0.0,0.0
162579846,50,aco,aco,62.823720557012805,62.823720557012805,0.0,0.0
58431807,50,aco,aco,16.03646406862272,16.03646406862272,0.0,0.0
140389921,50,aco,aco,23.097487443862875,23.097487443862875,0.0,0.0
507416267,50,sa,sa,171.06487640359418,171.06487640359418,0.0,0.0
129549270,50,ga,ga,116.13713106697352,116.13713106697352,0.0,0.0
535709668,50,sa,sa,741.1811380175212,741.1811380175212,0.0,0.0
77220939,50,aco,aco,89.04980266903824,89.04980266903824,0.0,0.0
17193452,50,ga,ga,118.69227654489607,118.69227654489607,0.0,0.0
136899371,50,ga,ga,10.487286242088835,10.487286242088835,0.0,0.0
79235485,50,sa,sa,94.18344544649048,94.18344544649048,0.0,0.0
47770670,50,ga,ga,23.26425950659816,23.26425950659816,0.0,0.0
139203134,50,aco,aco,88.41896551666277,88.41896551666277,0.0,0.0
172722387,50,sa,sa,32.527811344828,32.527811344828,0.0,0.0
95491475,50,ga,ga,10.522844859356168,10.522844859356168,0.0,0.0
2503223,50,ga,ga,70.95991601137186,70.95991601137186,0.0,0.0
32930846,50,ga,ga,18.813092879491236,18.813092879491236,0.0,0.0
38366131,50,aco,aco,20.684154565552028,20.684154565552028,0.0,0.0
99959379,50,aco,aco,12.636743082744584,12.636743082744584,0.0,0.0
166738587,50,aco,aco,67.9541722456928,67.9541722456928,0.0,0.0
52398142,50,aco,aco,41.92547200792709,41.92547200792709,0.0,0.0
167975239,50,aco,aco,8.823352229777157,8.823352229777157,0.0,0.0
15438204,50,aco,aco,25.217448642966225,25.217448642966225,0.0,0.0
91592032,50,ga,ga,23.009236013441047,23.009236013441047,0.0,0.0
60615894,50,ga,ga,14.099105680233237,14.099105680233237,0.0,0.0
93676389,50,ga,ga,5.112712724897814,5.112712724897814,0.0,0.0
42285520,50,aco,aco,44.71611224101047,44.71611224101047,0.0,0.0
61174382,50,aco,aco,50.204873266478174,50.204873266478174,0.0,0.0
170677922,50,ga,ga,38.74457686659505,38.74457686659505,0.0,0.0
481626089,50,sa,sa,70.10988834141436,70.10988834141436,0.0,0.0
108336699,50,aco,aco,66.45625746478191,66.45625746478191,0.0,0.0
86824938,50,aco,aco,15.01223621341554,15.01223621341554,0.0,0.0
103888741,50,ga,ga,80.94149697157147,80.94149697157147,0.0,0.0
91482329,50,ga,ga,42.88880270660138,42.88880270660138,0.0,0.0
1057138,50,aco,aco,82.23100951293686,82.23100951293686,0.0,0.0
172732360,50,ga,ga,17.440356128485895,17.440356128485895,0.0,0.0
118070347,50,ga,ga,12.088069506912676,12.088069506912676,0.0,0.0
228521322,50,sa,sa,84.40210015508968,84.40210015508968,0.0,0.0
99949406,50,aco,aco,22.327099641917297,22.327099641917297,0.0,0.0
93666416,50,aco,aco,9.956560836195758,9.956560836195758,0.0,0.0
42106006,50,aco,aco,12.12812856489384,12.12812856489384,0.0,0.0
128541997,50,ga,ga,55.88742483931727,55.88742483931727,0.0,0.0
71845492,50,aco,aco,46.63414538210317,46.63414538210317,0.0,0.0
79654351,50,aco,aco,10.570487128897858,10.570487128897858,0.0,0.0
153654011,50,aco,aco,142.61767668915869,142.61767668915869,0.0,0.0
730602034,50,sa,sa,320.2436733195823,320.2436733195823,0.0,0.0
66809127,50,ga,ga,21.55953828186798,21.55953828186798,0.0,0.0
80881030,50,aco,aco,34.8051468297738,34.8051468297738,0.0,0.0
89677216,50,aco,aco,48.354817208571504,48.354817208571504,0.0,0.0
115437475,50,aco,aco,26.11004250454064,26.11004250454064,0.0,0.0
174587338,50,ga,ga,14.576130640379118,14.576130640379118,0.0,0.0
172522927,50,aco,aco,23.45702386090657,23.45702386090657,0.0,0.0
91133274,50,ga,ga,48.99514166152269,48.99514166152269,0.0,0.0
104317580,50,ga,ga,104.14009229620984,104.14009229620984,0.0,0.0
50672813,50,ga,ga,15.034199279934498,15.034199279934498,0.0,0.0
9065457,50,aco,aco,22.338312053112013,22.338312053112013,0.0,0.0
32900927,50,aco,aco,104.63124212654677,104.63124212654677,0.0,0.0
3281117,50,aco,aco,36.79649593284957,36.79649593284957,0.0,0.0
157882563,50,ga,ga,10.314985766296124,10.314985766296124,0.0,0.0
181827736,50,aco,aco,31.12149136857569,31.12149136857569,0.0,0.0
85568340,50,aco,aco,21.27046540394881,21.27046540394881,0.0,0.0
296557128,50,sa,sa,58.85923789011785,58.85923789011785,0.0,0.0
48428888,50,sa,sa,160.16451856449208,160.16451856449208,0.0,0.0
171854736,50,aco,aco,11.1081908148637,11.1081908148637,0.0,0.0
142623873,50,ga,ga,20.858525980415543,20.858525980415543,0.0,0.0
155379340,50,aco,aco,82.70462452549914,82.70462452549914,0.0,0.0
52647467,50,aco,aco,24.14296708074396,24.14296708074396,0.0,0.0
107688454,50,aco,aco,98.8775603587048,98.8775603587048,0.0,0.0
135642773,50,ga,ga,18.471850790512065,18.471850790512065,0.0,0.0
181428816,50,aco,aco,19.120410016241607,19.120410016241607,0.0,0.0
107937779,50,aco,aco,17.56615680235863,17.56615680235863,0.0,0.0
676947294,50,sa,sa,425.70581457001214,425.70581457001214,0.0,0.0
165302475,50,sa,sa,115.0682454405846,115.0682454405846,0.0,0.0
119805649,50,ga,ga,69.76228487729769,69.76228487729769,0.0,0.0
178546619,50,ga,ga,31.91496136993552,31.91496136993552,0.0,0.0
124183796,50,aco,aco,44.01477037431072,44.01477037431072,0.0,0.0
31045949,50,aco,aco,150.3504893108437,150.3504893108437,0.0,0.0
25650556,50,aco,aco,33.68126561639628,33.68126561639628,0.0,0.0
108615943,50,aco,aco,24.36441368560311,24.36441368560311,0.0,0.0
95032717,50,aco,aco,30.965996479536926,30.965996479536926,0.0,0.0
112754738,50,ga,ga,47.06832305238602,47.06832305238602,0.0,0.0
679061570,50,sa,sa,38.71950252580325,38.71950252580325,0.0,0.0
37947265,50,aco,aco,178.51770154247652,178.51770154247652,0.0,0.0
130247380,50,ga,ga,30.41891610924712,30.41891610924712,0.0,0.0
176482208,50,aco,aco,6.948036157544063,6.948036157544063,0.0,0.0
186584857,50,ga,ga,86.1905208034834,86.1905208034834,0.0,0.0
1456058,50,ga,ga,38.43058302489076,38.43058302489076,0.0,0.0
181089734,50,aco,aco,30.175063118649,30.175063118649,0.0,0.0
186674614,50,aco,aco,60.646027389717005,60.646027389717005,0.0,0.0
22289655,50,aco,aco,7.396673923392463,7.396673923392463,0.0,0.0
3680037,50,sa,sa,105.50971573802003,105.50971573802003,0.0,0.0
178446889,50,ga,ga,30.25145352341368,30.25145352341368,0.0,0.0
29061322,50,aco,aco,28.765530259551152,28.765530259551152,0.0,0.0
29340566,50,aco,aco,4.991797320331546,4.991797320331546,0.0,0.0
148178834,50,ga,ga,19.56089583734856,19.56089583734856,0.0,0.0
185627449,50,aco,aco,76.30134339167395,76.30134339167395,0.0,0.0
43621902,50,aco,aco,47.979175268196805,47.979175268196805,0.0,0.0
52527791,50,aco,aco,13.574031216023968,13.574031216023968,0.0,0.0
532468443,50,sa,sa,190.3864815454636,190.3864815454636,0.0,0.0
75914476,50,aco,aco,34.252816984457,34.252816984457,0.0,0.0
93656443,50,aco,aco,25.694965302561688,25.694965302561688,0.0,0.0
122169250,50,ga,ga,8.670227046692053,8.670227046692053,0.0,0.0
116345018,50,aco,aco,9.250183672682262,9.250183672682262,0.0,0.0
104357472,50,aco,aco,169.62953536267844,169.62953536267844,0.0,0.0
495199342,50,sa,sa,162.6079029362973,162.6079029362973,0.0,0.0
44120552,50,aco,aco,81.87148734649989,81.87148734649989,0.0,0.0
147969401,50,ga,ga,9.393877165462104,9.393877165462104,0.0,0.0
46623775,50,ga,ga,17.79213707575613,17.79213707575613,0.0,0.0
74817446,50,ga,ga,31.58937655935805,31.58937655935805,0.0,0.0
81658924,50,aco,aco,43.303145246781376,43.303145246781376,0.0,0.0
74209093,50,aco,aco,22.955342682841767,22.955342682841767,0.0,0.0
25989638,50,aco,aco,36.312691935802206,36.312691935802206,0.0,0.0
47830508,50,ga,ga,34.54646627355566,34.54646627355566,0.0,0.0
144807960,50,aco,aco,32.52388760179778,32.52388760179778,0.0,0.0
152776387,50,aco,aco,78.46229622758574,78.46229622758574,0.0,0.0
146742722,50,aco,aco,60.82770934493179,60.82770934493179,0.0,0.0
78686970,50,aco,aco,21.983987923375956,21.983987923375956,0.0,0.0
123066820,50,aco,aco,27.676512158074043,27.676512158074043,0.0,0.0
99979325,50,ga,ga,72.39068613457395,72.39068613457395,0.0,0.0
69451972,50,aco,aco,30.80753125310283,30.80753125310283,0.0,0.0
12546034,50,aco,aco,20.632453160347684,20.632453160347684,0.0,0.0
112714846,50,aco,aco,14.702816487811692,14.702816487811692,0.0,0.0
141925763,50,aco,aco,116.62286389607068,116.62286389607068,0.0,0.0
129808568,50,ga,ga,17.348081241677455,17.348081241677455,0.0,0.0
174437743,50,ga,ga,23.427253505050277,23.427253505050277,0.0,0.0
34456715,50,aco,aco,43.719036781879126,43.719036781879126,0.0,0.0
5614799,50,aco,aco,6.48194309284913,6.48194309284913,0.0,0.0
21711221,50,ga,ga,62.9531966783474,62.9531966783474,0.0,0.0
173699741,50,aco,aco,152.6122886817992,152.6122886817992,0.0,0.0
93816011,50,aco,aco,4.146435089677816,4.146435089677816,0.0,0.0
164973366,50,aco,aco,24.554261971176224,24.554261971176224,0.0,0.0
10860597,50,aco,aco,14.721715659373224,14.721715659373224,0.0,0.0
33010630,50,aco,aco,19.97090481048747,19.97090481048747,0.0,0.0
139292891,50,aco,aco,229.30577645087615,229.30577645087615,0.0,0.0
188589430,50,sa,sa,228.21532729467577,228.21532729467577,0.0,0.0
25550826,50,aco,aco,37.77826154613626,37.77826154613626,0.0,0.0
90524921,50,aco,aco,21.02420592411621,21.02420592411621,0.0,0.0
54801635,50,ga,ga,65.50344186231892,65.50344186231892,0.0,0.0
170847463,50,ga,ga,7.638496155969161,7.638496155969161,0.0,0.0
10062757,50,aco,aco,94.80821320733926,94.80821320733926,0.0,0.0
1166841,50,ga,ga,54.55757258239866,54.55757258239866,0.0,0.0
44050741,50,ga,ga,70.52503197488569,70.52503197488569,0.0,0.0
23735740,50,aco,aco,80.42848280353034,80.42848280353034,0.0,0.0
144458905,50,ga,ga,7.806883775601222,7.806883775601222,0.0,0.0
50772543,50,ga,ga,16.948446040194057,16.948446040194057,0.0,0.0
73032279,50,aco,aco,36.77370958344325,36.77370958344325,0.0,0.0
152507116,50,aco,aco,20.77847549734863,20.77847549734863,0.0,0.0
62760089,50,ga,ga,60.14047846229735,60.14047846229735,0.0,0.0
105185231,50,aco,aco,23.64459760961209,23.64459760961209,0.0,0.0
57763616,50,ga,ga,7.1991247915404575,7.1991247915404575,0.0,0.0
100657489,50,ga,ga,26.03302441201657,26.03302441201657,0.0,0.0
591638252,50,sa,sa,103.0215305436662,103.0215305436662,0.0,0.0
133857606,50,ga,ga,54.64675124790037,54.64675124790037,0.0,0.0
16355720,50,ga,sa,33.55983537241029,137.7502048808964,104.19036950848611,3.1046150361673566
711653334,50,sa,sa,182.63226438045743,182.63226438045743,0.0,0.0
45446961,50,aco,aco,51.83237878388519,51.83237878388519,0.0,0.0
176053369,50,aco,ga,170.48811153928196,217.88197163127344,47.393860091991485,0.2779892372792898
71656005,50,aco,aco,4.931814759423189,4.931814759423189,0.0,0.0
291341249,50,sa,sa,106.61857804001777,106.61857804001777,0.0,0.0
133937390,50,ga,ga,44.08086618062004,44.08086618062004,0.0,0.0
15966773,50,ga,ga,33.71497993736919,33.71497993736919,0.0,0.0
5255771,50,aco,aco,13.948136498207049,13.948136498207049,0.0,0.0
155100096,50,aco,aco,35.60874364257634,35.60874364257634,0.0,0.0
159627838,50,ga,ga,16.263490909824,16.263490909824,0.0,0.0
86206612,50,aco,aco,21.795167210599462,21.795167210599462,0.0,0.0
63996741,50,ga,ga,51.33471657524164,51.33471657524164,0.0,0.0
150711976,50,ga,ga,20.533376189583784,20.533376189583784,0.0,0.0
125081366,50,aco,aco,41.186952079861626,41.186952079861626,0.0,0.0
144109850,50,ga,ga,68.53547339867723,68.53547339867723,0.0,0.0
80741408,50,ga,ga,8.21072663917707,8.21072663917707,0.0,0.0
31993384,50,aco,aco,46.39517732506434,46.39517732506434,0.0,0.0
153544308,50,ga,ga,31.82000116293443,31.82000116293443,0.0,0.0
28931673,50,ga,ga,140.40165558983222,140.40165558983222,0.0,0.0
165841017,50,aco,aco,20.94656886617453,20.94656886617453,0.0,0.0
155359394,50,aco,aco,33.47243984642131,33.47243984642131,0.0,0.0
85757827,50,aco,aco,44.7854646462937,44.7854646462937,0.0,0.0
125949017,50,ga,ga,72.73745551409633,72.73745551409633,0.0,0.0
63328550,50,ga,ga,7.840622147643067,7.840622147643067,0.0,0.0
74278904,50,ga,ga,7.999487898715586,7.999487898715586,0.0,0.0
265580990,50,sa,sa,159.1072564002102,159.1072564002102,0.0,0.0
24304201,50,ga,ga,11.65845170077825,11.65845170077825,0.0,0.0
144598527,50,ga,ga,9.217838628279663,9.217838628279663,0.0,0.0
66549829,50,aco,aco,38.91888554802984,38.91888554802984,0.0,0.0
3101603,50,ga,ga,6.855660382616119,6.855660382616119,0.0,0.0
96997398,50,ga,ga,132.34179604534657,132.34179604534657,0.0,0.0
34307120,50,aco,aco,15.1509898447982,15.1509898447982,0.0,0.0
186335532,50,ga,ga,37.3886148428448,37.3886148428448,0.0,0.0
92868576,50,aco,aco,94.30434218727734,94.30434218727734,0.0,0.0
417170590,50,sa,sa,228.20898942317035,228.20898942317035,0.0,0.0
23636010,50,ga,ga,73.43773164696958,73.43773164696958,0.0,0.0
402779551,50,sa,sa,144.03764799738371,144.03764799738371,0.0,0.0
52228601,50,aco,aco,69.18633355172771,69.18633355172771,0.0,0.0
71486464,50,ga,ga,25.275871885839656,25.275871885839656,0.0,0.0
80172947,50,aco,aco,28.65366953286116,28.65366953286116,0.0,0.0
133688065,50,aco,aco,22.16069581623383,22.16069581623383,0.0,0.0
184051715,50,sa,sa,33.28889507662221,33.28889507662221,0.0,0.0
150811706,50,ga,ga,44.82119916114235,44.82119916114235,0.0,0.0
81120382,50,ga,ga,15.604767010625157,15.604767010625157,0.0,0.0
644076286,50,sa,sa,62.99203209905357,62.99203209905357,0.0,0.0
240768166,50,sa,sa,147.8672207461148,147.8672207461148,0.0,0.0
195809882,50,aco,aco,17.084839897855716,17.084839897855716,0.0,0.0
60376542,50,aco,aco,17.18215508938991,17.18215508938991,0.0,0.0
120802949,50,ga,ga,26.20925135393037,26.20925135393037,0.0,0.0
187891320,50,aco,aco,52.92603788950015,52.92603788950015,0.0,0.0
175634503,50,aco,aco,34.93244477030812,34.93244477030812,0.0,0.0
39842135,50,ga,ga,43.52184638697181,43.52184638697181,0.0,0.0
177090561,50,ga,ga,75.32159727731775,75.32159727731775,0.0,0.0
162360440,50,aco,aco,31.783608988543502,31.783608988543502,0.0,0.0
132142250,50,aco,aco,8.756028480091256,8.756028480091256,0.0,0.0
608562433,50,sa,sa,93.71041482500024,93.71041482500024,0.0,0.0
12765440,50,aco,aco,43.62669635263592,43.62669635263592,0.0,0.0
169471189,50,aco,aco,13.397551580756751,13.397551580756751,0.0,0.0
511495224,50,sa,sa,251.04475732185028,251.04475732185028,0.0,0.0
137507724,50,aco,aco,58.249006562635245,58.249006562635245,0.0,0.0
92689062,50,ga,ga,59.90654458510725,59.90654458510725,0.0,0.0
109483594,50,aco,aco,76.22367344183354,76.22367344183354,0.0,0.0
169241810,50,ga,ga,12.299933216461604,12.299933216461604,0.0,0.0
34137579,50,aco,aco,41.81283796750336,41.81283796750336,0.0,0.0
107668508,50,ga,ga,49.17929711055885,49.17929711055885,0.0,0.0
179873028,50,aco,aco,95.54280952156503,95.54280952156503,0.0,0.0
22130087,50,ga,ga,15.739502070868166,15.739502070868166,0.0,0.0
124772203,50,sa,sa,251.33057680782463,251.33057680782463,0.0,0.0
104945879,50,ga,ga,37.39439956715001,37.39439956715001,0.0,0.0
120882733,50,aco,aco,6.782058778376492,6.782058778376492,0.0,0.0
158889836,50,ga,ga,83.44219678054876,83.44219678054876,0.0,0.0
75425799,50,aco,aco,18.51817529016132,18.51817529016132,0.0,0.0
167107588,50,aco,aco,9.922844815488062,9.922844815488062,0.0,0.0
17801805,50,ga,ga,11.664984163086642,11.664984163086642,0.0,0.0
23396658,50,ga,ga,72.5159375148,72.5159375148,0.0,0.0
198791809,50,ga,ga,54.98095239239444,54.98095239239444,0.0,0.0
460283869,50,sa,sa,185.30498468228916,185.30498468228916,0.0,0.0
76582667,50,ga,ga,14.005546977162243,14.005546977162243,0.0,0.0
53305685,50,aco,aco,89.86167388580418,89.86167388580418,0.0,0.0
14580526,50,aco,aco,20.429469264507237,20.429469264507237,0.0,0.0
107538859,50,sa,sa,169.98295837541656,169.98295837541656,0.0,0.0
373708256,50,sa,sa,150.31300599337126,150.31300599337126,0.0,0.0
7290263,50,aco,aco,40.34579008163794,40.34579008163794,0.0,0.0
186624749,50,ga,sa,49.62020282279588,496.8242482318835,447.2040454090876,9.01253965055618
123715065,50,ga,ga,119.81109500230372,119.81109500230372,0.0,0.0
187711806,50,ga,ga,18.273254577873256,18.273254577873256,0.0,0.0
6711829,50,aco,aco,33.74853508571803,33.74853508571803,0.0,0.0
300925302,50,sa,sa,47.09639399831455,47.09639399831455,0.0,0.0
4826932,50,aco,aco,11.206662795312267,11.206662795312267,0.0,0.0
176751479,50,aco,aco,11.127157897730674,11.127157897730674,0.0,0.0
314259203,50,sa,sa,185.2001385694154,185.2001385694154,0.0,0.0
160066650,50,ga,ga,66.02805822874707,66.02805822874707,0.0,0.0
118987863,50,ga,ga,37.06217870560339,37.06217870560339,0.0,0.0
53225901,50,aco,aco,33.54065824666355,33.54065824666355,0.0,0.0
25022257,50,ga,ga,79.86230433211801,79.86230433211801,0.0,0.0
65103744,50,ga,ga,41.64503930433857,41.64503930433857,0.0,0.0
18799105,50,aco,aco,52.51592003004991,52.51592003004991,0.0,0.0
179035296,50,aco,aco,6.682634484015871,6.682634484015871,0.0,0.0
93377199,50,ga,ga,12.162794838407834,12.162794838407834,0.0,0.0
519234272,50,sa,sa,37.17594630222015,37.17594630222015,0.0,0.0
698528866,50,sa,sa,59.03815340534992,59.03815340534992,0.0,0.0
170348813,50,aco,aco,16.941103750947,16.941103750947,0.0,0.0
62500791,50,aco,aco,11.965507362578888,11.965507362578888,0.0,0.0
78597213,50,ga,ga,20.91848276486205,20.91848276486205,0.0,0.0
119506459,50,aco,aco,11.388670531327648,11.388670531327648,0.0,0.0
616351346,50,sa,sa,108.4586638484044,108.4586638484044,0.0,0.0
37837562,50,ga,ga,69.6523544705581,69.6523544705581,0.0,0.0
195161637,50,ga,aco,115.83126570402854,128.17443559184176,12.343169887813218,0.10656164216794818
272651847,50,sa,sa,56.16504365073648,56.16504365073648,0.0,0.0
541464089,50,sa,sa,70.40111036218066,70.40111036218066,0.0,0.0
75854638,50,ga,ga,62.16219479152825,62.16219479152825,0.0,0.0
155479070,50,aco,aco,26.35804237936139,26.35804237936139,0.0,0.0
57085452,50,aco,aco,47.5783849453485,47.5783849453485,0.0,0.0
86725208,50,ga,ga,20.057082631561443,20.057082631561443,0.0,0.0
123555497,50,ga,ga,22.422271833490896,22.422271833490896,0.0,0.0
70838219,50,ga,ga,26.850022375919743,26.850022375919743,0.0,0.0
44469607,50,sa,sa,991.7442069841342,991.7442069841342,0.0,0.0
2223979,50,aco,aco,9.570948321768723,9.570948321768723,0.0,0.0
183433389,50,ga,ga,33.55732233083668,33.55732233083668,0.0,0.0
125988909,50,ga,ga,84.22821822073439,84.22821822073439,0.0,0.0
91013598,50,aco,aco,21.73845318166313,21.73845318166313,0.0,0.0
100079055,50,aco,aco,133.39901070038806,133.39901070038806,0.0,0.0
40570164,50,aco,aco,16.1896017836093,16.1896017836093,0.0,0.0
48887646,50,aco,aco,7.394105739984472,7.394105739984472,0.0,0.0
86755127,50,ga,ga,12.615853479954383,12.615853479954383,0.0,0.0
23267009,50,aco,aco,35.629538780011856,35.629538780011856,0.0,0.0
137806914,50,sa,sa,112.329919565569,112.329919565569,0.0,0.0
82077790,50,aco,aco,83.43160050835144,83.43160050835144,0.0,0.0
187861401,50,aco,aco,85.72956876281893,85.72956876281893,0.0,0.0
702268741,50,sa,sa,53.5039093938742,53.5039093938742,0.0,0.0
175524800,50,aco,aco,142.27548846005814,142.27548846005814,0.0,0.0
927489,50,sa,sa,54.37346743279762,54.37346743279762,0.0,0.0
155877990,50,ga,ga,37.98804669986143,37.98804669986143,0.0,0.0
292049332,50,sa,sa,838.7395331361197,838.7395331361197,0.0,0.0
411495953,50,sa,sa,189.43393322081232,189.43393322081232,0.0,0.0
7818832,50,aco,aco,7.175269833450558,7.175269833450558,0.0,0.0
121351464,50,aco,aco,24.192906334792347,24.192906334792347,0.0,0.0
13872443,50,aco,aco,21.394861560837,21.394861560837,0.0,0.0
44978230,50,aco,aco,13.376867351031157,13.376867351031157,0.0,0.0
87393399,50,ga,ga,63.42210433069408,63.42210433069408,0.0,0.0
20983192,50,ga,ga,57.112844948790745,57.112844948790745,0.0,0.0
104148039,50,ga,ga,25.31565958559468,25.31565958559468,0.0,0.0
125111285,50,ga,ga,83.20644179131084,83.20644179131084,0.0,0.0
106750992,50,aco,aco,26.32440161687681,26.32440161687681,0.0,0.0
22728467,50,aco,aco,9.54950944969797,9.54950944969797,0.0,0.0
713278933,50,sa,sa,67.27527724853356,67.27527724853356,0.0,0.0
193585903,50,aco,aco,15.196635090469185,15.196635090469185,0.0,0.0
31853762,50,ga,ga,40.321744407906905,40.321744407906905,0.0,0.0
175016177,50,ga,ga,33.68503335454491,33.68503335454491,0.0,0.0
39283647,50,aco,aco,185.84560334516743,185.84560334516743,0.0,0.0
107110020,50,aco,aco,7.085820829643856,7.085820829643856,0.0,0.0
86386126,50,ga,ga,23.238673773871973,23.238673773871973,0.0,0.0
182256575,50,aco,aco,47.66809843277167,47.66809843277167,0.0,0.0
50323758,50,aco,aco,29.330479941350323,29.330479941350323,0.0,0.0
118509159,50,aco,aco,10.619740734906706,10.619740734906706,0.0,0.0
12316655,50,aco,aco,94.23022530621031,94.23022530621031,0.0,0.0
559694733,50,sa,sa,163.41354273630452,163.41354273630452,0.0,0.0
88191239,50,aco,aco,69.70556881607631,69.70556881607631,0.0,0.0
186165991,50,aco,aco,48.504398090218366,48.504398090218366,0.0,0.0
77041425,50,ga,ga,58.16367141066694,58.16367141066694,0.0,0.0
55001095,50,aco,aco,214.3802396534079,214.3802396534079,0.0,0.0
67716670,50,aco,aco,86.05911098673998,86.05911098673998,0.0,0.0
139512297,50,ga,ga,13.018920075551762,13.018920075551762,0.0,0.0
163956120,50,ga,ga,138.7862271379551,138.7862271379551,0.0,0.0
73919876,50,aco,aco,42.37977396386871,42.37977396386871,0.0,0.0
183762498,50,aco,aco,31.4233129919472,31.4233129919472,0.0,0.0
108915133,50,aco,aco,154.29218760124456,154.29218760124456,0.0,0.0
97675562,50,aco,aco,48.419156328327816,48.419156328327816,0.0,0.0
189576757,50,sa,sa,169.33532867533714,169.33532867533714,0.0,0.0
35174771,50,aco,aco,65.86908108626619,65.86908108626619,0.0,0.0
134216634,50,sa,sa,89.73532872434728,89.73532872434728,0.0,0.0
131254653,50,aco,aco,64.20294020526866,64.20294020526866,0.0,0.0
27964292,50,aco,aco,26.723369631935835,26.723369631935835,0.0,0.0
132122304,50,aco,aco,30.91076542819709,30.91076542819709,0.0,0.0
152636765,50,aco,aco,28.30040689896166,28.30040689896166,0.0,0.0
161273383,50,ga,ga,83.00855241594822,83.00855241594822,0.0,0.0
7888643,50,aco,ga,17.603054558591815,18.715067952616064,1.112013394024249,0.06317161548996564
161024058,50,aco,aco,21.51464807001699,21.51464807001699,0.0,0.0
159298729,50,aco,aco,20.542276699910825,20.542276699910825,0.0,0.0
620290681,50,sa,sa,101.28142072687982,101.28142072687982,0.0,0.0
368372701,50,sa,sa,168.07581262838988,168.07581262838988,0.0,0.0
198861620,50,aco,aco,29.89780271328546,29.89780271328546,0.0,0.0
106352072,50,ga,ga,9.542136159887084,9.542136159887084,0.0,0.0
101245896,50,ga,ga,18.472326731631764,18.472326731631764,0.0,0.0
702468201,50,sa,sa,249.50405213527148,249.50405213527148,0.0,0.0
23177252,50,aco,aco,33.48669252160303,33.48669252160303,0.0,0.0
195580503,50,aco,aco,25.525823826403357,25.525823826403357,0.0,0.0
130087812,50,sa,sa,29.96945403305067,29.96945403305067,0.0,0.0
66968695,50,aco,aco,66.70592167459887,66.70592167459887,0.0,0.0
43512199,50,aco,aco,148.66156888709233,148.66156888709233,0.0,0.0
195121745,50,aco,aco,38.61926076129488,38.61926076129488,0.0,0.0
125330691,50,aco,aco,18.410488832655247,18.410488832655247,0.0,0.0
161203572,50,ga,ga,22.74142813853229,22.74142813853229,0.0,0.0
174138553,50,aco,aco,11.973438806064523,11.973438806064523,0.0,0.0
195391016,50,aco,aco,34.15363128226268,34.15363128226268,0.0,0.0
130506678,50,aco,aco,82.81433051695356,82.81433051695356,0.0,0.0
743377447,50,sa,sa,187.87146832059025,187.87146832059025,0.0,0.0
26508234,50,aco,aco,39.06421793754195,39.06421793754195,0.0,0.0
166598965,50,aco,aco,68.08427880481591,68.08427880481591,0.0,0.0
41477707,50,aco,aco,17.76652701213832,17.76652701213832,0.0,0.0
9274890,50,aco,aco,4.377905803110957,4.377905803110957,0.0,0.0
131543870,50,aco,aco,42.02936471192118,42.02936471192118,0.0,0.0
38924619,50,ga,ga,56.91065015713775,56.91065015713775,0.0,0.0
26737613,50,ga,ga,24.494038287170824,24.494038287170824,0.0,0.0
60147163,50,ga,ga,29.209957252750545,29.209957252750545,0.0,0.0
176262802,50,aco,aco,12.70612682396652,12.70612682396652,0.0,0.0
653450906,50,sa,sa,164.2985034798342,164.2985034798342,0.0,0.0
24054876,50,aco,aco,65.07698826827806,65.07698826827806,0.0,0.0
100617597,50,aco,aco,58.00726126495838,58.00726126495838,0.0,0.0
54711878,50,ga,ga,43.48342310291565,43.48342310291565,0.0,0.0
122049574,50,aco,aco,14.21948554535624,14.21948554535624,0.0,0.0
46055314,50,aco,aco,4.186840285098836,4.186840285098836,0.0,0.0
45187663,50,aco,aco,44.75604159083749,44.75604159083749,0.0,0.0
178077888,50,aco,aco,68.64907405175495,68.64907405175495,0.0,0.0
296796480,50,sa,sa,38.05053467410441,38.05053467410441,0.0,0.0
99051836,50,aco,aco,9.965346943948012,9.965346943948012,0.0,0.0
32990684,50,aco,aco,16.906597758130893,16.906597758130893,0.0,0.0
84860257,50,ga,ga,179.93047084077438,179.93047084077438,0.0,0.0
141556762,50,ga,ga,8.896504642543077,8.896504642543077,0.0,0.0
105115420,50,ga,sa,90.50106618445092,182.82628213945645,92.32521595500553,1.020156113595798
182655495,50,aco,aco,41.82197794950719,41.82197794950719,0.0,0.0
97087155,50,aco,aco,41.349557663618334,41.349557663618334,0.0,0.0
194902339,50,aco,aco,18.474095126796595,18.474095126796595,0.0,0.0
24792878,50,ga,ga,33.474320913878266,33.474320913878266,0.0,0.0
172782225,50,sa,sa,37.74969791039089,37.74969791039089,0.0,0.0
5345528,50,aco,aco,27.04626457816556,27.04626457816556,0.0,0.0
710835548,50,sa,sa,162.81764350411376,162.81764350411376,0.0,0.0
51271193,50,ga,ga,32.16953377991217,32.16953377991217,0.0,0.0
96468829,50,ga,ga,17.364812361657197,17.364812361657197,0.0,0.0
94773419,50,ga,ga,9.400512655955836,9.400512655955836,0.0,0.0
47371750,50,aco,aco,36.38682340785279,36.38682340785279,0.0,0.0
147849725,50,aco,aco,13.047338681770931,13.047338681770931,0.0,0.0
79744108,50,ga,ga,68.32645588280383,68.32645588280383,0.0,0.0
172463089,50,ga,ga,19.873303126187334,19.873303126187334,0.0,0.0
165312448,50,aco,aco,71.91485174606247,71.91485174606247,0.0,0.0
37328939,50,aco,aco,84.9470586891398,84.9470586891398,0.0,0.0
170189245,50,ga,ga,64.71064685171856,64.71064685171856,0.0,0.0
66858992,50,ga,ga,18.61184701204544,18.61184701204544,0.0,0.0
334933232,50,sa,sa,411.8562163895745,411.8562163895745,0.0,0.0
178466835,50,aco,aco,19.477641684016096,19.477641684016096,0.0,0.0
52248547,50,aco,aco,67.26773632544317,67.26773632544317,0.0,0.0
94863176,50,aco,aco,93.95416223920462,93.95416223920462,0.0,0.0
85159447,50,aco,aco,27.405755440290577,27.405755440290577,0.0,0.0
93028144,50,sa,sa,187.4851014224193,187.4851014224193,0.0,0.0
112186277,50,aco,aco,30.416952472890564,30.416952472890564,0.0,0.0
539170299,50,sa,sa,39.903068069836586,39.903068069836586,0.0,0.0
165571746,50,ga,ga,28.18865124069235,28.18865124069235,0.0,0.0
162749387,50,aco,aco,27.18481429580824,27.18481429580824,0.0,0.0
68235266,50,aco,aco,44.8526700060432,44.8526700060432,0.0,0.0
40410596,50,aco,aco,44.90740039073784,44.90740039073784,0.0,0.0
85727908,50,aco,aco,23.076958672832426,23.076958672832426,0.0,0.0
28792051,50,ga,ga,5.853137832736417,5.853137832736417,0.0,0.0
27535453,50,aco,aco,73.95675557067875,73.95675557067875,0.0,0.0
146613073,50,aco,aco,47.63229170584596,47.63229170584596,0.0,0.0
610367546,50,sa,sa,128.44227666811526,128.44227666811526,0.0,0.0
61932330,50,aco,aco,13.839858321143495,13.839858321143495,0.0,0.0
141945709,50,ga,ga,33.60182924947905,33.60182924947905,0.0,0.0
39562891,50,aco,aco,23.303735655939573,23.303735655939573,0.0,0.0
167695995,50,aco,aco,82.97387978602882,82.97387978602882,0.0,0.0
167396805,50,aco,aco,24.74249099785694,24.74249099785694,0.0,0.0
119775730,50,ga,ga,34.924296543447404,34.924296543447404,0.0,0.0
134156796,50,ga,ga,14.577418842466642,14.577418842466642,0.0,0.0
198761890,50,ga,ga,27.49971533939192,27.49971533939192,0.0,0.0
86475883,50,ga,ga,14.855010395723935,14.855010395723935,0.0,0.0
147071831,50,ga,ga,20.841443822198165,20.841443822198165,0.0,0.0
10571380,50,sa,sa,85.10116522514511,85.10116522514511,0.0,0.0
176651749,50,aco,aco,30.168911126990817,30.168911126990817,0.0,0.0
121590816,50,ga,ga,15.60365028705672,15.60365028705672,0.0,0.0
51630221,50,aco,aco,74.54612031097106,74.54612031097106,0.0,0.0
299349568,50,sa,sa,44.74219259791545,44.74219259791545,0.0,0.0
21800978,50,ga,ga,13.48006724132874,13.48006724132874,0.0,0.0
171336140,50,ga,ga,26.320870336522145,26.320870336522145,0.0,0.0
194413662,50,ga,ga,26.820213261259653,26.820213261259653,0.0,0.0
136849506,50,aco,aco,134.14987077276118,134.14987077276118,0.0,0.0
21791005,50,ga,ga,67.94101261608256,67.94101261608256,0.0,0.0
129629054,50,sa,ga,9.39172092145697,9.488752003147775,0.09703108169080465,0.010331555047501549
163158280,50,aco,aco,29.17742550882322,29.17742550882322,0.0,0.0
115806476,50,aco,aco,100.6639006174166,100.6639006174166,0.0,0.0
44938338,50,sa,sa,63.52959210221032,63.52959210221032,0.0,0.0
180152272,50,aco,aco,36.09469675764492,36.09469675764492,0.0,0.0
93417091,50,aco,aco,43.86409969774404,43.86409969774404,0.0,0.0
39892,50,aco,aco,77.534610669268,77.534610669268,0.0,0.0
120274380,50,aco,aco,31.234175161107043,31.234175161107043,0.0,0.0
46454234,50,aco,aco,6.22129610108527,6.22129610108527,0.0,0.0
56347450,50,aco,aco,67.31938401787478,67.31938401787478,0.0,0.0
166100315,50,aco,aco,67.88388589145515,67.88388589145515,0.0,0.0
189616649,50,ga,ga,23.361602152451653,23.361602152451653,0.0,0.0
102851549,50,aco,aco,45.16214301397272,45.16214301397272,0.0,0.0
64884338,50,ga,ga,44.566193369586216,44.566193369586216,0.0,0.0
411067114,50,sa,sa,188.19090901843208,188.19090901843208,0.0,0.0
10202379,50,aco,aco,59.37197582855141,59.37197582855141,0.0,0.0
121451194,50,ga,ga,9.58727613838375,9.58727613838375,0.0,0.0
5714529,50,aco,aco,19.320403595312523,19.320403595312523,0.0,0.0
67886211,50,ga,ga,98.58704655998508,98.58704655998508,0.0,0.0
97077182,50,sa,sa,129.9884686040673,129.9884686040673,0.0,0.0
96089855,50,aco,aco,33.75921186438686,33.75921186438686,0.0,0.0
196029288,50,aco,aco,28.84237356453905,28.84237356453905,0.0,0.0
60346623,50,sa,sa,380.9853034425606,380.9853034425606,0.0,0.0
176492181,50,ga,ga,11.495444137896175,11.495444137896175,0.0,0.0
28073995,50,sa,sa,376.7634661896624,376.7634661896624,0.0,0.0
23665929,50,aco,aco,21.36088095194734,21.36088095194734,0.0,0.0
18679429,50,ga,ga,25.114164411841784,25.114164411841784,0.0,0.0
84481283,50,aco,aco,3.57656229585197,3.57656229585197,0.0,0.0
36132179,50,aco,aco,128.6212218996672,128.6212218996672,0.0,0.0
187362751,50,ga,ga,17.61017866403478,17.61017866403478,0.0,0.0
15238744,50,aco,aco,111.47844735320568,111.47844735320568,0.0,0.0
99919487,50,aco,aco,20.860387272980997,20.860387272980997,0.0,0.0
70140109,50,aco,aco,80.59551862950377,80.59551862950377,0.0,0.0
180591084,50,aco,aco,13.722165021029706,13.722165021029706,0.0,0.0
23376712,50,ga,sa,57.38161370943722,1752.7930383938938,1695.4114246844565,29.546248616664855
86236531,50,ga,ga,37.875038840015065,37.875038840015065,0.0,0.0
410448788,50,sa,sa,227.88738357005056,227.88738357005056,0.0,0.0
49505972,50,aco,aco,76.557191132244,76.557191132244,0.0,0.0
755923481,50,sa,sa,49.875417066988376,49.875417066988376,0.0,0.0
135303691,50,aco,aco,53.17601459829008,53.17601459829008,0.0,0.0
122498359,50,aco,aco,13.985805390230844,13.985805390230844,0.0,0.0
155209799,50,aco,aco,20.569036406271987,20.569036406271987,0.0,0.0
70628786,50,aco,ga,66.7263248818549,92.47153933327958,25.745214451424687,0.3858329451983001
162160980,50,aco,aco,99.59072089046605,99.59072089046605,0.0,0.0
677555647,50,sa,sa,44.15009579499187,44.15009579499187,0.0,0.0
110331299,50,ga,sa,138.32320331500858,150.49651138195392,12.173308066945339,0.08800626196620541
180182191,50,ga,ga,32.4852320956523,32.4852320956523,0.0,0.0
113482767,50,ga,ga,32.758380369486666,32.758380369486666,0.0,0.0
82446791,50,aco,aco,27.0426959052738,27.0426959052738,0.0,0.0
37318966,50,aco,ga,28.54557196300364,30.867279097404342,2.321707134400704,0.08133335486883017
158460997,50,aco,aco,14.4877054958297,14.4877054958297,0.0,0.0
184281094,50,ga,ga,89.3429678965517,89.3429678965517,0.0,0.0
18300455,50,ga,ga,9.104999440747276,9.104999440747276,0.0,0.0
187931212,50,aco,aco,50.11482990057992,50.11482990057992,0.0,0.0
192887793,50,aco,aco,9.145700074117135,9.145700074117135,0.0,0.0
85358907,50,aco,aco,64.791294973499,64.791294973499,0.0,0.0
126896452,50,aco,aco,32.49229524229619,32.49229524229619,0.0,0.0
83005279,50,ga,ga,96.39083214985207,96.39083214985207,0.0,0.0
59887865,50,aco,aco,8.181591019517034,8.181591019517034,0.0,0.0
88779646,50,ga,ga,86.17536448191194,86.17536448191194,0.0,0.0
55390042,50,aco,aco,18.222429338807864,18.222429338807864,0.0,0.0
45915692,50,aco,aco,10.36581696771368,10.36581696771368,0.0,0.0
85588286,50,aco,aco,12.669396910054246,12.669396910054246,0.0,0.0
134944663,50,ga,ga,27.52937980285676,27.52937980285676,0.0,0.0
138455159,50,ga,ga,40.7812383150567,40.7812383150567,0.0,0.0
7380020,50,aco,aco,13.08764219142317,13.08764219142317,0.0,0.0
168284402,50,ga,ga,28.168725592526027,28.168725592526027,0.0,0.0
191212329,50,aco,aco,42.59040931257658,42.59040931257658,0.0,0.0
145426286,50,ga,ga,50.81563516038061,50.81563516038061,0.0,0.0
59947703,50,aco,aco,42.40655770046582,42.40655770046582,0.0,0.0
152925982,50,ga,ga,39.37076070372636,39.37076070372636,0.0,0.0
15148987,50,aco,aco,72.4728236922588,72.4728236922588,0.0,0.0
164694122,50,aco,aco,6.214346548968852,6.214346548968852,0.0,0.0
182954685,50,ga,ga,24.40308542754833,24.40308542754833,0.0,0.0
15517988,50,aco,aco,45.730484200872425,45.730484200872425,0.0,0.0
152497143,50,aco,aco,56.51851082956488,56.51851082956488,0.0,0.0
46543991,50,sa,sa,28.28589575875578,28.28589575875578,0.0,0.0
62570602,50,aco,aco,49.54327211014964,49.54327211014964,0.0,0.0
68344969,50,ga,ga,55.50502889690654,55.50502889690654,0.0,0.0
73181874,50,aco,aco,21.4937354787259,21.4937354787259,0.0,0.0
44310039,50,aco,aco,10.701987856758484,10.701987856758484,0.0,0.0
10222325,50,aco,aco,24.314627088138856,24.314627088138856,0.0,0.0
174936393,50,aco,aco,41.76972588364615,41.76972588364615,0.0,0.0
167825644,50,aco,aco,47.19373732126196,47.19373732126196,0.0,0.0
170827517,50,ga,ga,35.65187272801623,35.65187272801623,0.0,0.0
84082363,50,aco,aco,10.309123425897376,10.309123425897376,0.0,0.0
30936246,50,ga,ga,64.7955888335069,64.7955888335069,0.0,0.0
16465423,50,aco,aco,43.81130741249445,43.81130741249445,0.0,0.0
14221498,50,aco,aco,16.359503299495792,16.359503299495792,0.0,0.0
6462504,50,aco,aco,28.465919838022387,28.465919838022387,0.0,0.0
14500742,50,aco,aco,22.96223120793271,22.96223120793271,0.0,0.0
83384253,50,ga,ga,26.337219613572824,26.337219613572824,0.0,0.0
104965825,50,aco,aco,70.28747415044285,70.28747415044285,0.0,0.0
198033861,50,aco,aco,9.158681208973622,9.158681208973622,0.0,0.0
187183237,50,ga,ga,8.129241302997988,8.129241302997988,0.0,0.0
188888620,50,aco,aco,40.68410800715115,40.68410800715115,0.0,0.0
95790665,50,aco,aco,66.35955670042677,66.35955670042677,0.0,0.0
9673810,50,aco,aco,60.54865904504355,60.54865904504355,0.0,0.0
174148526,50,aco,aco,9.270638507199369,9.270638507199369,0.0,0.0
28253509,50,ga,ga,27.420989460383797,27.420989460383797,0.0,0.0
191730925,50,aco,aco,25.764675222016688,25.764675222016688,0.0,0.0
1047165,50,aco,aco,6.738120614708759,6.738120614708759,0.0,0.0
291809980,50,sa,sa,242.65888856172185,242.65888856172185,0.0,0.0
114938825,50,aco,aco,38.9668493778844,38.9668493778844,0.0,0.0
104915960,50,aco,aco,22.82066415895724,22.82066415895724,0.0,0.0
117292453,50,aco,aco,46.97705908707854,46.97705908707854,0.0,0.0
142783441,50,aco,aco,8.166977275873583,8.166977275873583,0.0,0.0
172642603,50,ga,ga,41.356299739686776,41.356299739686776,0.0,0.0
85797719,50,ga,ga,13.96325655385226,13.96325655385226,0.0,0.0
22828197,50,ga,ga,12.993364453289049,12.993364453289049,0.0,0.0
52727251,50,aco,aco,44.37650664850093,44.37650664850093,0.0,0.0
119875460,50,ga,ga,24.23710387941437,24.23710387941437,0.0,0.0
123296199,50,aco,aco,64.15267001725108,64.15267001725108,0.0,0.0
172233710,50,aco,aco,61.62368650691318,61.62368650691318,0.0,0.0
189357351,50,aco,aco,36.17448254354724,36.17448254354724,0.0,0.0
195959477,50,aco,aco,115.42089441218016,115.42089441218016,0.0,0.0
79055971,50,aco,aco,31.57373468093284,31.57373468093284,0.0,0.0
116664154,50,aco,aco,8.97441420638228,8.97441420638228,0.0,0.0
100567732,50,aco,aco,31.14170071788346,31.14170071788346,0.0,0.0
14420958,50,aco,aco,16.222174534941708,16.222174534941708,0.0,0.0
120763057,50,aco,aco,50.63256699504168,50.63256699504168,0.0,0.0
20953273,50,aco,aco,17.234725724377427,17.234725724377427,0.0,0.0
17851670,50,aco,aco,19.45102051988105,19.45102051988105,0.0,0.0
120912652,50,ga,ga,177.0698581897143,177.0698581897143,0.0,0.0
78258131,50,ga,ga,8.145622233161898,8.145622233161898,0.0,0.0
125789449,50,aco,aco,22.174322072024744,22.174322072024744,0.0,0.0
172293548,50,aco,aco,16.079611040912233,16.079611040912233,0.0,0.0
5495123,50,aco,aco,32.73953673624961,32.73953673624961,0.0,0.0
128751430,50,aco,aco,6.328221223741072,6.328221223741072,0.0,0.0
138136023,50,ga,ga,15.293687864174323,15.293687864174323,0.0,0.0
93756173,50,aco,aco,14.747610556770011,14.747610556770011,0.0,0.0
62161709,50,aco,aco,41.79377522244259,41.79377522244259,0.0,0.0
187651968,50,ga,ga,17.74648450472332,17.74648450472332,0.0,0.0
172512954,50,aco,aco,60.89970359496501,60.89970359496501,0.0,0.0
82496656,50,aco,aco,36.16081390037984,36.16081390037984,0.0,0.0
71855465,50,aco,aco,51.10879632854314,51.10879632854314,0.0,0.0
27714967,50,ga,ga,59.19934971290536,59.19934971290536,0.0,0.0
19537107,50,ga,ga,22.359198953733383,22.359198953733383,0.0,0.0
171146653,50,aco,aco,25.3091684113723,25.3091684113723,0.0,0.0
108037509,50,ga,ga,16.022019540069117,16.022019540069117,0.0,0.0
110989517,50,aco,aco,18.528128537840328,18.528128537840328,0.0,0.0
193087253,50,ga,ga,14.167898014375464,14.167898014375464,0.0,0.0
169381432,50,aco,aco,29.382893156922474,29.382893156922474,0.0,0.0
133977282,50,aco,aco,38.835139621641005,38.835139621641005,0.0,0.0
46135098,50,aco,aco,42.358349668639306,42.358349668639306,0.0,0.0
98682835,50,sa,aco,36.8704548434274,72.37832857791568,35.50787373448828,0.9630440927641005
114859041,50,aco,aco,15.772673702806634,15.772673702806634,0.0,0.0
72054925,50,ga,ga,44.844466431746966,44.844466431746966,0.0,0.0
17293182,50,aco,aco,35.69608807286196,35.69608807286196,0.0,0.0
111468221,50,aco,aco,25.149495021527706,25.149495021527706,0.0,0.0
182406170,50,aco,aco,38.48738233068576,38.48738233068576,0.0,0.0
24104741,50,ga,ga,7.794236295346603,7.794236295346603,0.0,0.0
73630659,50,ga,ga,16.93991333454495,16.93991333454495,0.0,0.0
6562234,50,aco,aco,11.56347579403861,11.56347579403861,0.0,0.0
191142518,50,ga,ga,62.038495563871095,62.038495563871095,0.0,0.0
18549780,50,aco,aco,85.1270752375878,85.1270752375878,0.0,0.0
104985771,50,aco,aco,8.626580841241266,8.626580841241266,0.0,0.0
106132666,50,aco,aco,17.525350479001464,17.525350479001464,0.0,0.0
24204471,50,aco,aco,33.30437515225621,33.30437515225621,0.0,0.0
193436308,50,aco,aco,59.66179819271366,59.66179819271366,0.0,0.0
80950841,50,aco,aco,40.37529461851661,40.37529461851661,0.0,0.0
4308336,50,aco,aco,12.68937027436963,12.68937027436963,0.0,0.0
27834643,50,ga,ga,8.636839513764555,8.636839513764555,0.0,0.0
180261975,50,ga,ga,13.21325086689573,13.21325086689573,0.0,0.0
504384475,50,sa,sa,66.21417714856607,66.21417714856607,0.0,0.0
20504488,50,aco,aco,37.08676515184321,37.08676515184321,0.0,0.0
105085501,50,ga,ga,31.900458566661147,31.900458566661147,0.0,0.0
472879768,50,sa,sa,57.4754102916777,57.4754102916777,0.0,0.0
184699960,50,aco,aco,14.51797549856597,14.51797549856597,0.0,0.0
118120212,50,aco,aco,46.96937450120072,46.96937450120072,0.0,0.0
73550875,50,ga,ga,25.04492536774567,25.04492536774567,0.0,0.0
707325052,50,sa,sa,104.63852446217292,104.63852446217292,0.0,0.0
2014546,50,aco,aco,10.524470409438386,10.524470409438386,0.0,0.0
136261099,50,aco,ga,4.989949408617183,6.349607228408368,1.3596578197911855,0.2724792795380213
195012042,50,aco,aco,14.778886304714629,14.778886304714629,0.0,0.0
178716160,50,aco,aco,35.86523479540425,35.86523479540425,0.0,0.0
244797258,50,sa,sa,155.72184656534802,155.72184656534802,0.0,0.0
27276155,50,ga,ga,46.36859476261327,46.36859476261327,0.0,0.0
31773978,50,aco,aco,14.374531187255483,14.374531187255483,0.0,0.0
110101920,50,aco,aco,22.382573446577368,22.382573446577368,0.0,0.0
60296758,50,aco,aco,23.063506186766247,23.063506186766247,0.0,0.0
152666684,50,aco,aco,8.737666924851183,8.737666924851183,0.0,0.0
77340615,50,aco,aco,73.5809118888673,73.5809118888673,0.0,0.0
77370534,50,aco,aco,7.500288621952537,7.500288621952537,0.0,0.0
138724430,50,ga,ga,32.9638709877193,32.9638709877193,0.0,0.0
103639416,50,aco,aco,9.182035392967103,9.182035392967103,0.0,0.0
124951717,50,sa,sa,40.36257971646005,40.36257971646005,0.0,0.0
122947144,50,aco,aco,72.10287199328982,72.10287199328982,0.0,0.0
115866314,50,ga,ga,31.195397366601195,31.195397366601195,0.0,0.0
85468610,50,sa,sa,412.74476173331857,412.74476173331857,0.0,0.0
21222544,50,ga,ga,42.695409009606,42.695409009606,0.0,0.0
69781081,50,aco,aco,7.419598805456514,7.419598805456514,0.0,0.0
381337601,50,sa,sa,459.8758178817838,459.8758178817838,0.0,0.0
29400404,50,aco,aco,92.4039470846457,92.4039470846457,0.0,0.0
124851987,50,aco,aco,155.2072790267264,155.2072790267264,0.0,0.0
118469267,50,ga,ga,29.69955711132101,29.69955711132101,0.0,0.0
16854370,50,aco,aco,10.539542126634943,10.539542126634943,0.0,0.0
160216245,50,ga,ga,22.172267189284963,22.172267189284963,0.0,0.0
517538862,50,sa,sa,179.11030093953792,179.11030093953792,0.0,0.0
110630489,50,ga,ga,26.47436509033677,26.47436509033677,0.0,0.0
527132888,50,sa,sa,65.862800223228,65.862800223228,0.0,0.0
99769892,50,aco,aco,31.087976704714038,31.087976704714038,0.0,0.0
46942911,50,ga,ga,13.434058450485198,13.434058450485198,0.0,0.0
82177520,50,aco,aco,9.057403810016927,9.057403810016927,0.0,0.0
117900806,50,ga,ga,65.54515645005304,65.54515645005304,0.0,0.0
76742235,50,aco,aco,14.07671341118082,14.07671341118082,0.0,0.0
18430104,50,aco,aco,43.32228410801606,43.32228410801606,0.0,0.0
62171682,50,ga,ga,94.65150083257129,94.65150083257129,0.0,0.0
135223907,50,ga,ga,68.58397835961445,68.58397835961445,0.0,0.0
197206102,50,aco,aco,19.556211769684303,19.556211769684303,0.0,0.0
57454453,50,aco,aco,21.195665094087207,21.195665094087207,0.0,0.0
19527134,50,aco,aco,70.99642983293383,70.99642983293383,0.0,0.0
38086887,50,sa,sa,344.7858645643727,344.7858645643727,0.0,0.0
195789936,50,ga,ga,16.79241790329391,16.79241790329391,0.0,0.0
105105447,50,ga,ga,15.190699724757192,15.190699724757192,0.0,0.0
151868844,50,aco,aco,27.199760963322763,27.199760963322763,0.0,0.0
96189585,50,sa,sa,632.7657221895399,632.7657221895399,0.0,0.0
132700738,50,aco,aco,9.169534990201,9.169534990201,0.0,0.0
22160006,50,ga,ga,36.8946184404165,36.8946184404165,0.0,0.0
119496486,50,aco,aco,11.247944452245504,11.247944452245504,0.0,0.0
87872103,50,ga,ga,78.14419718160104,78.14419718160104,0.0,0.0
204336797,50,sa,sa,262.88562222769025,262.88562222769025,0.0,0.0
127105885,50,aco,aco,49.02781199466772,49.02781199466772,0.0,0.0
72723116,50,aco,aco,10.246235053477854,10.246235053477854,0.0,0.0
167017831,50,ga,ga,9.74432823250072,9.74432823250072,0.0,0.0
3440685,50,aco,aco,18.110950554569555,18.110950554569555,0.0,0.0
52487899,50,ga,sa,136.4852138401173,188.84800476681056,52.362790926693265,0.38365174844531175
167237237,50,aco,ga,27.95668806685993,29.58521943200479,1.6285313651448625,0.058251941762562924
30138406,50,aco,aco,21.637422057568465,21.637422057568465,0.0,0.0
376191533,50,sa,sa,368.4659224372589,368.4659224372589,0.0,0.0
119097566,50,ga,ga,39.68777218035153,39.68777218035153,0.0,0.0
71346842,50,aco,aco,17.202474975862465,17.202474975862465,0.0,0.0
96947533,50,sa,sa,391.2454693223482,391.2454693223482,0.0,0.0
75754908,50,ga,ga,41.707001669741445,41.707001669741445,0.0,0.0
193027415,50,aco,aco,33.20847698440376,33.20847698440376,0.0,0.0
161293329,50,aco,aco,10.474143714939132,10.474143714939132,0.0,0.0
32621683,50,aco,aco,16.598748486474786,16.598748486474786,0.0,0.0
154761014,50,aco,aco,11.415952017048388,11.415952017048388,0.0,0.0
90604705,50,ga,ga,13.702332505100284,13.702332505100284,0.0,0.0
113233442,50,aco,aco,75.63885059242196,75.63885059242196,0.0,0.0
30068595,50,aco,aco,40.16387332313416,40.16387332313416,0.0,0.0
127385129,50,aco,aco,24.102444937815275,24.102444937815275,0.0,0.0
157004939,50,aco,aco,145.21589522550903,145.21589522550903,0.0,0.0
58481672,50,aco,aco,15.44003021005812,15.44003021005812,0.0,0.0
69701297,50,sa,sa,270.92062730500504,270.92062730500504,0.0,0.0
191661114,50,aco,aco,6.5270104027393705,6.5270104027393705,0.0,0.0
128003455,50,aco,aco,7.695029954261275,7.695029954261275,0.0,0.0
110211623,50,aco,aco,23.39689282971236,23.39689282971236,0.0,0.0
1525869,50,aco,aco,84.8461046775115,84.8461046775115,0.0,0.0
87732481,50,aco,aco,35.94262933843452,35.94262933843452,0.0,0.0
71496437,50,aco,aco,80.77274911276643,80.77274911276643,0.0,0.0
76443045,50,aco,aco,23.94252569756021,23.94252569756021,0.0,0.0
158610592,50,ga,ga,19.7358112470164,19.7358112470164,0.0,0.0
105853422,50,ga,ga,37.68428878588881,37.68428878588881,0.0,0.0
185009123,50,aco,aco,31.72900800645676,31.72900800645676,0.0,0.0
103320280,50,aco,aco,16.50500700450971,16.50500700450971,0.0,0.0
89607405,50,aco,aco,12.318324681697751,12.318324681697751,0.0,0.0
98842403,50,ga,ga,97.40432661905142,97.40432661905142,0.0,0.0
19148160,50,aco,aco,52.217664319058976,52.217664319058976,0.0,0.0
371205033,50,sa,sa,191.342431234467,191.342431234467,0.0,0.0
3311036,50,ga,ga,178.44011007462603,178.44011007462603,0.0,0.0
19676729,50,aco,aco,15.524037720782394,15.524037720782394,0.0,0.0
99809784,50,aco,aco,28.894537436766985,28.894537436766985,0.0,0.0
114190850,50,sa,sa,967.32879889091,967.32879889091,0.0,0.0
182057115,50,ga,ga,95.05547004034094,95.05547004034094,0.0,0.0
186495100,50,aco,aco,24.634269152043224,24.634269152043224,0.0,0.0
18659483,50,ga,ga,26.303059754776186,26.303059754776186,0.0,0.0
95910341,50,ga,ga,162.51062164625736,162.51062164625736,0.0,0.0
60964949,50,aco,aco,22.492657482381485,22.492657482381485,0.0,0.0
92030844,50,aco,aco,11.608411804741026,11.608411804741026,0.0,0.0
98862349,50,aco,aco,19.02660848146085,19.02660848146085,0.0,0.0
19008538,50,sa,sa,235.2014419081986,235.2014419081986,0.0,0.0
101455329,50,aco,aco,17.237016341458187,17.237016341458187,0.0,0.0
115527232,50,aco,aco,48.76932611951824,48.76932611951824,0.0,0.0
135343583,50,ga,ga,49.32054466205253,49.32054466205253,0.0,0.0
165850990,50,aco,aco,24.39080291760993,24.39080291760993,0.0,0.0
162739414,50,aco,aco,16.866470328669525,16.866470328669525,0.0,0.0
172911874,50,aco,aco,33.74864043013916,33.74864043013916,0.0,0.0
50802462,50,aco,aco,58.73758577264457,58.73758577264457,0.0,0.0
46524045,50,ga,ga,32.88082861820705,32.88082861820705,0.0,0.0
119656054,50,aco,aco,9.137395440512584,9.137395440512584,0.0,0.0
27365912,50,ga,ga,86.502547625234,86.502547625234,0.0,0.0
49236701,50,aco,aco,33.070536459663714,33.070536459663714,0.0,0.0
52138844,50,aco,aco,60.905127616194896,60.905127616194896,0.0,0.0
15388339,50,aco,aco,47.538501871410986,47.538501871410986,0.0,0.0
183513173,50,ga,ga,6.458697107880491,6.458697107880491,0.0,0.0
180002677,50,ga,ga,91.30056816611147,91.30056816611147,0.0,0.0
134495878,50,ga,ga,12.83226044623933,12.83226044623933,0.0,0.0
283991148,50,sa,sa,38.02020214366576,38.02020214366576,0.0,0.0
139312837,50,aco,aco,111.15990367050551,111.15990367050551,0.0,0.0
85478583,50,aco,aco,16.33657293165982,16.33657293165982,0.0,0.0
37967211,50,ga,ga,37.74225223528436,37.74225223528436,0.0,0.0
568560730,50,sa,sa,80.20639594145524,80.20639594145524,0.0,0.0
161652357,50,ga,ga,17.854183297196364,17.854183297196364,0.0,0.0
128571916,50,ga,ga,18.403441933400305,18.403441933400305,0.0,0.0
32033276,50,aco,aco,58.63987878773269,58.63987878773269,0.0,0.0
74458418,50,aco,aco,126.18156940230472,126.18156940230472,0.0,0.0
41587410,50,aco,aco,19.31932551637416,19.31932551637416,0.0,0.0
99021917,50,sa,sa,206.63621880058457,206.63621880058457,0.0,0.0
329537839,50,sa,sa,320.8782693234228,320.8782693234228,0.0,0.0
131633627,50,aco,aco,10.761135003800534,10.761135003800534,0.0,0.0
183134199,50,ga,ga,13.448144752204843,13.448144752204843,0.0,0.0
78327942,50,aco,aco,11.483168734801854,11.483168734801854,0.0,0.0
16674856,50,aco,aco,17.693474375176795,17.693474375176795,0.0,0.0
65532583,50,ga,ga,113.9869218231333,113.9869218231333,0.0,0.0
129220161,50,ga,ga,24.495800600221568,24.495800600221568,0.0,0.0
401343439,50,sa,sa,150.80771137046588,150.80771137046588,0.0,0.0
459166893,50,sa,sa,77.324346894154,77.324346894154,0.0,0.0
161004112,50,ga,ga,35.83200718013135,35.83200718013135,0.0,0.0
158999539,50,ga,ga,30.976470179046856,30.976470179046856,0.0,0.0
107728346,50,aco,aco,58.74682340570536,58.74682340570536,0.0,0.0
131803168,50,ga,ga,62.04968351356708,62.04968351356708,0.0,0.0
147051885,50,aco,aco,86.95942028985817,86.95942028985817,0.0,0.0
69920703,50,sa,sa,51.4554677609209,51.4554677609209,0.0,0.0
145725476,50,ga,ga,61.93570736668947,61.93570736668947,0.0,0.0
38595510,50,sa,sa,279.6803506050979,279.6803506050979,0.0,0.0
106990344,50,aco,aco,5.105882895419418,5.105882895419418,0.0,0.0
175425070,50,aco,aco,30.68154939811994,30.68154939811994,0.0,0.0
9973000,50,sa,sa,28.323222237379756,28.323222237379756,0.0,0.0
70469218,50,aco,aco,8.102944712660392,8.102944712660392,0.0,0.0
481047655,50,sa,sa,245.94244430614071,245.94244430614071,0.0,0.0
191890493,50,aco,aco,23.864899632486647,23.864899632486647,0.0,0.0
406549345,50,sa,sa,115.49537302400728,115.49537302400728,0.0,0.0
116963344,50,aco,aco,23.4635645190458,23.4635645190458,0.0,0.0
134116904,50,ga,ga,9.976413582221603,9.976413582221603,0.0,0.0
31544599,50,sa,sa,137.66556852116375,137.66556852116375,0.0,0.0
15527961,50,aco,aco,17.17334814797283,17.17334814797283,0.0,0.0
153663984,50,aco,aco,56.47050677057798,56.47050677057798,0.0,0.0
8566807,50,ga,ga,57.010269476070064,57.010269476070064,0.0,0.0
112934252,50,aco,aco,34.27227736454442,34.27227736454442,0.0,0.0
161801952,50,aco,aco,25.62745402926806,25.62745402926806,0.0,0.0
516840752,50,sa,sa,230.59176115876227,230.59176115876227,0.0,0.0
123465740,50,ga,ga,41.95111257745519,41.95111257745519,0.0,0.0
73022306,50,aco,aco,15.040074925118184,15.040074925118184,0.0,0.0
49845054,50,aco,ga,84.35362128389717,137.7891955638851,53.43557427998793,0.633471017209176
342781983,50,sa,sa,623.5650729820193,623.5650729820193,0.0,0.0
55060933,50,ga,ga,13.431736211615029,13.431736211615029,0.0,0.0
425238747,50,sa,sa,312.675796959437,312.675796959437,0.0,0.0
182396197,50,ga,ga,27.2713574431416,27.2713574431416,0.0,0.0
156436478,50,aco,aco,45.04991211619509,45.04991211619509,0.0,0.0
2602953,50,aco,aco,70.60820201653323,70.60820201653323,0.0,0.0
145296637,50,ga,ga,14.61277668719098,14.61277668719098,0.0,0.0
151230572,50,ga,ga,33.75492781512311,33.75492781512311,0.0,0.0
185268421,50,aco,aco,8.437006312957585,8.437006312957585,0.0,0.0
45895746,50,ga,ga,47.4911955267582,47.4911955267582,0.0,0.0
141716330,50,aco,aco,87.42726692328705,87.42726692328705,0.0,0.0
101046436,50,aco,aco,8.871212123278756,8.871212123278756,0.0,0.0
69890784,50,aco,aco,19.942529361127736,19.942529361127736,0.0,0.0
61473572,50,ga,ga,199.77206007155013,199.77206007155013,0.0,0.0
315665396,50,sa,sa,291.218047379876,291.218047379876,0.0,0.0
141088031,50,ga,ga,15.958746933910476,15.958746933910476,0.0,0.0
354300798,50,sa,sa,27.544151795535093,27.544151795535093,0.0,0.0
88151347,50,aco,aco,17.019282697602165,17.019282697602165,0.0,0.0
116045828,50,aco,aco,6.676770446204703,6.676770446204703,0.0,0.0
121471140,50,aco,aco,34.01608180334841,34.01608180334841,0.0,0.0
94803338,50,sa,sa,28.32082442501176,28.32082442501176,0.0,0.0
217551022,50,sa,sa,160.25148006464647,160.25148006464647,0.0,0.0
55988422,50,ga,ga,78.08910698522926,78.08910698522926,0.0,0.0
156885263,50,aco,aco,361.2408636261718,361.2408636261718,0.0,0.0
549402597,50,sa,sa,173.37343859741662,173.37343859741662,0.0,0.0
154890663,50,aco,aco,25.46077871005545,25.46077871005545,0.0,0.0
58222374,50,aco,aco,16.17739983071091,16.17739983071091,0.0,0.0
175774125,50,aco,aco,106.98205500623854,106.98205500623854,0.0,0.0
65602394,50,aco,aco,5.055720716806067,5.055720716806067,0.0,0.0
19776459,50,aco,aco,22.618543567247023,22.618543567247023,0.0,0.0
122468440,50,aco,aco,11.643905845883156,11.643905845883156,0.0,0.0
543169472,50,sa,sa,482.17187893301065,482.17187893301065,0.0,0.0
41756951,50,ga,ga,58.75835777516836,58.75835777516836,0.0,0.0
144987474,50,ga,ga,84.75026817159562,84.75026817159562,0.0,0.0
154701176,50,ga,ga,16.51609141399626,16.51609141399626,0.0,0.0
28841916,50,aco,aco,90.590411438201,90.590411438201,0.0,0.0
23296928,50,ga,ga,35.935734662081806,35.935734662081806,0.0,0.0
178945539,50,ga,ga,30.72918847812021,30.72918847812021,0.0,0.0
14311255,50,aco,aco,64.92373692900026,64.92373692900026,0.0,0.0
67776508,50,ga,ga,564.5947642204505,564.5947642204505,0.0,0.0
24952446,50,ga,ga,92.62289321339034,92.62289321339034,0.0,0.0
71306950,50,ga,ga,67.12268382388147,67.12268382388147,0.0,0.0
181418843,50,ga,ga,25.423160825585704,25.423160825585704,0.0,0.0
101973925,50,aco,aco,22.436226403979425,22.436226403979425,0.0,0.0
106312180,50,ga,ga,41.46530634604809,41.46530634604809,0.0,0.0
158082023,50,ga,ga,59.75679665102194,59.75679665102194,0.0,0.0
94125174,50,aco,aco,61.57890423086957,61.57890423086957,0.0,0.0
127425021,50,ga,ga,42.23977885389608,42.23977885389608,0.0,0.0
92280169,50,aco,aco,29.95422454486465,29.95422454486465,0.0,0.0
55599475,50,aco,aco,20.17794040940576,20.17794040940576,0.0,0.0
139631973,50,aco,aco,93.6269017130582,93.6269017130582,0.0,0.0
192429035,50,aco,aco,38.66708076916167,38.66708076916167,0.0,0.0
61333950,50,aco,aco,81.69799957838458,81.69799957838458,0.0,0.0
77899103,50,aco,aco,34.05051888822433,34.05051888822433,0.0,0.0
359905624,50,sa,sa,23.13297250143895,23.13297250143895,0.0,0.0
145755395,50,aco,aco,31.53617451384872,31.53617451384872,0.0,0.0
104108147,50,aco,aco,38.99469843874133,38.99469843874133,0.0,0.0
104536986,50,aco,aco,58.01684861241151,58.01684861241151,0.0,0.0
69212620,50,aco,aco,11.562654939332946,11.562654939332946,0.0,0.0
81309869,50,aco,aco,29.638114414790877,29.638114414790877,0.0,0.0
120114812,50,aco,aco,16.523954191235305,16.523954191235305,0.0,0.0
82157574,50,aco,aco,48.23976295559133,48.23976295559133,0.0,0.0
34995257,50,ga,ga,47.889773594297765,47.889773594297765,0.0,0.0
16096422,50,ga,ga,52.97172697733168,52.97172697733168,0.0,0.0
188599403,50,aco,aco,8.168468040660404,8.168468040660404,0.0,0.0
189636595,50,aco,aco,19.762427623572066,19.762427623572066,0.0,0.0
124762230,50,aco,aco,32.53263671557895,32.53263671557895,0.0,0.0
643976556,50,sa,sa,258.7329923019487,258.7329923019487,0.0,0.0
20823624,50,aco,aco,17.87966285334466,17.87966285334466,0.0,0.0
113283307,50,aco,aco,7.99054605966407,7.99054605966407,0.0,0.0
607435484,50,sa,sa,111.13472241292548,111.13472241292548,0.0,0.0
70977841,50,aco,aco,9.12867966822386,9.12867966822386,0.0,0.0
61742843,50,aco,aco,16.373368647519946,16.373368647519946,0.0,0.0
27485588,50,ga,ga,17.982701272179405,17.982701272179405,0.0,0.0
147031939,50,ga,ga,70.80851511261316,70.80851511261316,0.0,0.0
138495051,50,ga,ga,59.90072338885375,59.90072338885375,0.0,0.0
101056409,50,aco,aco,34.60010050296094,34.60010050296094,0.0,0.0
26538153,50,ga,ga,1103.4191414628108,1103.4191414628108,0.0,0.0
2174114,50,ga,ga,35.14231309999526,35.14231309999526,0.0,0.0
93905768,50,sa,sa,288.96125952125203,288.96125952125203,0.0,0.0
105683881,50,ga,ga,27.91308154707561,27.91308154707561,0.0,0.0
10651164,50,aco,aco,67.37551898246863,67.37551898246863,0.0,0.0
153534335,50,aco,aco,67.2570843471966,67.2570843471966,0.0,0.0
59808081,50,aco,aco,27.764690073513904,27.764690073513904,0.0,0.0
271494979,50,sa,sa,45.18109670444352,45.18109670444352,0.0,0.0
29440296,50,aco,aco,100.10912253516037,100.10912253516037,0.0,0.0
27784778,50,aco,aco,7.507565436717545,7.507565436717545,0.0,0.0
86316315,50,ga,ga,23.66355217546505,23.66355217546505,0.0,0.0
107469048,50,ga,ga,65.44917451625231,65.44917451625231,0.0,0.0
68743889,50,aco,aco,22.753410567772363,22.753410567772363,0.0,0.0
450161274,50,sa,sa,51.57581806406122,51.57581806406122,0.0,0.0
147161588,50,aco,aco,221.28328126624177,221.28328126624177,0.0,0.0
142583981,50,aco,aco,97.35277392550724,97.35277392550724,0.0,0.0
86296369,50,ga,ga,67.82697030694803,67.82697030694803,0.0,0.0
74298850,50,aco,aco,36.95625394868464,36.95625394868464,0.0,0.0
182156845,50,aco,aco,55.993359652298366,55.993359652298366,0.0,0.0
96049963,50,aco,aco,35.703663432494,35.703663432494,0.0,0.0
12047384,50,aco,aco,27.21436246834459,27.21436246834459,0.0,0.0
123705092,50,aco,aco,42.14819974077246,42.14819974077246,0.0,0.0
124951717,50,aco,aco,45.24715887077327,45.24715887077327,0.0,0.0
194513392,50,aco,aco,22.82112970628507,22.82112970628507,0.0,0.0
63757389,50,aco,aco,32.658601803846054,32.658601803846054,0.0,0.0
97875022,50,aco,aco,6.14715635636713,6.14715635636713,0.0,0.0
17452750,50,aco,aco,21.017811871686582,21.017811871686582,0.0,0.0
26677775,50,aco,aco,28.03042544360993,28.03042544360993,0.0,0.0
79644378,50,aco,aco,26.69556749089227,26.69556749089227,0.0,0.0
158351294,50,ga,ga,16.762988726368782,16.762988726368782,0.0,0.0
451647251,50,sa,sa,18.42132964155101,18.42132964155101,0.0,0.0
31823843,50,aco,aco,72.76282752452857,72.76282752452857,0.0,0.0
82835738,50,aco,aco,28.45081497606393,28.45081497606393,0.0,0.0
47301939,50,aco,aco,74.90831011667565,74.90831011667565,0.0,0.0
375473477,50,sa,sa,57.29837109965256,57.29837109965256,0.0,0.0
30567245,50,aco,aco,34.69848966347564,34.69848966347564,0.0,0.0
40989030,50,aco,aco,13.130772120345782,13.130772120345782,0.0,0.0
63627740,50,aco,aco,13.913170569720648,13.913170569720648,0.0,0.0
64585148,50,ga,ga,22.49663815175078,22.49663815175078,0.0,0.0
117830995,50,aco,aco,22.277609540856893,22.277609540856893,0.0,0.0
102781738,50,aco,aco,22.703484845510296,22.703484845510296,0.0,0.0
82436818,50,aco,aco,23.19718875332398,23.19718875332398,0.0,0.0
119027755,50,aco,aco,20.918814296589964,20.918814296589964,0.0,0.0
8945781,50,aco,aco,38.9756419350236,38.9756419350236,0.0,0.0
153763714,50,ga,ga,50.26667142626073,50.26667142626073,0.0,0.0
143541389,50,sa,sa,12.123543218153188,12.123543218153188,0.0,0.0
114869014,50,ga,ga,40.58013482481595,40.58013482481595,0.0,0.0
168643430,50,ga,ga,35.801315884417576,35.801315884417576,0.0,0.0
64086498,50,aco,aco,64.66644597353803,64.66644597353803,0.0,0.0
10641191,50,aco,aco,67.94428581235914,67.94428581235914,0.0,0.0
92419791,50,ga,ga,6.99768913833775,6.99768913833775,0.0,0.0
173041523,50,aco,aco,10.830633081293737,10.830633081293737,0.0,0.0
48738051,50,aco,aco,76.96870652790865,76.96870652790865,0.0,0.0
89916568,50,aco,aco,41.18248207611142,41.18248207611142,0.0,0.0
81519302,50,aco,aco,35.47906833323928,35.47906833323928,0.0,0.0
149973974,50,aco,aco,15.863692431233057,15.863692431233057,0.0,0.0
66639586,50,aco,aco,22.10184148407181,22.10184148407181,0.0,0.0
45427015,50,aco,aco,21.17772301472578,21.17772301472578,0.0,0.0
119336918,50,aco,aco,144.75501777382232,144.75501777382232,0.0,0.0
41238355,50,aco,aco,42.04486293527283,42.04486293527283,0.0,0.0
196986696,50,aco,aco,11.36534294447197,11.36534294447197,0.0,0.0
4118849,50,aco,aco,23.06105955825992,23.06105955825992,0.0,0.0
55459853,50,ga,ga,97.8199607061654,97.8199607061654,0.0,0.0
104048309,50,ga,ga,50.71647784531168,50.71647784531168,0.0,0.0
103589551,50,aco,aco,21.325226851266,21.325226851266,0.0,0.0
41098733,50,ga,ga,17.66069395130775,17.66069395130775,0.0,0.0
41976357,50,ga,ga,10.648458340579433,10.648458340579433,0.0,0.0
10900489,50,aco,aco,14.136846813594158,14.136846813594158,0.0,0.0
125909125,50,ga,ga,7.552716356883752,7.552716356883752,0.0,0.0
129559243,50,aco,aco,44.26496852459684,44.26496852459684,0.0,0.0
15537934,50,sa,sa,145.4331925068152,145.4331925068152,0.0,0.0
239401865,50,sa,sa,26.365246917842143,26.365246917842143,0.0,0.0
35134879,50,ga,ga,67.80071758883787,67.80071758883787,0.0,0.0
4408066,50,aco,aco,22.34123665378099,22.34123665378099,0.0,0.0
116055801,50,ga,ga,71.21435558598722,71.21435558598722,0.0,0.0
72114763,50,aco,aco,51.117043791006985,51.117043791006985,0.0,0.0
532697822,50,sa,sa,310.44005615094034,310.44005615094034,0.0,0.0
93935687,50,ga,ga,6.405937011949321,6.405937011949321,0.0,0.0
80003406,50,aco,aco,48.89475204570353,48.89475204570353,0.0,0.0
36531099,50,ga,ga,42.426113344081976,42.426113344081976,0.0,0.0
78676997,50,aco,aco,159.39517787353475,159.39517787353475,0.0,0.0
36341612,50,aco,aco,74.29702034918348,74.29702034918348,0.0,0.0
164135634,50,aco,aco,149.63266374714146,149.63266374714146,0.0,0.0
120104839,50,aco,aco,45.07565250636847,45.07565250636847,0.0,0.0
155927855,50,ga,ga,11.505132954437489,11.505132954437489,0.0,0.0
194972150,50,aco,aco,37.7319143025922,37.7319143025922,0.0,0.0
82386953,50,ga,ga,38.82214635812602,38.82214635812602,0.0,0.0
59239620,50,ga,ga,23.335431350465083,23.335431350465083,0.0,0.0
309452217,50,sa,sa,37.53609176405061,37.53609176405061,0.0,0.0
148966701,50,ga,aco,51.07718755304524,55.04869038145736,3.9715028284121203,0.07775492384516261
11309382,50,aco,aco,13.595799567749284,13.595799567749284,0.0,0.0
20733867,50,ga,ga,42.747079210594144,42.747079210594144,0.0,0.0
6751721,50,aco,aco,107.6417309349113,107.6417309349113,0.0,0.0
20973219,50,aco,aco,22.787003699879328,22.787003699879328,0.0,0.0
4607526,50,aco,aco,22.44421856739293,22.44421856739293,0.0,0.0
17203425,50,aco,aco,60.82092442200309,60.82092442200309,0.0,0.0
84630878,50,aco,aco,27.56317246568466,27.56317246568466,0.0,0.0
75226339,50,ga,ga,9.409300257306736,9.409300257306736,0.0,0.0
118838268,50,ga,ga,22.56738679872577,22.56738679872577,0.0,0.0
23626037,50,aco,aco,100.22194161343236,100.22194161343236,0.0,0.0
132401548,50,aco,aco,6.280105726811934,6.280105726811934,0.0,0.0
469648516,50,sa,sa,60.38384042876598,60.38384042876598,0.0,0.0
123635281,50,aco,aco,29.67478138832267,29.67478138832267,0.0,0.0
53176036,50,aco,aco,34.46152248634459,34.46152248634459,0.0,0.0
131613681,50,ga,ga,13.795433709499274,13.795433709499274,0.0,0.0
28123860,50,aco,aco,39.72682821735359,39.72682821735359,0.0,0.0
133239280,50,ga,ga,17.65819093553607,17.65819093553607,0.0,0.0
141706357,50,ga,ga,28.9365079528558,28.9365079528558,0.0,0.0
37578264,50,aco,aco,18.37168500337905,18.37168500337905,0.0,0.0
0,50,sa,sa,397.4366139878981,397.4366139878981,0.0,0.0
53874146,50,aco,aco,91.43714699888147,91.43714699888147,0.0,0.0
66759262,50,aco,aco,161.69463885546858,161.69463885546858,0.0,0.0
197405562,50,ga,ga,40.24610717575758,40.24610717575758,0.0,0.0
298023159,50,sa,sa,237.8527411243477,237.8527411243477,0.0,0.0
52697332,50,ga,ga,11.378203571770944,11.378203571770944,0.0,0.0
164464743,50,ga,ga,11.368925704456984,11.368925704456984,0.0,0.0
1944735,50,ga,ga,10.85454971621215,10.85454971621215,0.0,0.0
52817008,50,aco,aco,46.0925876461946,46.0925876461946,0.0,0.0
67527183,50,aco,aco,9.490907552340571,9.490907552340571,0.0,0.0
46085233,50,aco,aco,95.41804373100844,95.41804373100844,0.0,0.0
13373793,50,aco,aco,17.236051844803068,17.236051844803068,0.0,0.0
173679795,50,ga,ga,42.19358005406585,42.19358005406585,0.0,0.0
172024277,50,aco,aco,306.56940680856326,306.56940680856326,0.0,0.0
95401718,50,ga,ga,162.08081363230804,162.08081363230804,0.0,0.0
348187349,50,sa,sa,301.6671635251022,301.6671635251022,0.0,0.0
99680135,50,aco,aco,52.48999362584616,52.48999362584616,0.0,0.0
137537643,50,aco,aco,19.629773584069405,19.629773584069405,0.0,0.0
107329426,50,aco,aco,41.61098953114323,41.61098953114323,0.0,0.0
136729830,50,ga,ga,15.45603731746914,15.45603731746914,0.0,0.0
175105934,50,aco,aco,14.59861435389687,14.59861435389687,0.0,0.0
139143296,50,aco,aco,8.58184908425907,8.58184908425907,0.0,0.0
175893801,50,aco,aco,10.158132687460682,10.158132687460682,0.0,0.0
120254434,50,aco,aco,47.23330721997293,47.23330721997293,0.0,0.0
90445137,50,aco,ga,19.55597233863833,23.03040312252969,3.4744307838913606,0.17766596944027396
85199339,50,ga,ga,41.89679587731101,41.89679587731101,0.0,0.0
68414780,50,aco,aco,35.17035405460439,35.17035405460439,0.0,0.0
22578872,50,ga,ga,32.005388076958724,32.005388076958724,0.0,0.0
120224515,50,ga,ga,40.94397016379001,40.94397016379001,0.0,0.0
129609108,50,ga,ga,15.97288855987134,15.97288855987134,0.0,0.0
81469437,50,sa,sa,68.06747255858274,68.06747255858274,0.0,0.0
385386639,50,sa,sa,202.7898784239516,202.7898784239516,0.0,0.0
123176523,50,aco,aco,8.209827462805581,8.209827462805581,0.0,0.0
108805430,50,aco,aco,22.989461515887523,22.989461515887523,0.0,0.0
17941427,50,aco,aco,15.1256468643004,15.1256468643004,0.0,0.0
39203863,50,ga,ga,165.77878558570148,165.77878558570148,0.0,0.0
110580624,50,aco,aco,26.77892680220205,26.77892680220205,0.0,0.0
156336748,50,ga,ga,52.65356507442056,52.65356507442056,0.0,0.0
54302985,50,aco,aco,31.994034274954053,31.994034274954053,0.0,0.0
15707475,50,aco,aco,20.3344484274221,20.3344484274221,0.0,0.0
59389215,50,ga,ga,19.01336333811376,19.01336333811376,0.0,0.0
109214323,50,aco,aco,16.724389101157527,16.724389101157527,0.0,0.0
107369318,50,aco,aco,22.211490108697895,22.211490108697895,0.0,0.0
90096082,50,aco,aco,3.71004927686092,3.71004927686092,0.0,0.0
187811536,50,ga,ga,24.23662443950614,24.23662443950614,0.0,0.0
39832162,50,aco,aco,169.70591858120747,169.70591858120747,0.0,0.0
49525918,50,aco,aco,14.149641528881382,14.149641528881382,0.0,0.0
50204082,50,aco,aco,101.7062453854827,101.7062453854827,0.0,0.0
83354334,50,aco,aco,36.0851957385762,36.0851957385762,0.0,0.0
158241591,50,aco,aco,29.2581519130192,29.2581519130192,0.0,0.0
105873368,50,aco,aco,40.691852227630605,40.691852227630605,0.0,0.0
4677337,50,aco,aco,10.552880785841625,10.552880785841625,0.0,0.0
154521662,50,aco,aco,52.90368366507292,52.90368366507292,0.0,0.0
12326628,50,aco,aco,42.02725670774904,42.02725670774904,0.0,0.0
193905039,50,ga,ga,70.21997380223938,70.21997380223938,0.0,0.0
115058501,50,aco,aco,32.73849166080245,32.73849166080245,0.0,0.0
47970130,50,ga,ga,26.510957822057374,26.510957822057374,0.0,0.0
28572645,50,ga,ga,20.030539735890947,20.030539735890947,0.0,0.0
47710832,50,aco,aco,40.67120354655016,40.67120354655016,0.0,0.0
85119555,50,aco,aco,7.82882062756194,7.82882062756194,0.0,0.0
118908079,50,aco,aco,9.108743633541756,9.108743633541756,0.0,0.0
164734014,50,aco,aco,10.804909460053974,10.804909460053974,0.0,0.0
128771376,50,ga,ga,19.65334445499972,19.65334445499972,0.0,0.0
35334339,50,aco,aco,15.249251526598863,15.249251526598863,0.0,0.0
125161150,50,sa,sa,108.59749768037103,108.59749768037103,0.0,0.0
630762331,50,sa,sa,296.9539763131609,296.9539763131609,0.0,0.0
73540902,50,ga,ga,29.103701460232934,29.103701460232934,0.0,0.0
80691543,50,aco,aco,47.69032683528625,47.69032683528625,0.0,0.0
159019485,50,ga,ga,105.48983793957994,105.48983793957994,0.0,0.0
16106395,50,aco,aco,12.040950651800486,12.040950651800486,0.0,0.0
71815573,50,aco,aco,16.57530275784269,16.57530275784269,0.0,0.0
19188052,50,ga,ga,32.8950907103278,32.8950907103278,0.0,0.0
185527719,50,aco,aco,42.40868207945336,42.40868207945336,0.0,0.0
54382769,50,aco,aco,23.57969515946507,23.57969515946507,0.0,0.0
137776995,50,aco,aco,66.70779933663248,66.70779933663248,0.0,0.0
90275596,50,ga,ga,114.30233410676615,114.30233410676615,0.0,0.0
76403153,50,aco,aco,35.79631549374528,35.79631549374528,0.0,0.0
105245069,50,ga,ga,15.688967065727002,15.688967065727002,0.0,0.0
39054268,50,ga,ga,50.01828424454966,50.01828424454966,0.0,0.0
97944833,50,ga,ga,48.30505466829717,48.30505466829717,0.0,0.0
75346015,50,ga,ga,9.91533276730878,9.91533276730878,0.0,0.0
104666635,50,ga,ga,25.856467634392484,25.856467634392484,0.0,0.0
482962471,50,sa,sa,200.6112793984413,200.6112793984413,0.0,0.0
140768895,50,aco,aco,38.67174029480247,38.67174029480247,0.0,0.0
152178007,50,aco,aco,49.60693361314351,49.60693361314351,0.0,0.0
46703559,50,ga,ga,49.39664545637264,49.39664545637264,0.0,0.0
100717327,50,aco,aco,12.009764189833064,12.009764189833064,0.0,0.0
80412299,50,ga,ga,28.865512550833365,28.865512550833365,0.0,0.0
17392912,50,aco,aco,40.13030584189265,40.13030584189265,0.0,0.0
34626256,50,aco,aco,36.77853848661492,36.77853848661492,0.0,0.0
57913211,50,ga,ga,24.048097239527525,24.048097239527525,0.0,0.0
15587799,50,aco,aco,6.697942747833795,6.697942747833795,0.0,0.0
33987984,50,ga,sa,69.7142124755293,87.50870762650771,17.79449515097842,0.2552491740077326
63258739,50,aco,aco,5.521102440911747,5.521102440911747,0.0,0.0
86854857,50,aco,aco,40.517965512848605,40.517965512848605,0.0,0.0
189836055,50,sa,sa,278.0570507820512,278.0570507820512,0.0,0.0
161283356,50,aco,aco,13.067497840394193,13.067497840394193,0.0,0.0
52826981,50,aco,aco,17.322708470281373,17.322708470281373,0.0,0.0
92549440,50,sa,sa,88.7454760442506,88.7454760442506,0.0,0.0
95561286,50,aco,aco,22.552587124577563,22.552587124577563,0.0,0.0
188270294,50,aco,aco,97.85560965790512,97.85560965790512,0.0,0.0
136989128,50,aco,aco,15.687617059978388,15.687617059978388,0.0,0.0
120573570,50,ga,ga,26.6303674287312,26.6303674287312,0.0,0.0
85648124,50,ga,ga,17.39104126583322,17.39104126583322,0.0,0.0
189516919,50,ga,ga,113.16375673489104,113.16375673489104,0.0,0.0
41507626,50,aco,aco,33.088499115974415,33.088499115974415,0.0,0.0
194533338,50,ga,ga,39.601451021869366,39.601451021869366,0.0,0.0
192079980,50,aco,aco,101.77543012839604,101.77543012839604,0.0,0.0
92459683,50,aco,aco,18.30399208065146,18.30399208065146,0.0,0.0
65702124,50,aco,aco,79.41144954000183,79.41144954000183,0.0,0.0
85029798,50,ga,ga,8.919142072011404,8.919142072011404,0.0,0.0
134356256,50,aco,aco,33.16163825140317,33.16163825140317,0.0,0.0
152098223,50,ga,ga,14.589636070619608,14.589636070619608,0.0,0.0
62141763,50,aco,aco,9.627126766311816,9.627126766311816,0.0,0.0
48728078,50,aco,aco,21.21723696750989,21.21723696750989,0.0,0.0
1495950,50,aco,aco,27.86706372915481,27.86706372915481,0.0,0.0
642709985,50,sa,sa,284.88467719876604,284.88467719876604,0.0,0.0
199100972,50,aco,aco,18.48473980232425,18.48473980232425,0.0,0.0
12206952,50,aco,aco,13.884781707120352,13.884781707120352,0.0,0.0
101275815,50,aco,aco,17.676763438054113,17.676763438054113,0.0,0.0
78557321,50,aco,aco,48.81222194330513,48.81222194330513,0.0,0.0
88460510,50,ga,ga,53.153723096224354,53.153723096224354,0.0,0.0
153205226,50,ga,ga,25.87820657826358,25.87820657826358,0.0,0.0
127235534,50,aco,aco,40.9679515524592,40.9679515524592,0.0,0.0
125500232,50,sa,sa,54.99495285910449,54.99495285910449,0.0,0.0
164275256,50,aco,aco,50.77636402965925,50.77636402965925,0.0,0.0
42844008,50,ga,ga,98.08598796695628,98.08598796695628,0.0,0.0
138973755,50,aco,aco,9.815016283471982,9.815016283471982,0.0,0.0
143162415,50,sa,sa,36.52001982758649,36.52001982758649,0.0,0.0
135353556,50,aco,aco,60.45292906888479,60.45292906888479,0.0,0.0
149804433,50,ga,ga,73.91934919503156,73.91934919503156,0.0,0.0
25919827,50,ga,ga,14.90246262622277,14.90246262622277,0.0,0.0
169670649,50,aco,aco,171.81781983448488,171.81781983448488,0.0,0.0
183971931,50,ga,ga,6.623960897415948,6.623960897415948,0.0,0.0
133189415,50,ga,ga,48.83288628768212,48.83288628768212,0.0,0.0
120404029,50,ga,ga,35.68595777115096,35.68595777115096,0.0,0.0
703684907,50,sa,sa,113.76677782926978,113.76677782926978,0.0,0.0
30866435,50,aco,aco,147.87718128615745,147.87718128615745,0.0,0.0
2862251,50,aco,aco,28.78615151947584,28.78615151947584,0.0,0.0
19926054,50,ga,ga,29.11931357898508,29.11931357898508,0.0,0.0
134874852,50,aco,aco,37.5333194669486,37.5333194669486,0.0,0.0
143152442,50,ga,ga,28.61730769920118,28.61730769920118,0.0,0.0
11508842,50,ga,ga,12.965750678327527,12.965750678327527,0.0,0.0
41447788,50,ga,ga,118.5465866234544,118.5465866234544,0.0,0.0
91512248,50,ga,ga,34.65307924552991,34.65307924552991,0.0,0.0
48010022,50,ga,ga,41.40182571289267,41.40182571289267,0.0,0.0
94982852,50,ga,ga,86.36108373496731,86.36108373496731,0.0,0.0
37448615,50,aco,aco,10.200222015710205,10.200222015710205,0.0,0.0
135154096,50,aco,aco,45.45826859692877,45.45826859692877,0.0,0.0
26099341,50,ga,ga,76.27638989632355,76.27638989632355,0.0,0.0
15338474,50,ga,ga,11.11280517113238,11.11280517113238,0.0,0.0
102482548,50,aco,aco,57.37444445048855,57.37444445048855,0.0,0.0
133508551,50,ga,ga,112.12078190196604,112.12078190196604,0.0,0.0
23306901,50,ga,ga,16.265302527893574,16.265302527893574,0.0,0.0
97735400,50,aco,aco,10.01718121803856,10.01718121803856,0.0,0.0
118957944,50,ga,ga,51.984260620531686,51.984260620531686,0.0,0.0
2932062,50,aco,aco,26.955088330393583,26.955088330393583,0.0,0.0
83493956,50,aco,aco,15.36424851044766,15.36424851044766,0.0,0.0
161552627,50,ga,ga,146.12247444318868,146.12247444318868,0.0,0.0
166329694,50,ga,ga,26.171537983596338,26.171537983596338,0.0,0.0
101066382,50,aco,aco,23.844965814257183,23.844965814257183,0.0,0.0
115287880,50,aco,aco,11.169643539657937,11.169643539657937,0.0,0.0
178297294,50,aco,aco,11.78942407498613,11.78942407498613,0.0,0.0
195859747,50,aco,aco,64.53130695211274,64.53130695211274,0.0,0.0
166957993,50,ga,ga,19.130482610894845,19.130482610894845,0.0,0.0
139602054,50,ga,ga,12.216001536401386,12.216001536401386,0.0,0.0
88340834,50,ga,ga,21.55185258960228,21.55185258960228,0.0,0.0
99291188,50,aco,aco,124.03579099066688,124.03579099066688,0.0,0.0
130845760,50,aco,aco,39.487760840777824,39.487760840777824,0.0,0.0
8885943,50,aco,aco,12.46972876660773,12.46972876660773,0.0,0.0
86804992,50,ga,ga,33.30372076672946,33.30372076672946,0.0,0.0
141796114,50,sa,sa,90.02173389070792,90.02173389070792,0.0,0.0
176601884,50,ga,ga,25.43997136718264,25.43997136718264,0.0,0.0
39423269,50,aco,aco,66.1326858693737,66.1326858693737,0.0,0.0
59080052,50,aco,aco,117.7342403469526,117.7342403469526,0.0,0.0
6282990,50,aco,aco,12.880815945475018,12.880815945475018,0.0,0.0
52118898,50,ga,ga,82.45153327267383,82.45153327267383,0.0,0.0
54312958,50,aco,aco,47.50457225945802,47.50457225945802,0.0,0.0
83294496,50,ga,ga,129.35409999777377,129.35409999777377,0.0,0.0
278934837,50,sa,sa,91.81024717802292,91.81024717802292,0.0,0.0
78906376,50,ga,ga,20.66108144998361,20.66108144998361,0.0,0.0
2882197,50,aco,aco,43.038077390390704,43.038077390390704,0.0,0.0
33638929,50,aco,ga,30.63311712136771,37.54121257951767,6.908095458149958,0.2255106925873799
2792440,50,aco,aco,16.51548514161037,16.51548514161037,0.0,0.0
142205007,50,aco,aco,34.84112853364793,34.84112853364793,0.0,0.0
38994430,50,ga,ga,11.041208113440874,11.041208113440874,0.0,0.0
9135268,50,ga,ga,25.1713301108998,25.1713301108998,0.0,0.0
97575832,50,aco,aco,56.96881442616408,56.96881442616408,0.0,0.0
108496267,50,ga,ga,7.076344992686258,7.076344992686258,0.0,0.0
29280728,50,ga,aco,12.7202586890517,163.19273298802457,150.47247429897288,11.829356460217607
22678602,50,ga,ga,21.630870696807783,21.630870696807783,0.0,0.0
18639537,50,aco,aco,14.053496294582416,14.053496294582416,0.0,0.0
181448762,50,aco,aco,43.50280687852979,43.50280687852979,0.0,0.0
154152661,50,ga,ga,31.30852486128664,31.30852486128664,0.0,0.0
99670162,50,ga,ga,16.5932358905827,16.5932358905827,0.0,0.0
163128361,50,aco,ga,18.002769089016198,20.15655536286181,2.1537862738456113,0.11963638833537413
149535162,50,ga,ga,57.50544478717816,57.50544478717816,0.0,0.0
171834790,50,aco,aco,16.74101758748828,16.74101758748828,0.0,0.0
337815429,50,sa,sa,22.43548692294785,22.43548692294785,0.0,0.0
172363359,50,aco,aco,105.01429798511614,105.01429798511614,0.0,0.0
158710322,50,ga,ga,21.53375512059083,21.53375512059083,0.0,0.0
150662111,50,aco,aco,27.827523259803527,27.827523259803527,0.0,0.0
54283039,50,aco,aco,91.79864915817652,91.79864915817652,0.0,0.0
187612076,50,aco,aco,34.78836150143757,34.78836150143757,0.0,0.0
51211355,50,aco,aco,12.33005247607866,12.33005247607866,0.0,0.0
56925884,50,aco,aco,15.821564805266004,15.821564805266004,0.0,0.0
125181096,50,ga,ga,27.56624931911801,27.56624931911801,0.0,0.0
66310477,50,aco,aco,29.84607338954368,29.84607338954368,0.0,0.0
87233831,50,ga,ga,93.54686479343272,93.54686479343272,0.0,0.0
738002,50,aco,aco,33.652215022871765,33.652215022871765,0.0,0.0
184610203,50,ga,ga,18.57899348433115,18.57899348433115,0.0,0.0
164165553,50,ga,ga,20.27366573870489,20.27366573870489,0.0,0.0
67327723,50,aco,aco,24.649493445168908,24.649493445168908,0.0,0.0
13852497,50,ga,ga,89.79312701690213,89.79312701690213,0.0,0.0
88300942,50,aco,aco,33.355210273300514,33.355210273300514,0.0,0.0
171266329,50,aco,aco,10.486421399944188,10.486421399944188,0.0,0.0
135313664,50,aco,aco,90.1397048666091,90.1397048666091,0.0,0.0
95162366,50,aco,aco,116.98634096455136,116.98634096455136,0.0,0.0
40131352,50,ga,ga,47.60989657311017,47.60989657311017,0.0,0.0
37757778,50,ga,ga,23.83237460009422,23.83237460009422,0.0,0.0
148896890,50,ga,ga,32.86043743189787,32.86043743189787,0.0,0.0
316323614,50,sa,sa,91.86610893894996,91.86610893894996,0.0,0.0
86974533,50,aco,aco,36.25310617271526,36.25310617271526,0.0,0.0
311925521,50,sa,sa,28.859170131967478,28.859170131967478,0.0,0.0
47182263,50,aco,aco,77.91643915040504,77.91643915040504,0.0,0.0
109314053,50,aco,aco,48.9851698139036,48.9851698139036,0.0,0.0
639408922,50,sa,sa,302.7959775085813,302.7959775085813,0.0,0.0
36381504,50,ga,ga,97.40897970612156,97.40897970612156,0.0,0.0
19806378,50,aco,aco,98.119414691808,98.119414691808,0.0,0.0
349055,50,sa,sa,3842.8779113983214,3842.8779113983214,0.0,0.0
6671937,50,ga,ga,42.06662899084222,42.06662899084222,0.0,0.0
51121598,50,ga,ga,9.096815061565572,9.096815061565572,0.0,0.0
107020263,50,ga,ga,12.002944462225118,12.002944462225118,0.0,0.0
123266280,50,ga,ga,39.56143142950702,39.56143142950702,0.0,0.0
192708279,50,ga,ga,56.55125302314637,56.55125302314637,0.0,0.0
76453018,50,aco,aco,72.67815815553797,72.67815815553797,0.0,0.0
29978838,50,aco,aco,75.53147402162384,75.53147402162384,0.0,0.0
119905379,50,aco,ga,56.318833609565175,67.51690763688697,11.198074027321795,0.1988335572599628
79614459,50,aco,aco,41.976558317747866,41.976558317747866,0.0,0.0
131354383,50,aco,aco,19.39638598036173,19.39638598036173,0.0,0.0
32322493,50,aco,aco,15.040798285053164,15.040798285053164,0.0,0.0
123744984,50,ga,ga,59.22060863913106,59.22060863913106,0.0,0.0
54821581,50,aco,aco,23.819143314552186,23.819143314552186,0.0,0.0
139691811,50,ga,ga,77.1493748070046,77.1493748070046,0.0,0.0
124871933,50,aco,aco,27.851097725920425,27.851097725920425,0.0,0.0
34117633,50,aco,aco,14.24370406194748,14.24370406194748,0.0,0.0
113821849,50,aco,aco,34.77333096361802,34.77333096361802,0.0,0.0
72663278,50,aco,aco,9.907721637806514,9.907721637806514,0.0,0.0
104636716,50,aco,aco,28.42980654444433,28.42980654444433,0.0,0.0
177659022,50,ga,ga,22.505900389352405,22.505900389352405,0.0,0.0
90215758,50,aco,aco,4.906728453830069,4.906728453830069,0.0,0.0
125031501,50,ga,ga,13.14243422798271,13.14243422798271,0.0,0.0
21561626,50,ga,ga,12.166290066378018,12.166290066378018,0.0,0.0
163068523,50,aco,aco,25.78179346266024,25.78179346266024,0.0,0.0
565489046,50,sa,sa,312.9139069386521,312.9139069386521,0.0,0.0
165561773,50,aco,aco,135.23731580026097,135.23731580026097,0.0,0.0
160595219,50,ga,ga,21.518969918379845,21.518969918379845,0.0,0.0
54053660,50,aco,aco,27.15792119563568,27.15792119563568,0.0,0.0
190025542,50,aco,aco,35.000679631644104,35.000679631644104,0.0,0.0
84890176,50,ga,ga,50.53769161781689,50.53769161781689,0.0,0.0
19018511,50,ga,ga,62.81082671169092,62.81082671169092,0.0,0.0
37658048,50,aco,aco,48.41743076071887,48.41743076071887,0.0,0.0
128133104,50,aco,aco,237.3654889339025,237.3654889339025,0.0,0.0
17303155,50,aco,aco,7.400860314314853,7.400860314314853,0.0,0.0
115058501,50,sa,sa,33.724497638999374,33.724497638999374,0.0,0.0
15896962,50,ga,sa,255.76795461253448,815.7441909056599,559.9762362931255,2.1893916974135372
72104790,50,aco,aco,14.322731937282583,14.322731937282583,0.0,0.0
33788524,50,aco,aco,69.14136329824119,69.14136329824119,0.0,0.0
30477488,50,ga,ga,99.82033719484292,99.82033719484292,0.0,0.0
33210090,50,ga,ga,55.09290758239925,55.09290758239925,0.0,0.0
136520397,50,aco,aco,28.120385514886287,28.120385514886287,0.0,0.0
34247282,50,aco,aco,14.578052860936651,14.578052860936651,0.0,0.0
102741846,50,aco,aco,116.15410420511128,116.15410420511128,0.0,0.0
45516772,50,ga,ga,47.82148969918931,47.82148969918931,0.0,0.0
173988958,50,aco,aco,78.8433073899754,78.8433073899754,0.0,0.0
172802171,50,ga,ga,17.101070851273334,17.101070851273334,0.0,0.0
65761962,50,aco,aco,20.835766489803717,20.835766489803717,0.0,0.0
167446670,50,aco,aco,28.525697173106312,28.525697173106312,0.0,0.0
354629907,50,sa,sa,188.96675396856128,188.96675396856128,0.0,0.0
169461216,50,aco,aco,21.536796141976406,21.536796141976406,0.0,0.0
359028,50,sa,sa,4295.214677939216,4295.214677939216,0.0,0.0
60665759,50,ga,ga,24.85063883106354,24.85063883106354,0.0,0.0
99510594,50,aco,aco,92.92221418209807,92.92221418209807,0.0,0.0
71865438,50,ga,ga,46.58765629521721,46.58765629521721,0.0,0.0
75904503,50,aco,aco,10.989301089798811,10.989301089798811,0.0,0.0
91522221,50,aco,aco,102.6298245124478,102.6298245124478,0.0,0.0
462866876,50,sa,sa,119.46280007060156,119.46280007060156,0.0,0.0
146134369,50,aco,aco,53.4343205839688,53.4343205839688,0.0,0.0
5604826,50,ga,ga,11.36460759912108,11.36460759912108,0.0,0.0
47092506,50,ga,ga,83.2857315212378,83.2857315212378,0.0,0.0
27385858,50,aco,aco,6.98622859449174,6.98622859449174,0.0,0.0
624698747,50,sa,sa,160.99296591370677,160.99296591370677,0.0,0.0
62261439,50,aco,aco,40.01120944501596,40.01120944501596,0.0,0.0
48668240,50,ga,ga,13.592676038898816,13.592676038898816,0.0,0.0
98343753,50,ga,ga,199.6593859549528,199.6593859549528,0.0,0.0
196258667,50,aco,aco,18.87206696033341,18.87206696033341,0.0,0.0
117840968,50,aco,aco,58.62628492204026,58.62628492204026,0.0,0.0
407277374,50,sa,sa,243.79659905602327,243.79659905602327,0.0,0.0
166439397,50,aco,aco,53.10064116996095,53.10064116996095,0.0,0.0
674354314,50,sa,sa,145.3556448451272,145.3556448451272,0.0,0.0
148607673,50,aco,aco,7.560523865783514,7.560523865783514,0.0,0.0
139622,50,aco,aco,145.442132604571,145.442132604571,0.0,0.0
146503370,50,aco,aco,9.844271173932052,9.844271173932052,0.0,0.0
107708400,50,aco,aco,5.007913105813493,5.007913105813493,0.0,0.0
39732432,50,aco,aco,64.64276926881371,64.64276926881371,0.0,0.0
96428937,50,ga,ga,34.39198643547751,34.39198643547751,0.0,0.0
77530102,50,ga,ga,7.876996552942395,7.876996552942395,0.0,0.0
65373015,50,ga,ga,19.599696794397573,19.599696794397573,0.0,0.0
9973000,50,sa,sa,202.80282826538897,202.80282826538897,0.0,0.0
165671476,50,aco,aco,10.249605411684234,10.249605411684234,0.0,0.0
92100655,50,aco,aco,76.00351532031921,76.00351532031921,0.0,0.0
99201431,50,aco,aco,8.130618340816577,8.130618340816577,0.0,0.0
36600910,50,ga,ga,32.44557271609853,32.44557271609853,0.0,0.0
39193890,50,sa,ga,16.29392717478451,16.68689316883463,0.3929659940501189,0.024117328488999824
38505753,50,aco,aco,9.909375173159445,9.909375173159445,0.0,0.0
114529932,50,aco,aco,50.63659025025392,50.63659025025392,0.0,0.0
16605045,50,ga,ga,24.603991708136043,24.603991708136043,0.0,0.0
15069203,50,aco,aco,15.498088756612258,15.498088756612258,0.0,0.0
11977573,50,ga,ga,17.226061050398705,17.226061050398705,0.0,0.0
20285082,50,aco,aco,17.36023502262676,17.36023502262676,0.0,0.0
34007930,50,aco,aco,13.179045560240729,13.179045560240729,0.0,0.0
1805113,50,aco,aco,78.23440441048331,78.23440441048331,0.0,0.0
39353458,50,ga,ga,28.42295410367972,28.42295410367972,0.0,0.0
142424413,50,aco,aco,9.477234478581645,9.477234478581645,0.0,0.0
45217582,50,ga,ga,22.104865755914066,22.104865755914066,0.0,0.0
146453505,50,aco,aco,21.972750243612687,21.972750243612687,0.0,0.0
21830897,50,aco,aco,114.52493804885805,114.52493804885805,0.0,0.0
93995525,50,aco,aco,22.551238674962715,22.551238674962715,0.0,0.0
60087325,50,aco,aco,24.00329771985002,24.00329771985002,0.0,0.0
50862300,50,aco,aco,66.48882533440224,66.48882533440224,0.0,0.0
171635330,50,aco,aco,31.7518492998011,31.7518492998011,0.0,0.0
118668727,50,ga,ga,50.56049459128936,50.56049459128936,0.0,0.0
160286056,50,ga,ga,19.287327295622173,19.287327295622173,0.0,0.0
85378853,50,aco,aco,23.10880761673956,23.10880761673956,0.0,0.0
45676340,50,aco,aco,67.35112658337185,67.35112658337185,0.0,0.0
18479969,50,sa,ga,203.42823780221923,813.7577350880366,610.3294972858174,3.0002201458344406
192508819,50,aco,aco,8.969373913986185,8.969373913986185,0.0,0.0
84102309,50,ga,aco,33.344215808868846,445.22418812297417,411.8799723141053,12.352366439655603
114240715,50,ga,ga,17.048333400945175,17.048333400945175,0.0,0.0
127125831,50,aco,aco,29.27195032665592,29.27195032665592,0.0,0.0
73929849,50,aco,aco,130.0707159367895,130.0707159367895,0.0,0.0
25301501,50,aco,aco,17.003736420291506,17.003736420291506,0.0,0.0
185148745,50,sa,sa,297.1259738696006,297.1259738696006,0.0,0.0
163018658,50,aco,aco,59.19827174247516,59.19827174247516,0.0,0.0
192339278,50,ga,ga,18.225254944025945,18.225254944025945,0.0,0.0
124702392,50,aco,aco,24.67421093829134,24.67421093829134,0.0,0.0
162709495,50,ga,ga,58.378691219144095,58.378691219144095,0.0,0.0
258749485,50,sa,sa,84.2148486489639,84.2148486489639,0.0,0.0
66898884,50,ga,ga,58.67701467351901,58.67701467351901,0.0,0.0
102103574,50,aco,aco,45.164613699277616,45.164613699277616,0.0,0.0
82596386,50,ga,ga,77.93372907865707,77.93372907865707,0.0,0.0
82626305,50,ga,ga,35.376082443340124,35.376082443340124,0.0,0.0
398122160,50,sa,sa,105.53991159049804,105.53991159049804,0.0,0.0
163377686,50,aco,aco,25.13687872058803,25.13687872058803,0.0,0.0
186534992,50,ga,ga,57.002355647828864,57.002355647828864,0.0,0.0
115666854,50,aco,aco,17.261109588910713,17.261109588910713,0.0,0.0
82327115,50,aco,aco,12.256286719415016,12.256286719415016,0.0,0.0
47431588,50,aco,aco,34.48480710237743,34.48480710237743,0.0,0.0
133678092,50,ga,ga,141.88835684385447,141.88835684385447,0.0,0.0
139831433,50,aco,aco,15.31314396372121,15.31314396372121,0.0,0.0
39233782,50,aco,aco,11.067608984906538,11.067608984906538,0.0,0.0
141357302,50,aco,aco,20.590954665124304,20.590954665124304,0.0,0.0
382025738,50,sa,sa,191.17726066656053,191.17726066656053,0.0,0.0
168982512,50,aco,aco,24.56337198775592,24.56337198775592,0.0,0.0
137926590,50,aco,aco,21.11583709229716,21.11583709229716,0.0,0.0
92489602,50,aco,aco,27.614794494956627,27.614794494956627,0.0,0.0
46214882,50,aco,aco,70.14346499004972,70.14346499004972,0.0,0.0
24364039,50,ga,ga,15.243498883751856,15.243498883751856,0.0,0.0
33708740,50,aco,aco,59.66112609446317,59.66112609446317,0.0,0.0
748892516,50,sa,sa,132.04288705043433,132.04288705043433,0.0,0.0
399049649,50,sa,sa,164.09092332747286,164.09092332747286,0.0,0.0
172213764,50,ga,ga,22.005993864170726,22.005993864170726,0.0,0.0
109772811,50,ga,ga,9.290829265520124,9.290829265520124,0.0,0.0
107528886,50,aco,aco,40.90160527717266,40.90160527717266,0.0,0.0
89796892,50,ga,ga,49.66408915871055,49.66408915871055,0.0,0.0
6382720,50,aco,aco,22.306996558222927,22.306996558222927,0.0,0.0
187412616,50,ga,ga,122.03550452563108,122.03550452563108,0.0,0.0
179643649,50,aco,aco,7.92610036615244,7.92610036615244,0.0,0.0
70010460,50,ga,ga,33.35946899567276,33.35946899567276,0.0,0.0
158341321,50,aco,ga,79.7187726466191,89.53647123758401,9.817698590964909,0.1231541613728204
4657391,50,aco,aco,4.064756397933458,4.064756397933458,0.0,0.0
43153171,50,aco,aco,36.99416391573853,36.99416391573853,0.0,0.0
10002919,50,aco,aco,58.66012445432482,58.66012445432482,0.0,0.0
113991390,50,aco,aco,39.11312231785056,39.11312231785056,0.0,0.0
72673251,50,aco,aco,61.91223675568918,61.91223675568918,0.0,0.0
157393886,50,aco,aco,43.01290242159354,43.01290242159354,0.0,0.0
363725283,50,sa,sa,34.64939626914048,34.64939626914048,0.0,0.0
15129041,50,aco,aco,32.084241478651194,32.084241478651194,0.0,0.0
23725767,50,ga,ga,23.499801639552963,23.499801639552963,0.0,0.0
85598259,50,aco,aco,13.674664580589344,13.674664580589344,0.0,0.0
33379631,50,ga,ga,36.91229483330356,36.91229483330356,0.0,0.0
82247331,50,ga,ga,53.17647046270259,53.17647046270259,0.0,0.0
55709178,50,ga,ga,30.34884110994521,30.34884110994521,0.0,0.0
52368223,50,aco,aco,63.38037559208771,63.38037559208771,0.0,0.0
35523826,50,aco,aco,65.1882009030457,65.1882009030457,0.0,0.0
16664883,50,ga,ga,18.46415492406011,18.46415492406011,0.0,0.0
55469826,50,ga,ga,21.7565355082268,21.7565355082268,0.0,0.0
64824500,50,aco,aco,7.174020189637856,7.174020189637856,0.0,0.0
108486294,50,ga,ga,18.9409362033462,18.9409362033462,0.0,0.0
18908808,50,aco,aco,17.216385114463503,17.216385114463503,0.0,0.0
79115809,50,aco,aco,57.24086170522842,57.24086170522842,0.0,0.0
6622072,50,aco,aco,32.92211259482933,32.92211259482933,0.0,0.0
195022015,50,ga,ga,11.02689394501698,11.02689394501698,0.0,0.0
141237626,50,aco,aco,13.80243797226437,13.80243797226437,0.0,0.0
150243245,50,aco,aco,41.85257579092799,41.85257579092799,0.0,0.0
72015033,50,aco,aco,7.754752930605012,7.754752930605012,0.0,0.0
38475834,50,aco,aco,35.91251422593445,35.91251422593445,0.0,0.0
145815233,50,aco,aco,11.2058306723372,11.2058306723372,0.0,0.0
182376251,50,aco,aco,67.13910213075427,67.13910213075427,0.0,0.0
179573838,50,ga,ga,60.26479289345287,60.26479289345287,0.0,0.0
193845201,50,ga,ga,11.492207037077875,11.492207037077875,0.0,0.0
126627181,50,aco,aco,17.086931012532116,17.086931012532116,0.0,0.0
163567173,50,aco,ga,12.593038562624615,15.490184982340113,2.8971464197154972,0.2300593621871416
358160349,50,sa,sa,31.36733566305054,31.36733566305054,0.0,0.0
82975360,50,aco,aco,120.25916788275828,120.25916788275828,0.0,0.0
97974752,50,aco,aco,24.24715304752788,24.24715304752788,0.0,0.0
89637324,50,aco,aco,4.416173072721386,4.416173072721386,0.0,0.0
63807254,50,aco,aco,157.67770856297565,157.67770856297565,0.0,0.0
325708207,50,sa,sa,63.59163466970757,63.59163466970757,0.0,0.0
56626694,50,ga,ga,17.838537208234335,17.838537208234335,0.0,0.0
116923452,50,aco,aco,16.68101826739716,16.68101826739716,0.0,0.0
581326170,50,sa,sa,87.54994185163876,87.54994185163876,0.0,0.0
135094258,50,ga,ga,26.74906689908409,26.74906689908409,0.0,0.0
198951377,50,aco,aco,46.788789760378585,46.788789760378585,0.0,0.0
177349859,50,ga,ga,30.835166841045044,30.835166841045044,0.0,0.0
12944954,50,ga,ga,84.73482039261705,84.73482039261705,0.0,0.0
146912263,50,aco,aco,127.90082455610988,127.90082455610988,0.0,0.0
95601178,50,ga,ga,38.09390356477314,38.09390356477314,0.0,0.0
478943352,50,sa,sa,153.0357091469437,153.0357091469437,0.0,0.0
715323398,50,sa,sa,170.67400998058366,170.67400998058366,0.0,0.0
1107003,50,aco,aco,14.992116420400986,14.992116420400986,0.0,0.0
23675902,50,sa,sa,61.35034495239796,61.35034495239796,0.0,0.0
87243804,50,aco,aco,8.833574612958124,8.833574612958124,0.0,0.0
166050450,50,aco,aco,15.846571692543206,15.846571692543206,0.0,0.0
58521564,50,aco,aco,241.2546924717308,241.2546924717308,0.0,0.0
7539588,50,ga,ga,87.20518632186831,87.20518632186831,0.0,0.0
155020312,50,ga,ga,16.302695780918697,16.302695780918697,0.0,0.0
78347888,50,ga,ga,15.38464059025135,15.38464059025135,0.0,0.0
63747416,50,ga,ga,22.99762423213781,22.99762423213781,0.0,0.0
131863006,50,ga,ga,26.996380848687945,26.996380848687945,0.0,0.0
40201163,50,aco,aco,10.881405083800828,10.881405083800828,0.0,0.0
104337526,50,aco,aco,274.4980846852112,274.4980846852112,0.0,0.0
29290701,50,ga,ga,17.9743546450814,17.9743546450814,0.0,0.0
50293839,50,ga,ga,53.80566885558444,53.80566885558444,0.0,0.0
112605143,50,aco,aco,24.382941445353797,24.382941445353797,0.0,0.0
150721949,50,aco,aco,28.85084448616992,28.85084448616992,0.0,0.0
113373064,50,ga,ga,71.08222106673419,71.08222106673419,0.0,0.0
64944176,50,aco,aco,14.358548116638405,14.358548116638405,0.0,0.0
77749508,50,ga,ga,35.70537862870977,35.70537862870977,0.0,0.0
156576100,50,aco,aco,27.818700396155656,27.818700396155656,0.0,0.0
133588335,50,aco,aco,33.5994850170012,33.5994850170012,0.0,0.0
53684659,50,aco,aco,46.20675559332521,46.20675559332521,0.0,0.0
43402496,50,aco,aco,20.83740706889673,20.83740706889673,0.0,0.0
67138236,50,ga,ga,71.65094181728995,71.65094181728995,0.0,0.0
75814746,50,ga,ga,49.92016417266454,49.92016417266454,0.0,0.0
86565640,50,aco,aco,130.3992207646982,130.3992207646982,0.0,0.0
136390748,50,ga,ga,22.5055074370368,22.5055074370368,0.0,0.0
30288001,50,aco,aco,87.37224445071833,87.37224445071833,0.0,0.0
39443215,50,aco,aco,63.98150312701885,63.98150312701885,0.0,0.0
16036584,50,aco,aco,29.245280395532777,29.245280395532777,0.0,0.0
115706746,50,aco,aco,15.742138426921132,15.742138426921132,0.0,0.0
45277420,50,ga,ga,39.72557897188142,39.72557897188142,0.0,0.0
53894092,50,ga,ga,17.40804763469217,17.40804763469217,0.0,0.0
105604097,50,ga,ga,62.408902104198376,62.408902104198376,0.0,0.0
139103404,50,ga,ga,81.00761887086168,81.00761887086168,0.0,0.0
47441561,50,ga,ga,10.783443731427331,10.783443731427331,0.0,0.0
145206880,50,ga,ga,47.81138211393038,47.81138211393038,0.0,0.0
71775681,50,aco,aco,32.981093032320274,32.981093032320274,0.0,0.0
119895406,50,ga,ga,36.492506780171205,36.492506780171205,0.0,0.0
137318237,50,ga,ga,6.826676972561637,6.826676972561637,0.0,0.0
147011993,50,ga,ga,15.640921678649637,15.640921678649637,0.0,0.0
136221207,50,aco,aco,24.177655307715774,24.177655307715774,0.0,0.0
56497045,50,aco,aco,41.1302731680073,41.1302731680073,0.0,0.0
175594611,50,ga,ga,9.630799083090038,9.630799083090038,0.0,0.0
47311912,50,ga,ga,78.83524114663267,78.83524114663267,0.0,0.0
172871982,50,ga,ga,55.932032778213255,55.932032778213255,0.0,0.0
47511372,50,aco,aco,19.795419159128087,19.795419159128087,0.0,0.0
20404758,50,ga,ga,37.64057406365578,37.64057406365578,0.0,0.0
40270974,50,aco,aco,4.581255497702295,4.581255497702295,0.0,0.0
148657538,50,aco,aco,13.054956148480734,13.054956148480734,0.0,0.0
66829073,50,ga,ga,27.29232361177373,27.29232361177373,0.0,0.0
142653792,50,aco,aco,43.91967676589144,43.91967676589144,0.0,0.0
93347280,50,aco,ga,26.85402342323017,35.19806342632286,8.34404000309269,0.31071843021759815
426196155,50,sa,sa,237.3688146867433,237.3688146867433,0.0,0.0
149146215,50,aco,aco,37.93729756457708,37.93729756457708,0.0,0.0
132042520,50,aco,ga,194.10922734188372,220.50734734038843,26.39811999850471,0.13599621388430866
109982244,50,aco,aco,20.50113923471522,20.50113923471522,0.0,0.0
198392889,50,ga,ga,37.26044891243132,37.26044891243132,0.0,0.0
128881079,50,ga,ga,122.89129843427968,122.89129843427968,0.0,0.0
120184623,50,aco,aco,45.538108221269766,45.538108221269766,0.0,0.0
82456764,50,ga,ga,11.125537578276884,11.125537578276884,0.0,0.0
101694681,50,aco,aco,4.827570614716429,4.827570614716429,0.0,0.0
452076090,50,sa,sa,245.74139739696037,245.74139739696037,0.0,0.0
148677484,50,aco,aco,38.11890685121995,38.11890685121995,0.0,0.0
169999758,50,aco,aco,23.98850406421807,23.98850406421807,0.0,0.0
43213009,50,aco,aco,61.89809238237912,61.89809238237912,0.0,0.0
164345067,50,ga,ga,17.43259390238503,17.43259390238503,0.0,0.0
179214810,50,aco,aco,40.53266571688202,40.53266571688202,0.0,0.0
83464037,50,sa,ga,69.72549675778049,69.85133643742071,0.12583967964022236,0.001804787136581859
214369635,50,sa,sa,34.63538619288106,34.63538619288106,0.0,0.0
158191726,50,sa,sa,395.5324712991984,395.5324712991984,0.0,0.0
110500840,50,ga,ga,89.71894387872322,89.71894387872322,0.0,0.0
118369537,50,aco,aco,12.65258792487148,12.65258792487148,0.0,0.0
191571357,50,ga,ga,16.236115116108596,16.236115116108596,0.0,0.0
24523607,50,aco,aco,17.191132752273006,17.191132752273006,0.0,0.0
36291747,50,aco,aco,42.32710719575327,42.32710719575327,0.0,0.0
51799762,50,aco,aco,45.42633600452248,45.42633600452248,0.0,0.0
128412348,50,ga,ga,36.22652180371572,36.22652180371572,0.0,0.0
190085380,50,aco,aco,106.5974790277102,106.5974790277102,0.0,0.0
20215271,50,ga,ga,27.154782712239864,27.154782712239864,0.0,0.0
154062904,50,aco,aco,64.16768479557552,64.16768479557552,0.0,0.0
17951400,50,aco,aco,57.98863800418626,57.98863800418626,0.0,0.0
121949844,50,ga,aco,77.33066408584351,89.84758559540289,12.516921509559381,0.16186233051955368
325129773,50,sa,sa,92.81499940173494,92.81499940173494,0.0,0.0
39921919,50,aco,aco,50.820940277985045,50.820940277985045,0.0,0.0
717048727,50,sa,sa,1943.750777309676,1943.750777309676,0.0,0.0
153424632,50,sa,sa,475.6534727352902,475.6534727352902,0.0,0.0
57245020,50,aco,aco,60.816142340914126,60.816142340914126,0.0,0.0
111288707,50,ga,ga,4.95514089574463,4.95514089574463,0.0,0.0
114200823,50,ga,ga,64.25054977883298,64.25054977883298,0.0,0.0
715861940,50,sa,sa,255.2697569632909,255.2697569632909,0.0,0.0
187392670,50,aco,aco,18.78084052411557,18.78084052411557,0.0,0.0
163317848,50,ga,ga,22.404702820644403,22.404702820644403,0.0,0.0
82895576,50,aco,aco,33.4918546022442,33.4918546022442,0.0,0.0
169979812,50,aco,aco,24.458448141727665,24.458448141727665,0.0,0.0
150741895,50,aco,aco,43.04890642146008,43.04890642146008,0.0,0.0
98413564,50,ga,aco,26.929171898541828,41.16279306026916,14.233621161727331,0.5285577000048063
177708887,50,aco,aco,47.891488602882085,47.891488602882085,0.0,0.0
65871665,50,aco,aco,76.61026773572118,76.61026773572118,0.0,0.0
481456548,50,sa,sa,126.95565400991576,126.95565400991576,0.0,0.0
59897838,50,ga,ga,104.3648765534229,104.3648765534229,0.0,0.0
115796503,50,ga,ga,6.8986650855930645,6.8986650855930645,0.0,0.0
104975798,50,ga,ga,29.379834200377516,29.379834200377516,0.0,0.0
166399505,50,aco,aco,117.1751807709488,117.1751807709488,0.0,0.0
6542288,50,aco,ga,48.193087246314256,54.409915989107176,6.21682874279292,0.1289983501372051
179065215,50,ga,ga,48.22337486777318,48.22337486777318,0.0,0.0
160096569,50,sa,sa,195.98156231719008,195.98156231719008,0.0,0.0
117402156,50,ga,ga,15.000813742366894,15.000813742366894,0.0,0.0
170039650,50,ga,ga,72.02216581035142,72.02216581035142,0.0,0.0
135064339,50,ga,ga,25.767791755255374,25.767791755255374,0.0,0.0
124921798,50,aco,aco,22.047984663908657,22.047984663908657,0.0,0.0
728427920,50,sa,sa,511.4407016512398,511.4407016512398,0.0,0.0
113452848,50,ga,ga,49.28840017255307,49.28840017255307,0.0,0.0
21591545,50,aco,aco,25.172686878508845,25.172686878508845,0.0,0.0
72324196,50,aco,aco,10.510317906591684,10.510317906591684,0.0,0.0
81170247,50,ga,aco,14.62124563457919,15.72141373228493,1.1001680977057404,0.07524448499133665
189606676,50,ga,ga,152.64279523703829,152.64279523703829,0.0,0.0
165880909,50,ga,ga,28.64032958547959,28.64032958547959,0.0,0.0
394641583,50,sa,sa,118.28639181970568,118.28639181970568,0.0,0.0
23975092,50,aco,aco,47.31306409475558,47.31306409475558,0.0,0.0
110590597,50,aco,aco,5.455880143814845,5.455880143814845,0.0,0.0
28742186,50,aco,aco,15.09673288432312,15.09673288432312,0.0,0.0
93496875,50,ga,ga,16.486031242606686,16.486031242606686,0.0,0.0
197983996,50,aco,aco,58.321688891431016,58.321688891431016,0.0,0.0
34327066,50,aco,aco,16.483956418859297,16.483956418859297,0.0,0.0
19507188,50,ga,ga,39.82520059125392,39.82520059125392,0.0,0.0
457561240,50,sa,sa,151.5733478513035,151.5733478513035,0.0,0.0
146553235,50,ga,ga,19.149451536764005,19.149451536764005,0.0,0.0
164753960,50,aco,aco,22.28064789796645,22.28064789796645,0.0,0.0
162789279,50,ga,ga,40.97718968552583,40.97718968552583,0.0,0.0
98642943,50,aco,aco,10.849119371512604,10.849119371512604,0.0,0.0
192897766,50,aco,aco,40.34606969514632,40.34606969514632,0.0,0.0
172423197,50,aco,aco,23.68224892954928,23.68224892954928,0.0,0.0
507865052,50,sa,sa,218.05787788366555,218.05787788366555,0.0,0.0
26079395,50,aco,aco,31.455884645266764,31.455884645266764,0.0,0.0
192309359,50,aco,aco,10.860459295341734,10.860459295341734,0.0,0.0
126946317,50,aco,aco,38.68565878339557,38.68565878339557,0.0,0.0
71506410,50,ga,ga,16.195818140143988,16.195818140143988,0.0,0.0
36351585,50,aco,aco,15.19592249652975,15.19592249652975,0.0,0.0
42355331,50,aco,aco,3.7941147647634494,3.7941147647634494,0.0,0.0
155000366,50,ga,ga,23.24738594208029,23.24738594208029,0.0,0.0
117771157,50,ga,ga,31.367434548241636,31.367434548241636,0.0,0.0
150612246,50,ga,ga,17.024825196844855,17.024825196844855,0.0,0.0
7260344,50,sa,sa,166.69036367919944,166.69036367919944,0.0,0.0
49865,50,aco,aco,29.8876755171394,29.8876755171394,0.0,0.0
63448226,50,aco,aco,13.255673447692748,13.255673447692748,0.0,0.0
38186617,50,ga,ga,11.462059543493252,11.462059543493252,0.0,0.0
102223250,50,aco,aco,25.20594653241661,25.20594653241661,0.0,0.0
31783951,50,aco,aco,98.88498557957844,98.88498557957844,0.0,0.0
70100217,50,aco,aco,148.63288417425,148.63288417425,0.0,0.0
172473062,50,aco,aco,40.956142805416775,40.956142805416775,0.0,0.0
179922893,50,ga,ga,78.57684573919028,78.57684573919028,0.0,0.0
36211963,50,aco,aco,14.00144317477156,14.00144317477156,0.0,0.0
190633895,50,aco,aco,10.17017023653625,10.17017023653625,0.0,0.0
19936027,50,aco,aco,10.822220632883909,10.822220632883909,0.0,0.0
91063463,50,aco,aco,33.31481994366082,33.31481994366082,0.0,0.0
154431905,50,ga,ga,105.10109430808384,105.10109430808384,0.0,0.0
113113766,50,aco,aco,10.855357351194414,10.855357351194414,0.0,0.0
129279999,50,ga,ga,21.076573721399207,21.076573721399207,0.0,0.0
165920801,50,ga,ga,21.239733830192492,21.239733830192492,0.0,0.0
186455208,50,aco,aco,136.01531851718033,136.01531851718033,0.0,0.0
45646421,50,aco,aco,27.526619468710685,27.526619468710685,0.0,0.0
74558148,50,aco,aco,84.54239687684635,84.54239687684635,0.0,0.0
35593637,50,ga,ga,45.41076899339916,45.41076899339916,0.0,0.0
182665468,50,ga,ga,24.16489161562234,24.16489161562234,0.0,0.0
199400162,50,aco,aco,14.9407012398196,14.9407012398196,0.0,0.0
78138455,50,ga,ga,14.66136274311672,14.66136274311672,0.0,0.0
184181364,50,aco,aco,19.026428622607945,19.026428622607945,0.0,0.0
135493178,50,aco,aco,31.4052185453486,31.4052185453486,0.0,0.0
100158839,50,ga,ga,20.953167393835493,20.953167393835493,0.0,0.0
57614021,50,aco,aco,13.718075022273892,13.718075022273892,0.0,0.0
134635500,50,aco,aco,27.21777357725015,27.21777357725015,0.0,0.0
71396707,50,aco,aco,20.30043933776738,20.30043933776738,0.0,0.0
113652308,50,aco,aco,9.350140428545185,9.350140428545185,0.0,0.0
24134660,50,aco,aco,35.678665398452694,35.678665398452694,0.0,0.0
52707305,50,ga,ga,86.21692940366013,86.21692940366013,0.0,0.0
34915473,50,aco,aco,4.665843001987112,4.665843001987112,0.0,0.0
68494564,50,aco,aco,27.17043820994945,27.17043820994945,0.0,0.0
86266450,50,sa,ga,23.002311538874007,23.52361231276637,0.5213007738923636,0.02266297337167019
52039114,50,aco,aco,8.490490208695704,8.490490208695704,0.0,0.0
167576319,50,aco,aco,19.487816478612597,19.487816478612597,0.0,0.0
45227555,50,ga,ga,71.319326257537,71.319326257537,0.0,0.0
84461337,50,aco,aco,142.89596628477528,142.89596628477528,0.0,0.0
45167717,50,ga,aco,71.71262815401036,71.73624209710502,0.023613943094659362,0.000329285701870331
52328331,50,aco,aco,44.590233575002216,44.590233575002216,0.0,0.0
33080441,50,ga,ga,42.19656404356319,42.19656404356319,0.0,0.0
8367347,50,aco,aco,67.28771720895568,67.28771720895568,0.0,0.0
108157185,50,aco,aco,82.00572546604839,82.00572546604839,0.0,0.0
122917225,50,aco,aco,48.18017569286181,48.18017569286181,0.0,0.0
133139550,50,ga,ga,19.81634661574389,19.81634661574389,0.0,0.0
74448445,50,aco,aco,184.6392397621416,184.6392397621416,0.0,0.0
65592421,50,aco,aco,17.834571838557345,17.834571838557345,0.0,0.0
181099707,50,aco,aco,72.33973624344421,72.33973624344421,0.0,0.0
153434605,50,ga,ga,104.90034275191036,104.90034275191036,0.0,0.0
179374378,50,aco,aco,19.423860703424378,19.423860703424378,0.0,0.0
95730827,50,ga,ga,16.65932479714805,16.65932479714805,0.0,0.0
91721681,50,aco,aco,16.118797804763762,16.118797804763762,0.0,0.0
21441950,50,ga,ga,8.531411645651866,8.531411645651866,0.0,0.0
399927273,50,sa,sa,177.76791757267426,177.76791757267426,0.0,0.0
8576780,50,ga,ga,36.26443824469304,36.26443824469304,0.0,0.0
34017903,50,aco,aco,26.030151806172643,26.030151806172643,0.0,0.0
106531586,50,aco,aco,72.68997371597696,72.68997371597696,0.0,0.0
601461657,50,sa,sa,387.1384863328266,387.1384863328266,0.0,0.0
172891928,50,aco,aco,103.30089121946848,103.30089121946848,0.0,0.0
192219602,50,ga,ga,69.10981232435454,69.10981232435454,0.0,0.0
169441270,50,aco,aco,12.690992849675505,12.690992849675505,0.0,0.0
130546570,50,ga,ga,26.588772066741903,26.588772066741903,0.0,0.0
144249472,50,ga,ga,15.23751314441494,15.23751314441494,0.0,0.0
179005377,50,aco,aco,20.589368080457632,20.589368080457632,0.0,0.0
41876627,50,aco,aco,30.919913368546936,30.919913368546936,0.0,0.0
72583494,50,aco,aco,57.07473730020773,57.07473730020773,0.0,0.0
13244144,50,ga,ga,20.27255463557536,20.27255463557536,0.0,0.0
37099560,50,aco,aco,36.57699148957034,36.57699148957034,0.0,0.0
60865219,50,ga,ga,41.862458666592765,41.862458666592765,0.0,0.0
136161369,50,ga,ga,39.62260817147616,39.62260817147616,0.0,0.0
49745324,50,aco,aco,21.208888627863065,21.208888627863065,0.0,0.0
149644865,50,aco,aco,26.277259166241357,26.277259166241357,0.0,0.0
400435896,50,sa,sa,65.18946520923497,65.18946520923497,0.0,0.0
87074263,50,ga,ga,25.516061658157195,25.516061658157195,0.0,0.0
56706478,50,ga,sa,114.29388783264486,158.76883411539615,44.47494628275129,0.38912795011290413
181368978,50,aco,aco,24.24282333956087,24.24282333956087,0.0,0.0
174188418,50,sa,sa,212.13226790426995,212.13226790426995,0.0,0.0
367664618,50,sa,sa,222.7238771265393,222.7238771265393,0.0,0.0
86795019,50,aco,aco,37.22763159229908,37.22763159229908,0.0,0.0
34885554,50,aco,aco,12.61639248642115,12.61639248642115,0.0,0.0
82666197,50,aco,ga,22.42674129339045,24.16608142783361,1.739340134443161,0.07755652556422786
84720635,50,aco,aco,38.09145898206086,38.09145898206086,0.0,0.0
107169858,50,ga,ga,26.277885076580784,26.277885076580784,0.0,0.0
83244631,50,ga,ga,6.024489647478573,6.024489647478573,0.0,0.0
111019436,50,ga,ga,103.24674637858833,103.24674637858833,0.0,0.0
672628985,50,sa,sa,35.830117768972514,35.830117768972514,0.0,0.0
3420739,50,sa,sa,82.12584740393572,82.12584740393572,0.0,0.0
66340396,50,ga,ga,87.13661139630157,87.13661139630157,0.0,0.0
169291675,50,aco,aco,9.13073770603784,9.13073770603784,0.0,0.0
112814576,50,aco,aco,31.179626939312637,31.179626939312637,0.0,0.0
139711757,50,ga,ga,22.668633651169408,22.668633651169408,0.0,0.0
59429107,50,aco,aco,83.76021630058153,83.76021630058153,0.0,0.0
60984895,50,aco,aco,15.27365699738636,15.27365699738636,0.0,0.0
53485199,50,aco,aco,22.628070311136074,22.628070311136074,0.0,0.0
90225731,50,aco,aco,268.12573602817724,268.12573602817724,0.0,0.0
143112550,50,aco,aco,75.78621215657525,75.78621215657525,0.0,0.0
83603659,50,aco,aco,30.139980189274407,30.139980189274407,0.0,0.0
125131231,50,aco,aco,16.96066977448454,16.96066977448454,0.0,0.0
114111066,50,aco,aco,11.903365500839758,11.903365500839758,0.0,0.0
38266401,50,ga,ga,5.06003624420666,5.06003624420666,0.0,0.0
150103623,50,aco,aco,71.71283151655817,71.71283151655817,0.0,0.0
107429156,50,aco,aco,49.98985128592463,49.98985128592463,0.0,0.0
29370485,50,ga,ga,100.50013868534914,100.50013868534914,0.0,0.0
64505364,50,aco,aco,8.830972761111665,8.830972761111665,0.0,0.0
94534067,50,aco,aco,6.444019422540567,6.444019422540567,0.0,0.0
63707524,50,aco,aco,5.551844000620999,5.551844000620999,0.0,0.0
124881906,50,sa,sa,81.58059566582415,81.58059566582415,0.0,0.0
134585635,50,aco,aco,13.789377485192952,13.789377485192952,0.0,0.0
111557978,50,aco,aco,58.217153533306,58.217153533306,0.0,0.0
113901633,50,ga,ga,25.7145202066122,25.7145202066122,0.0,0.0
474066555,50,sa,sa,36.55329595363453,36.55329595363453,0.0,0.0
23606091,50,aco,aco,87.28101998591339,87.28101998591339,0.0,0.0
539788625,50,sa,sa,52.1756149748661,52.1756149748661,0.0,0.0
83823065,50,aco,aco,13.6860776472515,13.6860776472515,0.0,0.0
93107928,50,aco,aco,7.331989480790026,7.331989480790026,0.0,0.0
115257961,50,sa,sa,74.48931425210255,74.48931425210255,0.0,0.0
144000147,50,aco,aco,74.32767636563938,74.32767636563938,0.0,0.0
143411740,50,aco,aco,14.964222523528928,14.964222523528928,0.0,0.0
39084187,50,aco,aco,24.52575332561092,24.52575332561092,0.0,0.0
187951158,50,aco,aco,14.105409363776689,14.105409363776689,0.0,0.0
66290531,50,aco,aco,53.84663572385245,53.84663572385245,0.0,0.0
123395929,50,sa,sa,207.96912552413343,207.96912552413343,0.0,0.0
124303472,50,ga,ga,32.35000166331598,32.35000166331598,0.0,0.0
128053320,50,aco,aco,59.98662602936097,59.98662602936097,0.0,0.0
172124007,50,aco,aco,61.62354443142963,61.62354443142963,0.0,0.0
23067549,50,aco,aco,22.84022753352579,22.84022753352579,0.0,0.0
141786141,50,ga,ga,27.87521286036702,27.87521286036702,0.0,0.0
157932428,50,aco,aco,50.55362053602639,50.55362053602639,0.0,0.0
434703124,50,sa,sa,260.00895278465873,260.00895278465873,0.0,0.0
57673859,50,aco,aco,31.837434629437077,31.837434629437077,0.0,0.0
20364866,50,aco,aco,68.02728036220836,68.02728036220836,0.0,0.0
17462723,50,aco,aco,19.612080137062712,19.612080137062712,0.0,0.0
99211404,50,ga,ga,96.4999819883262,96.4999819883262,0.0,0.0
639369030,50,sa,sa,176.39834607064162,176.39834607064162,0.0,0.0
176113207,50,ga,ga,12.340580226559432,12.340580226559432,0.0,0.0
46613802,50,aco,aco,21.48347434075124,21.48347434075124,0.0,0.0
195949504,50,aco,aco,5.8133393709948935,5.8133393709948935,0.0,0.0
62949576,50,aco,aco,20.71706297755465,20.71706297755465,0.0,0.0
191531465,50,ga,ga,31.80437667272557,31.80437667272557,0.0,0.0
56387342,50,aco,aco,43.56628643950457,43.56628643950457,0.0,0.0
110131839,50,aco,aco,63.99165194709199,63.99165194709199,0.0,0.0
50164190,50,ga,ga,12.729756265787248,12.729756265787248,0.0,0.0
166449370,50,ga,ga,39.09495058426123,39.09495058426123,0.0,0.0
97775292,50,aco,aco,24.92062888617808,24.92062888617808,0.0,0.0
143960255,50,aco,aco,151.28605864609364,151.28605864609364,0.0,0.0
102253169,50,ga,ga,48.15681560855468,48.15681560855468,0.0,0.0
87263750,50,aco,aco,19.476684249653797,19.476684249653797,0.0,0.0
130466786,50,ga,ga,23.144748374806348,23.144748374806348,0.0,0.0
25401231,50,aco,aco,7.836035932949578,7.836035932949578,0.0,0.0
176761452,50,aco,aco,69.12168545442444,69.12168545442444,0.0,0.0
131494005,50,ga,ga,52.126911136028745,52.126911136028745,0.0,0.0
108955025,50,ga,ga,76.31533511183999,76.31533511183999,0.0,0.0
111368491,50,aco,aco,13.57344343723444,13.57344343723444,0.0,0.0
73271631,50,ga,ga,10.685087334101812,10.685087334101812,0.0,0.0
164325121,50,aco,aco,93.01163814532586,93.01163814532586,0.0,0.0
74398580,50,sa,sa,143.4427067835967,143.4427067835967,0.0,0.0
198881566,50,sa,sa,239.37164892893003,239.37164892893003,0.0,0.0
38854808,50,aco,aco,68.49190457449015,68.49190457449015,0.0,0.0
124153877,50,aco,aco,115.06331481971108,115.06331481971108,0.0,0.0
111976844,50,ga,ga,27.68333926213363,27.68333926213363,0.0,0.0
38445915,50,aco,aco,16.250642451606875,16.250642451606875,0.0,0.0
25560799,50,ga,ga,43.76282287347276,43.76282287347276,0.0,0.0
189477027,50,aco,aco,11.966642441457672,11.966642441457672,0.0,0.0
154172607,50,ga,ga,61.631509624761904,61.631509624761904,0.0,0.0
42086060,50,ga,ga,18.597376266933423,18.597376266933423,0.0,0.0
312294522,50,sa,sa,146.90351804737992,146.90351804737992,0.0,0.0
100388218,50,ga,ga,71.0610492224295,71.0610492224295,0.0,0.0
82187493,50,aco,aco,83.7565005817742,83.7565005817742,0.0,0.0
67906157,50,aco,aco,13.584787711184823,13.584787711184823,0.0,0.0
152148088,50,ga,ga,28.15034631722974,28.15034631722974,0.0,0.0
97894968,50,aco,aco,83.88634516652455,83.88634516652455,0.0,0.0
111887087,50,aco,aco,14.80356259153654,14.80356259153654,0.0,0.0
396207344,50,sa,sa,145.31794212905135,145.31794212905135,0.0,0.0
165761233,50,aco,aco,50.17001948975192,50.17001948975192,0.0,0.0
145994747,50,aco,aco,8.79620608284313,8.79620608284313,0.0,0.0
5126122,50,aco,aco,16.537146443355688,16.537146443355688,0.0,0.0
3231252,50,aco,aco,105.694174217657,105.694174217657,0.0,0.0
93247550,50,aco,aco,23.729232778352117,23.729232778352117,0.0,0.0
21112841,50,aco,aco,35.39717895664979,35.39717895664979,0.0,0.0
22369439,50,ga,ga,36.0490414217132,36.0490414217132,0.0,0.0
139113377,50,ga,ga,104.2606694130792,104.2606694130792,0.0,0.0
105783611,50,aco,aco,41.31437984811917,41.31437984811917,0.0,0.0
24633310,50,aco,aco,44.80781014905428,44.80781014905428,0.0,0.0
78537375,50,aco,aco,21.46375830135188,21.46375830135188,0.0,0.0
62730170,50,ga,ga,100.00551097580156,100.00551097580156,0.0,0.0
248377565,50,sa,sa,41.392981575815504,41.392981575815504,0.0,0.0
191960304,50,ga,ga,7.754533449763008,7.754533449763008,0.0,0.0
45377150,50,aco,aco,21.013142051259685,21.013142051259685,0.0,0.0
13284036,50,ga,ga,27.14873559733457,27.14873559733457,0.0,0.0
13024738,50,aco,aco,34.121144087272135,34.121144087272135,0.0,0.0
84291796,50,aco,aco,35.65633986784366,35.65633986784366,0.0,0.0
116783830,50,ga,ga,24.053033037857837,24.053033037857837,0.0,0.0
99101701,50,aco,aco,54.22184206917363,54.22184206917363,0.0,0.0
168334267,50,ga,ga,69.07494401144474,69.07494401144474,0.0,0.0
113462821,50,ga,ga,15.326706772857568,15.326706772857568,0.0,0.0
182924766,50,sa,sa,87.78758692022147,87.78758692022147,0.0,0.0
51949357,50,aco,aco,28.068645211638803,28.068645211638803,0.0,0.0
581256359,50,sa,sa,98.75489373678244,98.75489373678244,0.0,0.0
129449540,50,ga,ga,51.4414662851037,51.4414662851037,0.0,0.0
160106542,50,aco,aco,11.661421149343504,11.661421149343504,0.0,0.0
233398119,50,sa,sa,163.97147600672952,163.97147600672952,0.0,0.0
370746275,50,sa,sa,136.21706948282232,136.21706948282232,0.0,0.0
82815792,50,ga,aco,82.33906033188727,88.47157272502406,6.132512393136793,0.07447877554611669
72703170,50,aco,aco,40.06088248038316,40.06088248038316,0.0,0.0
182755225,50,aco,aco,63.839946113457216,63.839946113457216,0.0,0.0
38615456,50,ga,ga,34.20288740932291,34.20288740932291,0.0,0.0
19896135,50,ga,ga,78.4680826762352,78.4680826762352,0.0,0.0
45945611,50,ga,ga,17.271280868785293,17.271280868785293,0.0,0.0
8826105,50,aco,aco,32.7771674925054,32.7771674925054,0.0,0.0
177519400,50,aco,aco,45.06134665317598,45.06134665317598,0.0,0.0
42594683,50,aco,aco,61.90475571163672,61.90475571163672,0.0,0.0
44130525,50,ga,ga,29.489220478075644,29.489220478075644,0.0,0.0
146982074,50,aco,aco,67.2531984231415,67.2531984231415,0.0,0.0
62680305,50,aco,aco,25.759771465443585,25.759771465443585,0.0,0.0
187532292,50,ga,ga,134.89907649890358,134.89907649890358,0.0,0.0
164604365,50,aco,aco,135.47332320480342,135.47332320480342,0.0,0.0
110052055,50,ga,ga,36.29015344944298,36.29015344944298,0.0,0.0
31285301,50,ga,ga,72.81969625747082,72.81969625747082,0.0,0.0
1186787,50,aco,aco,32.22353485981085,32.22353485981085,0.0,0.0
67995914,50,ga,ga,8.233462308933838,8.233462308933838,0.0,0.0
10810732,50,ga,ga,184.8318534556082,184.8318534556082,0.0,0.0
47361777,50,aco,aco,25.05526278680881,25.05526278680881,0.0,0.0
418756297,50,sa,sa,123.47410744020902,123.47410744020902,0.0,0.0
79973487,50,aco,aco,33.220942665123026,33.220942665123026,0.0,0.0
171964439,50,ga,ga,18.56278825932075,18.56278825932075,0.0,0.0
57903238,50,sa,sa,103.16983898099276,103.16983898099276,0.0,0.0
74408553,50,aco,aco,47.86128904839533,47.86128904839533,0.0,0.0
192070007,50,ga,ga,9.308084841472285,9.308084841472285,0.0,0.0
117791103,50,aco,aco,266.4138752300857,266.4138752300857,0.0,0.0
124981636,50,aco,aco,40.50958751029012,40.50958751029012,0.0,0.0
113033982,50,ga,ga,161.7231071659322,161.7231071659322,0.0,0.0
88839484,50,ga,ga,44.08399765535523,44.08399765535523,0.0,0.0
92519521,50,aco,aco,23.826103633502385,23.826103633502385,0.0,0.0
30128433,50,aco,aco,17.701699008421407,17.701699008421407,0.0,0.0
199390189,50,aco,aco,126.80214515028656,126.80214515028656,0.0,0.0
118788403,50,aco,aco,29.91683290963893,29.91683290963893,0.0,0.0
22120114,50,ga,ga,21.43182579621044,21.43182579621044,0.0,0.0
16834424,50,ga,ga,98.6787890984238,98.6787890984238,0.0,0.0
198652187,50,ga,ga,121.87879483920725,121.87879483920725,0.0,0.0
554987477,50,sa,sa,100.61159716042248,100.61159716042248,0.0,0.0
61673032,50,aco,aco,33.28660588429075,33.28660588429075,0.0,0.0
189776217,50,aco,aco,36.73868157321356,36.73868157321356,0.0,0.0
25481015,50,ga,ga,19.86601057553805,19.86601057553805,0.0,0.0
41527572,50,ga,ga,513.7239064677524,513.7239064677524,0.0,0.0
73501010,50,sa,sa,194.16213466192696,194.16213466192696,0.0,0.0
69761135,50,aco,aco,11.967807849029322,11.967807849029322,0.0,0.0
169949893,50,aco,aco,68.2236638619426,68.2236638619426,0.0,0.0
123226388,50,ga,ga,51.718053536698406,51.718053536698406,0.0,0.0
27944346,50,ga,ga,21.351537143184565,21.351537143184565,0.0,0.0
67626913,50,ga,ga,35.86330778410913,35.86330778410913,0.0,0.0
141736276,50,aco,aco,8.029080865797573,8.029080865797573,0.0,0.0
121640681,50,aco,aco,7.454620691656077,7.454620691656077,0.0,0.0
59399188,50,ga,ga,8.316112401981542,8.316112401981542,0.0,0.0
148567781,50,ga,ga,19.35341638843637,19.35341638843637,0.0,0.0
48458807,50,ga,ga,288.9058881708814,288.9058881708814,0.0,0.0
150352948,50,ga,ga,14.790648245617804,14.790648245617804,0.0,0.0
130955463,50,ga,ga,91.97484597154578,91.97484597154578,0.0,0.0
116873587,50,ga,ga,26.50090768555209,26.50090768555209,0.0,0.0
36221936,50,ga,ga,21.905737721385997,21.905737721385997,0.0,0.0
33070468,50,aco,aco,18.09200610930301,18.09200610930301,0.0,0.0
56427234,50,aco,aco,44.16236128807158,44.16236128807158,0.0,0.0
34835689,50,aco,aco,12.25287204546052,12.25287204546052,0.0,0.0
166489262,50,aco,aco,12.044877614745518,12.044877614745518,0.0,0.0
70898057,50,aco,aco,30.37259642840835,30.37259642840835,0.0,0.0
97146993,50,ga,ga,124.48577834684822,124.48577834684822,0.0,0.0
118947971,50,aco,aco,48.78977363991106,48.78977363991106,0.0,0.0
69791054,50,aco,aco,24.42137763321361,24.42137763321361,0.0,0.0
128432294,50,aco,aco,37.679705360755264,37.679705360755264,0.0,0.0
7499696,50,ga,ga,37.14460917399551,37.14460917399551,0.0,0.0
97555886,50,aco,aco,22.59346368980032,22.59346368980032,0.0,0.0
152138115,50,aco,aco,8.98712771269828,8.98712771269828,0.0,0.0
152217899,50,aco,aco,12.893222498988797,12.893222498988797,0.0,0.0
62610494,50,aco,aco,52.36012653184373,52.36012653184373,0.0,0.0
62221547,50,aco,aco,36.1247440501332,36.1247440501332,0.0,0.0
116165504,50,ga,ga,9.937584736316762,9.937584736316762,0.0,0.0
40470434,50,ga,ga,27.8594060082639,27.8594060082639,0.0,0.0
714385936,50,sa,sa,70.36877689884997,70.36877689884997,0.0,0.0
28702294,50,aco,aco,119.36617553787788,119.36617553787788,0.0,0.0
130267326,50,sa,sa,43.77044850401006,43.77044850401006,0.0,0.0
99141593,50,aco,aco,71.9386066290903,71.9386066290903,0.0,0.0
87124128,50,ga,ga,23.961998153624485,23.961998153624485,0.0,0.0
159767460,50,ga,ga,86.63739636185376,86.63739636185376,0.0,0.0
101106274,50,aco,aco,4.040974192735924,4.040974192735924,0.0,0.0
102552359,50,aco,aco,68.98182221876044,68.98182221876044,0.0,0.0
8915862,50,aco,aco,9.902567186630453,9.902567186630453,0.0,0.0
35384204,50,ga,ga,26.98438332313919,26.98438332313919,0.0,0.0
209941623,50,sa,sa,137.98913701004247,137.98913701004247,0.0,0.0
105733746,50,ga,ga,41.95749163330394,41.95749163330394,0.0,0.0
147540562,50,aco,aco,8.230457403340887,8.230457403340887,0.0,0.0
8427185,50,aco,aco,43.25634197642881,43.25634197642881,0.0,0.0
111777384,50,aco,aco,20.365943819026672,20.365943819026672,0.0,0.0
15358420,50,aco,ga,9.42388098038654,14.679190738004529,5.255309757617988,0.5576587574222983
5704556,50,aco,aco,52.41401862703203,52.41401862703203,0.0,0.0
43073387,50,aco,aco,18.39119441818614,18.39119441818614,0.0,0.0
11648464,50,aco,aco,72.2397939111352,72.2397939111352,0.0,0.0
182904820,50,aco,aco,38.1908409453666,38.1908409453666,0.0,0.0
132960036,50,aco,aco,30.172532822879287,30.172532822879287,0.0,0.0
99091728,50,ga,ga,47.71718947754383,47.71718947754383,0.0,0.0
27695021,50,aco,aco,12.226316226271498,12.226316226271498,0.0,0.0
193526065,50,ga,ga,70.58842734426399,70.58842734426399,0.0,0.0
136620127,50,aco,aco,24.27905436881801,24.27905436881801,0.0,0.0
151320329,50,sa,sa,169.46672254100375,169.46672254100375,0.0,0.0
68315050,50,aco,aco,25.8583699399177,25.8583699399177,0.0,0.0
160944274,50,ga,ga,28.606026934988144,28.606026934988144,0.0,0.0
23596118,50,aco,aco,6.927435403156492,6.927435403156492,0.0,0.0
73241712,50,aco,aco,105.03168365116896,105.03168365116896,0.0,0.0
147899590,50,aco,aco,135.51197107932558,135.51197107932558,0.0,0.0
166180099,50,ga,ga,65.37676624147818,65.37676624147818,0.0,0.0
376071857,50,sa,sa,91.614656178939,91.614656178939,0.0,0.0
140040866,50,aco,aco,20.42878131903621,20.42878131903621,0.0,0.0
116763884,50,sa,sa,44.770575237748375,44.770575237748375,0.0,0.0
570036734,50,sa,sa,32.700536156208344,32.700536156208344,0.0,0.0
48897619,50,aco,aco,71.83835102778404,71.83835102778404,0.0,0.0
55539637,50,aco,aco,91.96744151030448,91.96744151030448,0.0,0.0
99899541,50,ga,ga,82.55373464129434,82.55373464129434,0.0,0.0
153723822,50,aco,aco,17.292930842734513,17.292930842734513,0.0,0.0
158859917,50,ga,ga,12.244890486079749,12.244890486079749,0.0,0.0
149096350,50,ga,sa,29.52712921092799,63.17431680378318,33.64718759285519,1.1395346751286057
80472137,50,ga,ga,37.82734765832312,37.82734765832312,0.0,0.0
197605022,50,aco,aco,86.99678335705292,86.99678335705292,0.0,0.0
151479897,50,aco,aco,7.857144072906225,7.857144072906225,0.0,0.0
277927564,50,sa,sa,199.41503432041335,199.41503432041335,0.0,0.0
116604316,50,ga,ga,68.95523365243577,68.95523365243577,0.0,0.0
98084455,50,aco,aco,39.07255875641097,39.07255875641097,0.0,0.0
24723067,50,ga,ga,55.35150796362891,55.35150796362891,0.0,0.0
615593398,50,sa,sa,114.6137313131266,114.6137313131266,0.0,0.0
125639854,50,aco,aco,10.182416482314778,10.182416482314778,0.0,0.0
132740630,50,aco,aco,103.12613076011723,103.12613076011723,0.0,0.0
105195204,50,aco,aco,168.1334785954068,168.1334785954068,0.0,0.0
66888911,50,ga,ga,14.485940360954771,14.485940360954771,0.0,0.0
142593954,50,aco,aco,9.490157622750658,9.490157622750658,0.0,0.0
438812,50,ga,ga,26.693693318764847,26.693693318764847,0.0,0.0
105255042,50,ga,ga,28.757622084444037,28.757622084444037,0.0,0.0
99111674,50,ga,ga,42.27342202774722,42.27342202774722,0.0,0.0
72513683,50,ga,ga,51.68592779019411,51.68592779019411,0.0,0.0
179863055,50,aco,aco,10.866971041036454,10.866971041036454,0.0,0.0
690929440,50,sa,sa,66.18205194393664,66.18205194393664,0.0,0.0
92359953,50,ga,ga,27.205206860695355,27.205206860695355,0.0,0.0
107219723,50,aco,aco,36.96463569747968,36.96463569747968,0.0,0.0
63368442,50,aco,aco,48.47182088668361,48.47182088668361,0.0,0.0
168055023,50,aco,aco,23.265281252990945,23.265281252990945,0.0,0.0
56636667,50,aco,aco,8.4154069341377,8.4154069341377,0.0,0.0
88450537,50,aco,aco,35.191638471605614,35.191638471605614,0.0,0.0
120703219,50,aco,aco,32.311564827276214,32.311564827276214,0.0,0.0
130426894,50,aco,aco,9.985855383503225,9.985855383503225,0.0,0.0
127614508,50,aco,aco,18.399510767132448,18.399510767132448,0.0,0.0
133608281,50,aco,aco,16.31436264945672,16.31436264945672,0.0,0.0
8217752,50,aco,aco,5.96778853534724,5.96778853534724,0.0,0.0
138006374,50,ga,ga,77.8955677728804,77.8955677728804,0.0,0.0
171655276,50,aco,aco,42.00442096981691,42.00442096981691,0.0,0.0
419284866,50,sa,sa,432.74679226785855,432.74679226785855,0.0,0.0
84650824,50,ga,ga,34.94112982020363,34.94112982020363,0.0,0.0
177419670,50,ga,ga,83.4597031721911,83.4597031721911,0.0,0.0
110450975,50,aco,aco,17.48751716855074,17.48751716855074,0.0,0.0
158640511,50,ga,ga,13.256005939330487,13.256005939330487,0.0,0.0
125260880,50,aco,aco,36.17747060403701,36.17747060403701,0.0,0.0
625346992,50,sa,sa,125.5551309989237,125.5551309989237,0.0,0.0
171007031,50,aco,aco,44.84499634756715,44.84499634756715,0.0,0.0
4727202,50,ga,ga,78.39877799836698,78.39877799836698,0.0,0.0
143331956,50,ga,ga,45.32112434229908,45.32112434229908,0.0,0.0
14760040,50,aco,aco,4.3036466765067365,4.3036466765067365,0.0,0.0
55609448,50,sa,sa,98.3660607088153,98.3660607088153,0.0,0.0
88919268,50,aco,aco,22.179613803064463,22.179613803064463,0.0,0.0
182785144,50,aco,aco,28.22014209858815,28.22014209858815,0.0,0.0
33090414,50,aco,aco,99.46105295484932,99.46105295484932,0.0,0.0
40560191,50,ga,ga,64.95348284707194,64.95348284707194,0.0,0.0
110062028,50,aco,aco,22.37856990046558,22.37856990046558,0.0,0.0
147670211,50,ga,ga,10.747661971220394,10.747661971220394,0.0,0.0
171944493,50,ga,ga,41.86264497140466,41.86264497140466,0.0,0.0
494959990,50,sa,sa,145.82147382651448,145.82147382651448,0.0,0.0
135134150,50,aco,aco,16.97916719806702,16.97916719806702,0.0,0.0
130716111,50,aco,aco,109.09231649970867,109.09231649970867,0.0,0.0
411176817,50,sa,sa,101.07921772174956,101.07921772174956,0.0,0.0
113143685,50,aco,aco,119.05410147952551,119.05410147952551,0.0,0.0
227873077,50,sa,sa,26.959915500081653,26.959915500081653,0.0,0.0
16315828,50,aco,aco,12.49046395062727,12.49046395062727,0.0,0.0
105424583,50,ga,ga,16.52509883492299,16.52509883492299,0.0,0.0
29200944,50,ga,ga,22.81301802912797,22.81301802912797,0.0,0.0
182495927,50,ga,ga,8.989628564789776,8.989628564789776,0.0,0.0
27156479,50,aco,aco,58.738979831458224,58.738979831458224,0.0,0.0
105673908,50,aco,aco,5.46603581269132,5.46603581269132,0.0,0.0
197186156,50,ga,ga,10.24757260904664,10.24757260904664,0.0,0.0
87144074,50,ga,ga,11.848619228941924,11.848619228941924,0.0,0.0
151011166,50,aco,aco,28.426126389575572,28.426126389575572,0.0,0.0
97137020,50,ga,ga,29.772234254031076,29.772234254031076,0.0,0.0
149595,50,aco,aco,27.33856330838869,27.33856330838869,0.0,0.0
134346283,50,ga,ga,34.26567229245113,34.26567229245113,0.0,0.0
69910730,50,aco,aco,29.972319281058745,29.972319281058745,0.0,0.0
56397315,50,ga,ga,96.19437137748383,96.19437137748383,0.0,0.0
2752548,50,ga,ga,85.98005879283221,85.98005879283221,0.0,0.0
171784925,50,aco,aco,5.871979223101391,5.871979223101391,0.0,0.0
105723773,50,ga,ga,39.23411012275534,39.23411012275534,0.0,0.0
491339791,50,sa,sa,101.23505759232454,101.23505759232454,0.0,0.0
120972490,50,aco,aco,10.720492000408411,10.720492000408411,0.0,0.0
76123909,50,aco,aco,32.29944007752519,32.29944007752519,0.0,0.0
141766195,50,aco,aco,130.08281034913264,130.08281034913264,0.0,0.0
50044514,50,aco,aco,46.96717445730453,46.96717445730453,0.0,0.0
99490648,50,aco,aco,21.628647718689333,21.628647718689333,0.0,0.0
149096350,50,sa,sa,192.04088713338703,192.04088713338703,0.0,0.0
117531805,50,ga,ga,27.81228404514903,27.81228404514903,0.0,0.0
837732,50,ga,ga,60.16500100001918,60.16500100001918,0.0,0.0
174816717,50,aco,aco,10.64103635242416,10.64103635242416,0.0,0.0
122777603,50,ga,ga,53.303191008733336,53.303191008733336,0.0,0.0
96359126,50,ga,ga,193.42746940363264,193.42746940363264,0.0,0.0
174417797,50,aco,aco,29.559338238892146,29.559338238892146,0.0,0.0
171585465,50,ga,ga,53.22520315391733,53.22520315391733,0.0,0.0
86924668,50,aco,aco,88.21656925256531,88.21656925256531,0.0,0.0
157523535,50,ga,ga,89.32206899333895,89.32206899333895,0.0,0.0
59139890,50,aco,aco,9.30530791058957,9.30530791058957,0.0,0.0
86595559,50,aco,aco,34.9898658437552,34.9898658437552,0.0,0.0
123366010,50,aco,aco,6.830868920625628,6.830868920625628,0.0,0.0
48408942,50,aco,aco,6.536001330104942,6.536001330104942,0.0,0.0
108386564,50,ga,ga,21.002300308986094,21.002300308986094,0.0,0.0
16116368,50,aco,aco,39.70438317526153,39.70438317526153,0.0,0.0
153354821,50,aco,aco,9.103192845336885,9.103192845336885,0.0,0.0
20255163,50,ga,ga,20.235542751191208,20.235542751191208,0.0,0.0
525856344,50,sa,sa,71.85244937934732,71.85244937934732,0.0,0.0
66101044,50,ga,ga,49.370759198952086,49.370759198952086,0.0,0.0
153893363,50,ga,ga,19.805189752806392,19.805189752806392,0.0,0.0
15777286,50,aco,aco,62.5017686159471,62.5017686159471,0.0,0.0
172542873,50,aco,aco,14.114394594277888,14.114394594277888,0.0,0.0
197525238,50,aco,aco,19.1604313559101,19.1604313559101,0.0,0.0
15946827,50,ga,ga,97.70136059613505,97.70136059613505,0.0,0.0
64266012,50,aco,aco,26.93825048203816,26.93825048203816,0.0,0.0
179892974,50,aco,aco,77.12261041323691,77.12261041323691,0.0,0.0
108047482,50,ga,ga,23.29011103117801,23.29011103117801,0.0,0.0
50762570,50,aco,aco,28.8301245365356,28.8301245365356,0.0,0.0
176332613,50,aco,aco,34.18097030076213,34.18097030076213,0.0,0.0
184779744,50,aco,aco,81.89604939821025,81.89604939821025,0.0,0.0
195720125,50,ga,ga,66.42866050060735,66.42866050060735,0.0,0.0
225569314,50,sa,sa,106.36613523650172,106.36613523650172,0.0,0.0
195181583,50,aco,aco,60.213771721221946,60.213771721221946,0.0,0.0
21890735,50,sa,sa,175.95822016197673,175.95822016197673,0.0,0.0
59927757,50,ga,ga,71.97928201865041,71.97928201865041,0.0,0.0
162769333,50,aco,aco,20.772057337765077,20.772057337765077,0.0,0.0
44389823,50,aco,aco,39.06634399185024,39.06634399185024,0.0,0.0
88141374,50,ga,ga,12.395203426477607,12.395203426477607,0.0,0.0
88520348,50,ga,ga,58.36142690181524,58.36142690181524,0.0,0.0
61523437,50,ga,ga,36.96790190492093,36.96790190492093,0.0,0.0
96787965,50,aco,aco,12.77600770609194,12.77600770609194,0.0,0.0
71157355,50,aco,aco,9.226668335048998,9.226668335048998,0.0,0.0
174577365,50,aco,aco,33.24783429847811,33.24783429847811,0.0,0.0
140998274,50,ga,ga,20.615827102205422,20.615827102205422,0.0,0.0
151948628,50,aco,aco,9.038306720430322,9.038306720430322,0.0,0.0
124662500,50,aco,aco,40.50628197244619,40.50628197244619,0.0,0.0
562556984,50,sa,sa,198.0483809663454,198.0483809663454,0.0,0.0
10102649,50,aco,aco,8.593941445215927,8.593941445215927,0.0,0.0
95132447,50,aco,aco,208.5730249389381,208.5730249389381,0.0,0.0
40300893,50,ga,ga,21.57771688888632,21.57771688888632,0.0,0.0
513729176,50,sa,sa,295.2001518643536,295.2001518643536,0.0,0.0
143062685,50,aco,aco,82.26690093822467,82.26690093822467,0.0,0.0
87483156,50,aco,aco,28.350044245113917,28.350044245113917,0.0,0.0
29599864,50,ga,ga,51.86170260453239,51.86170260453239,0.0,0.0
151759141,50,ga,ga,165.08602731201938,165.08602731201938,0.0,0.0
18499915,50,aco,aco,43.08994784672534,43.08994784672534,0.0,0.0
23276982,50,aco,aco,95.50495673297593,95.50495673297593,0.0,0.0
71566248,50,aco,aco,8.13692501662518,8.13692501662518,0.0,0.0
143740849,50,ga,aco,28.955042685564724,29.020285913098483,0.06524322753375955,0.002253259587363205
195989396,50,sa,ga,42.03342117271413,44.438439434634994,2.4050182619208655,0.05721680973905774
132581062,50,aco,aco,32.819336524342724,32.819336524342724,0.0,0.0
157284183,50,aco,aco,10.341821180205336,10.341821180205336,0.0,0.0
29101214,50,ga,ga,49.74956968769511,49.74956968769511,0.0,0.0
101305734,50,aco,aco,42.56785348869146,42.56785348869146,0.0,0.0
30347839,50,sa,sa,88.19664192666738,88.19664192666738,0.0,0.0
606428211,50,sa,sa,27.491602463890345,27.491602463890345,0.0,0.0
187622049,50,aco,aco,70.50365120421513,70.50365120421513,0.0,0.0
180451462,50,ga,ga,8.530964921651995,8.530964921651995,0.0,0.0
60117244,50,aco,aco,13.367096317907098,13.367096317907098,0.0,0.0
183912093,50,ga,ga,17.437585831909857,17.437585831909857,0.0,0.0
66878938,50,aco,aco,27.97059858036144,27.97059858036144,0.0,0.0
120284353,50,aco,aco,46.24128912182188,46.24128912182188,0.0,0.0
104796284,50,aco,aco,5.654083342951101,5.654083342951101,0.0,0.0
80671597,50,ga,ga,20.313855559055835,20.313855559055835,0.0,0.0
105953152,50,aco,aco,45.634236874861415,45.634236874861415,0.0,0.0
54123471,50,aco,aco,14.36420403699,14.36420403699,0.0,0.0
709219922,50,sa,sa,112.76630890864698,112.76630890864698,0.0,0.0
115616989,50,aco,aco,17.35800114273746,17.35800114273746,0.0,0.0
150193380,50,aco,aco,57.23600461336829,57.23600461336829,0.0,0.0
32910900,50,ga,ga,23.28388940718564,23.28388940718564,0.0,0.0
9155214,50,ga,ga,10.683990739908149,10.683990739908149,0.0,0.0
120633408,50,ga,ga,69.58497118453276,69.58497118453276,0.0,0.0
172084115,50,ga,ga,72.62234014206035,72.62234014206035,0.0,0.0
142673738,50,aco,aco,11.197463986482155,11.197463986482155,0.0,0.0
79414999,50,aco,aco,205.59895573585916,205.59895573585916,0.0,0.0
188080807,50,aco,aco,27.605484748317853,27.605484748317853,0.0,0.0
164185499,50,ga,ga,28.070807679848908,28.070807679848908,0.0,0.0
85548394,50,aco,aco,24.683926683941387,24.683926683941387,0.0,0.0
34396877,50,ga,ga,27.76862906201921,27.76862906201921,0.0,0.0
170528327,50,aco,aco,33.04648284938187,33.04648284938187,0.0,0.0
191561384,50,aco,aco,137.87711850902014,137.87711850902014,0.0,0.0
117571697,50,aco,aco,42.39162593983573,42.39162593983573,0.0,0.0
132620954,50,aco,aco,13.683182973784495,13.683182973784495,0.0,0.0
5146068,50,ga,ga,53.69058095660516,53.69058095660516,0.0,0.0
32452142,50,aco,aco,14.443200961098707,14.443200961098707,0.0,0.0
106332126,50,aco,aco,35.73442646027111,35.73442646027111,0.0,0.0
137437913,50,aco,aco,51.65422112801136,51.65422112801136,0.0,0.0
5405366,50,ga,ga,112.1756240029258,112.1756240029258,0.0,0.0
188280267,50,ga,ga,24.827299879486727,24.827299879486727,0.0,0.0
108605970,50,aco,aco,26.712727247120185,26.712727247120185,0.0,0.0
144907690,50,ga,ga,84.0964497534009,84.0964497534009,0.0,0.0
73840092,50,aco,aco,15.025214393810096,15.025214393810096,0.0,0.0
152088250,50,ga,ga,37.361335115355246,37.361335115355246,0.0,0.0
126856560,50,sa,sa,153.56126989167558,153.56126989167558,0.0,0.0
82736008,50,ga,ga,13.380925980264765,13.380925980264765,0.0,0.0
66619640,50,aco,aco,8.643553158421796,8.643553158421796,0.0,0.0
84421445,50,aco,aco,91.34350196089676,91.34350196089676,0.0,0.0
90923841,50,aco,aco,18.32574000938407,18.32574000938407,0.0,0.0
148358348,50,aco,aco,44.445658241498464,44.445658241498464,0.0,0.0
139382648,50,ga,ga,103.20108834996071,103.20108834996071,0.0,0.0
131105058,50,ga,ga,14.44468103188423,14.44468103188423,0.0,0.0
191820682,50,aco,aco,60.10713921893499,60.10713921893499,0.0,0.0
130855733,50,aco,aco,11.137996163957702,11.137996163957702,0.0,0.0
309502082,50,sa,sa,256.9460031715828,256.9460031715828,0.0,0.0
143990174,50,aco,aco,35.888502681036925,35.888502681036925,0.0,0.0
22738440,50,ga,ga,6.141289315779891,6.141289315779891,0.0,0.0
129798595,50,sa,sa,190.68915486744575,190.68915486744575,0.0,0.0
72483764,50,aco,aco,95.16489489468678,95.16489489468678,0.0,0.0
92080709,50,ga,sa,64.73914225433178,87.89932287500041,23.160180620668626,0.3577461766435274
15537934,50,ga,sa,67.26667342210433,146.2139013005099,78.94722787840556,1.1736454898401874
169800298,50,ga,ga,7.327460453851311,7.327460453851311,0.0,0.0
746120022,50,sa,sa,64.58948324031087,64.58948324031087,0.0,0.0
159737541,50,ga,ga,56.057920861332526,56.057920861332526,0.0,0.0
354580042,50,sa,sa,230.72610485680264,230.72610485680264,0.0,0.0
67756562,50,aco,aco,37.32337993459154,37.32337993459154,0.0,0.0
115557151,50,aco,aco,69.52556651773715,69.52556651773715,0.0,0.0
162210845,50,ga,ga,67.64637274772392,67.64637274772392,0.0,0.0
155997666,50,sa,sa,215.2135611160656,215.2135611160656,0.0,0.0
324511447,50,sa,sa,228.55667941251977,228.55667941251977,0.0,0.0
134934690,50,ga,ga,15.574959991644812,15.574959991644812,0.0,0.0
4816959,50,ga,ga,49.25059772600765,49.25059772600765,0.0,0.0
192239548,50,aco,aco,49.02691885044428,49.02691885044428,0.0,0.0
1416166,50,aco,aco,23.07843641601009,23.07843641601009,0.0,0.0
58022914,50,aco,aco,11.879832327355228,11.879832327355228,0.0,0.0
10361947,50,ga,ga,54.22668698305406,54.22668698305406,0.0,0.0
8287563,50,aco,aco,37.52326705643895,37.52326705643895,0.0,0.0
7320182,50,ga,ga,57.69698169516002,57.69698169516002,0.0,0.0
120603489,50,ga,ga,36.44446152676281,36.44446152676281,0.0,0.0
47760697,50,aco,aco,5.665762129484078,5.665762129484078,0.0,0.0
50652867,50,aco,aco,15.07572155359504,15.07572155359504,0.0,0.0
174697041,50,aco,aco,33.13818062433521,33.13818062433521,0.0,0.0
121181923,50,aco,aco,31.45190093624504,31.45190093624504,0.0,0.0
35892827,50,ga,ga,24.767114700546152,24.767114700546152,0.0,0.0
36660748,50,aco,aco,69.73782787663114,69.73782787663114,0.0,0.0
2583007,50,aco,aco,74.52406676661737,74.52406676661737,0.0,0.0
49436161,50,ga,ga,12.409762041892543,12.409762041892543,0.0,0.0
58032887,50,ga,aco,110.79658116855666,116.06133279857072,5.264751630014061,0.04751727512245805
14351147,50,ga,ga,68.13719832347249,68.13719832347249,0.0,0.0
103479848,50,aco,aco,30.815583913249878,30.815583913249878,0.0,0.0
157722995,50,aco,aco,34.566586169050375,34.566586169050375,0.0,0.0
109054755,50,aco,aco,24.729589274300626,24.729589274300626,0.0,0.0
90844057,50,aco,aco,23.72624758679465,23.72624758679465,0.0,0.0
115926152,50,aco,aco,48.46972667164577,48.46972667164577,0.0,0.0
96528667,50,aco,aco,64.7480398959957,64.7480398959957,0.0,0.0
102662062,50,ga,ga,47.30536671428708,47.30536671428708,0.0,0.0
109453675,50,aco,aco,14.747905326186665,14.747905326186665,0.0,0.0
154142688,50,aco,aco,10.922369444759129,10.922369444759129,0.0,0.0
87792319,50,aco,aco,20.833787376751644,20.833787376751644,0.0,0.0
126796722,50,aco,aco,31.158568836725784,31.158568836725784,0.0,0.0
33828416,50,aco,aco,34.090759692793576,34.090759692793576,0.0,0.0
97944833,50,sa,sa,350.40203771810354,350.40203771810354,0.0,0.0
118060374,50,aco,aco,9.989334186282935,9.989334186282935,0.0,0.0
118359564,50,aco,aco,64.53368977584837,64.53368977584837,0.0,0.0
85827638,50,aco,aco,37.07499342546876,37.07499342546876,0.0,0.0
53933984,50,ga,ga,28.84874556996713,28.84874556996713,0.0,0.0
464223204,50,sa,sa,97.1110652096163,97.1110652096163,0.0,0.0
26767532,50,aco,aco,27.934981182130382,27.934981182130382,0.0,0.0
728577515,50,sa,sa,98.96076372252824,98.96076372252824,0.0,0.0
32711440,50,ga,ga,23.748454281796853,23.748454281796853,0.0,0.0
743806286,50,sa,sa,57.842984496776126,57.842984496776126,0.0,0.0
44529445,50,ga,ga,55.56823679778629,55.56823679778629,0.0,0.0
93048090,50,aco,aco,13.493559103268137,13.493559103268137,0.0,0.0
90684489,50,aco,aco,17.44703883028561,17.44703883028561,0.0,0.0
47820535,50,aco,aco,53.99175821558619,53.99175821558619,0.0,0.0
59598648,50,aco,aco,44.50177363164482,44.50177363164482,0.0,0.0
66061152,50,aco,aco,22.201047801138166,22.201047801138166,0.0,0.0
112994090,50,ga,ga,45.64980824883067,45.64980824883067,0.0,0.0
108226996,50,aco,aco,25.83514453271704,25.83514453271704,0.0,0.0
2243925,50,aco,aco,115.10703846478938,115.10703846478938,0.0,0.0
110012163,50,aco,aco,12.676150625831426,12.676150625831426,0.0,0.0
12476223,50,ga,ga,9.636395944266006,9.636395944266006,0.0,0.0
194024715,50,ga,ga,41.86991664499845,41.86991664499845,0.0,0.0
32282601,50,ga,ga,25.078007516486167,25.078007516486167,0.0,0.0
8696456,50,ga,ga,19.53983717034917,19.53983717034917,0.0,0.0
172094088,50,ga,ga,9.779379257142962,9.779379257142962,0.0,0.0
180740679,50,aco,aco,25.672592117558608,25.672592117558608,0.0,0.0
488726865,50,sa,sa,46.28580256929444,46.28580256929444,0.0,0.0
3091630,50,aco,aco,30.508984299659723,30.508984299659723,0.0,0.0
136450586,50,aco,aco,53.01260348572386,53.01260348572386,0.0,0.0
129788622,50,aco,aco,40.86144357948499,40.86144357948499,0.0,0.0
57294885,50,aco,aco,32.7177158721243,32.7177158721243,0.0,0.0
96259396,50,aco,aco,13.197494136034951,13.197494136034951,0.0,0.0
5544988,50,sa,sa,137.13337905840137,137.13337905840137,0.0,0.0
69611540,50,ga,ga,57.48168357362884,57.48168357362884,0.0,0.0
82257304,50,aco,aco,6.887494583224472,6.887494583224472,0.0,0.0
71406680,50,ga,ga,28.96694717816377,28.96694717816377,0.0,0.0
157533508,50,ga,ga,12.185831260987342,12.185831260987342,0.0,0.0
17841697,50,aco,aco,53.5746824499028,53.5746824499028,0.0,0.0
127056020,50,sa,sa,195.2100423585649,195.2100423585649,0.0,0.0
190314759,50,aco,aco,46.66741211322279,46.66741211322279,0.0,0.0
20315001,50,aco,aco,21.45381687582744,21.45381687582744,0.0,0.0
159079323,50,ga,ga,115.24239139610812,115.24239139610812,0.0,0.0
96817884,50,aco,aco,7.946523626367719,7.946523626367719,0.0,0.0
31494734,50,aco,aco,8.039357081350264,8.039357081350264,0.0,0.0
30297974,50,ga,ga,22.96399864390983,22.96399864390983,0.0,0.0
98912214,50,aco,aco,150.88818522245944,150.88818522245944,0.0,0.0
111817276,50,ga,ga,68.73850762576342,68.73850762576342,0.0,0.0
177958212,50,sa,sa,167.86048263183216,167.86048263183216,0.0,0.0
119676,50,aco,aco,32.06809506942739,32.06809506942739,0.0,0.0
71147382,50,aco,aco,56.02191159616563,56.02191159616563,0.0,0.0
374805286,50,sa,sa,38.62232115041405,38.62232115041405,0.0,0.0
33808470,50,ga,ga,58.75199767728516,58.75199767728516,0.0,0.0
155349421,50,ga,ga,84.52674370210737,84.52674370210737,0.0,0.0
93556713,50,aco,aco,81.3934296310492,81.3934296310492,0.0,0.0
128143077,50,ga,ga,20.62453253321974,20.62453253321974,0.0,0.0
163706795,50,ga,ga,16.17473517382289,16.17473517382289,0.0,0.0
17422831,50,ga,ga,70.05802525954427,70.05802525954427,0.0,0.0
56895965,50,aco,aco,16.281021305712102,16.281021305712102,0.0,0.0
192000196,50,aco,aco,68.89556871202676,68.89556871202676,0.0,0.0
26498261,50,aco,aco,11.576732546381733,11.576732546381733,0.0,0.0
43911119,50,aco,aco,23.499055802215977,23.499055802215977,0.0,0.0
150632192,50,ga,ga,44.57568111146991,44.57568111146991,0.0,0.0
2194060,50,aco,aco,95.52948571545166,95.52948571545166,0.0,0.0
192159764,50,aco,aco,22.43834529472252,22.43834529472252,0.0,0.0
172333440,50,aco,aco,16.065087368659356,16.065087368659356,0.0,0.0
144847852,50,aco,aco,57.83723961137781,57.83723961137781,0.0,0.0
71067598,50,aco,aco,14.500560206872905,14.500560206872905,0.0,0.0
8856024,50,aco,aco,31.545081753194708,31.545081753194708,0.0,0.0
94005498,50,aco,ga,4.291603850270953,5.925607805031965,1.6340039547610123,0.38074435846585625
97186885,50,ga,ga,8.494352170233967,8.494352170233967,0.0,0.0
44210309,50,ga,aco,56.86958751994675,59.69711498161142,2.8275274616646726,0.049719500087334556
78986160,50,aco,aco,85.11355610451717,85.11355610451717,0.0,0.0
62101871,50,aco,aco,18.055869349737307,18.055869349737307,0.0,0.0
166579019,50,aco,aco,30.49267311891489,30.49267311891489,0.0,0.0
5764394,50,aco,aco,37.36411683189159,37.36411683189159,0.0,0.0
23346793,50,aco,aco,32.355732111265674,32.355732111265674,0.0,0.0
40829462,50,aco,aco,118.74871378267493,118.74871378267493,0.0,0.0
69332296,50,ga,ga,14.298407514902925,14.298407514902925,0.0,0.0
142344629,50,ga,ga,31.459520129651366,31.459520129651366,0.0,0.0
97765319,50,aco,aco,13.765119076582428,13.765119076582428,0.0,0.0
152736495,50,aco,aco,28.93083878265717,28.93083878265717,0.0,0.0
584816720,50,sa,sa,173.12301754406957,173.12301754406957,0.0,0.0
63119117,50,sa,sa,108.84249569412168,108.84249569412168,0.0,0.0
152327602,50,ga,ga,76.44384966254849,76.44384966254849,0.0,0.0
156735668,50,aco,aco,7.039631936140493,7.039631936140493,0.0,0.0
190524192,50,aco,aco,10.18529540783248,10.18529540783248,0.0,0.0
1755248,50,aco,aco,73.464139354883,73.464139354883,0.0,0.0
184989177,50,aco,aco,5.893894490332928,5.893894490332928,0.0,0.0
157543481,50,aco,aco,70.21829551887447,70.21829551887447,0.0,0.0
70259785,50,ga,ga,70.55821255638506,70.55821255638506,0.0,0.0
41776897,50,ga,ga,29.447431486887307,29.447431486887307,0.0,0.0
164953420,50,ga,ga,15.37874003430844,15.37874003430844,0.0,0.0
94404418,50,aco,aco,17.313266382298757,17.313266382298757,0.0,0.0
21412031,50,aco,aco,117.50642698289064,117.50642698289064,0.0,0.0
100089028,50,ga,ga,20.719064155999416,20.719064155999416,0.0,0.0
25889908,50,ga,ga,22.02565766043947,22.02565766043947,0.0,0.0
182755225,50,sa,sa,140.66642017612727,140.66642017612727,0.0,0.0
109493567,50,ga,ga,85.88669201945955,85.88669201945955,0.0,0.0
138096131,50,ga,ga,36.12541182192653,36.12541182192653,0.0,0.0
165661503,50,aco,aco,20.656732280368946,20.656732280368946,0.0,0.0
671043278,50,sa,sa,45.362787740095634,45.362787740095634,0.0,0.0
154681230,50,aco,aco,46.51928548168559,46.51928548168559,0.0,0.0
27286128,50,aco,aco,126.786668291956,126.786668291956,0.0,0.0
385715748,50,sa,sa,244.4938573463193,244.4938573463193,0.0,0.0
17183479,50,ga,ga,22.29806883210208,22.29806883210208,0.0,0.0
510926763,50,sa,sa,91.24484453070173,91.24484453070173,0.0,0.0
10212352,50,ga,ga,52.13498341305008,52.13498341305008,0.0,0.0
30268055,50,ga,ga,38.69983485195817,38.69983485195817,0.0,0.0
127714238,50,aco,aco,32.86656076445,32.86656076445,0.0,0.0
121271680,50,aco,aco,37.50658336430696,37.50658336430696,0.0,0.0
155748341,50,aco,aco,68.73666281049964,68.73666281049964,0.0,0.0
192189683,50,ga,ga,62.42203319824854,62.42203319824854,0.0,0.0
44070687,50,aco,aco,74.07181093452074,74.07181093452074,0.0,0.0
42544818,50,aco,aco,28.278641262719567,28.278641262719567,0.0,0.0
26448396,50,aco,aco,40.093442559169965,40.093442559169965,0.0,0.0
127145777,50,aco,aco,23.695808021174976,23.695808021174976,0.0,0.0
35444042,50,aco,aco,7.933919517502373,7.933919517502373,0.0,0.0
26029530,50,aco,aco,6.352652048766129,6.352652048766129,0.0,0.0
38675294,50,ga,ga,12.081102326943014,12.081102326943014,0.0,0.0
193895066,50,aco,aco,76.72852998116846,76.72852998116846,0.0,0.0
28263482,50,ga,ga,82.45966542756497,82.45966542756497,0.0,0.0
170288975,50,aco,aco,32.37271346080764,32.37271346080764,0.0,0.0
42504926,50,aco,aco,9.441040635916396,9.441040635916396,0.0,0.0
189766244,50,aco,aco,75.35407859261922,75.35407859261922,0.0,0.0
25461069,50,aco,aco,37.47518729365487,37.47518729365487,0.0,0.0
152487170,50,ga,ga,13.900227692238277,13.900227692238277,0.0,0.0
164365013,50,aco,aco,49.29707362904558,49.29707362904558,0.0,0.0
11827978,50,aco,aco,43.16603913606211,43.16603913606211,0.0,0.0
80831165,50,ga,ga,30.603358767861497,30.603358767861497,0.0,0.0
142444359,50,ga,ga,22.33975952294423,22.33975952294423,0.0,0.0
188290240,50,aco,aco,20.263612505267503,20.263612505267503,0.0,0.0
254161905,50,sa,sa,338.3825988508633,338.3825988508633,0.0,0.0
130935517,50,ga,ga,28.229726148729867,28.229726148729867,0.0,0.0
46324585,50,ga,ga,33.384187953232974,33.384187953232974,0.0,0.0
163836444,50,sa,sa,15.546466795516992,15.546466795516992,0.0,0.0
71207220,50,sa,sa,119.54251330484117,119.54251330484117,0.0,0.0
162370413,50,ga,ga,61.52362680208599,61.52362680208599,0.0,0.0
179444189,50,ga,ga,15.268094387909947,15.268094387909947,0.0,0.0
63188928,50,aco,aco,39.20398923730934,39.20398923730934,0.0,0.0
85897449,50,ga,ga,28.88971588427244,28.88971588427244,0.0,0.0
124413175,50,aco,aco,47.61925494641445,47.61925494641445,0.0,0.0
64236093,50,aco,aco,6.287855816114153,6.287855816114153,0.0,0.0
83633578,50,aco,aco,11.183635888897587,11.183635888897587,0.0,0.0
7838778,50,aco,aco,57.74187880702202,57.74187880702202,0.0,0.0
195031988,50,aco,aco,24.59434536030693,24.59434536030693,0.0,0.0
129170296,50,aco,aco,41.72606939151911,41.72606939151911,0.0,0.0
30537326,50,aco,aco,90.44884916277766,90.44884916277766,0.0,0.0
149425459,50,aco,aco,62.544962595395575,62.544962595395575,0.0,0.0
192448981,50,aco,aco,104.89444263070096,104.89444263070096,0.0,0.0
30587191,50,aco,aco,46.39078532792385,46.39078532792385,0.0,0.0
52467953,50,ga,ga,98.13436377600397,98.13436377600397,0.0,0.0
104227823,50,aco,aco,121.70351835262429,121.70351835262429,0.0,0.0
68793754,50,aco,aco,17.02116182576311,17.02116182576311,0.0,0.0
50483326,50,ga,ga,68.47879624762574,68.47879624762574,0.0,0.0
98293888,50,aco,ga,92.67185633951566,108.14715071806094,15.475294378545286,0.1669902275600209
47491426,50,ga,ga,79.96928925413764,79.96928925413764,0.0,0.0
867651,50,aco,aco,7.381875424680548,7.381875424680548,0.0,0.0
128681619,50,ga,ga,24.58629042022521,24.58629042022521,0.0,0.0
88241104,50,ga,ga,233.58847027827693,233.58847027827693,0.0,0.0
537016131,50,sa,sa,209.9322351561761,209.9322351561761,0.0,0.0
191002896,50,ga,ga,26.224168511546463,26.224168511546463,0.0,0.0
56257693,50,ga,ga,71.46004009004251,71.46004009004251,0.0,0.0
83224685,50,aco,aco,5.8754471690111885,5.8754471690111885,0.0,0.0
9474350,50,ga,ga,65.31208917773114,65.31208917773114,0.0,0.0
28692321,50,aco,aco,30.85476360515424,30.85476360515424,0.0,0.0
179095134,50,ga,ga,31.460736694777108,31.460736694777108,0.0,0.0
192678360,50,ga,ga,85.71429236955171,85.71429236955171,0.0,0.0
76772154,50,ga,ga,27.599578319938807,27.599578319938807,0.0,0.0
3709956,50,aco,aco,20.59810696996002,20.59810696996002,0.0,0.0
17502615,50,aco,aco,39.07941587686197,39.07941587686197,0.0,0.0
166259883,50,ga,ga,48.91102670146294,48.91102670146294,0.0,0.0
111757438,50,aco,aco,51.02249285352978,51.02249285352978,0.0,0.0
55419961,50,aco,aco,7.8297675347210145,7.8297675347210145,0.0,0.0
43492253,50,ga,ga,22.16368673441744,22.16368673441744,0.0,0.0
62879765,50,aco,aco,27.6920683479987,27.6920683479987,0.0,0.0
102123520,50,ga,aco,19.85958704748089,20.51956980634251,0.6599827588616201,0.033232451273216994
119087593,50,sa,sa,316.9685392099789,316.9685392099789,0.0,0.0
130037947,50,aco,aco,16.989652952364466,16.989652952364466,0.0,0.0
150931382,50,aco,aco,28.72142033343441,28.72142033343441,0.0,0.0
30557272,50,ga,ga,32.64644798853631,32.64644798853631,0.0,0.0
12017465,50,aco,aco,92.17307031357105,92.17307031357105,0.0,0.0
54113498,50,aco,aco,19.76771039499196,19.76771039499196,0.0,0.0
45367177,50,ga,ga,50.00743916706071,50.00743916706071,0.0,0.0
162679576,50,ga,ga,25.124446452165618,25.124446452165618,0.0,0.0
28462942,50,aco,aco,126.35014894144608,126.35014894144608,0.0,0.0
89627351,50,ga,ga,54.59106948261462,54.59106948261462,0.0,0.0
18958673,50,ga,sa,248.13073286640784,563.4360580196679,315.3053251532601,1.2707225804351236
16415558,50,ga,ga,58.48593906432953,58.48593906432953,0.0,0.0
142165115,50,ga,ga,147.52243512645603,147.52243512645603,0.0,0.0
39383377,50,ga,ga,24.84697968353849,24.84697968353849,0.0,0.0
188160591,50,aco,aco,92.28593056753785,92.28593056753785,0.0,0.0
159408432,50,aco,aco,125.8368535331556,125.8368535331556,0.0,0.0
146264018,50,ga,ga,117.7084327750841,117.7084327750841,0.0,0.0
158740241,50,aco,aco,11.751093897266294,11.751093897266294,0.0,0.0
195939531,50,aco,aco,17.709830533856614,17.709830533856614,0.0,0.0
126298072,50,aco,aco,9.424914724411677,9.424914724411677,0.0,0.0
19985892,50,aco,aco,51.35935212219332,51.35935212219332,0.0,0.0
558657541,50,sa,sa,136.71513663531903,136.71513663531903,0.0,0.0
42046168,50,aco,aco,28.32900601883132,28.32900601883132,0.0,0.0
161313275,50,aco,aco,24.640118011192317,24.640118011192317,0.0,0.0
188739025,50,aco,aco,14.234656830978874,14.234656830978874,0.0,0.0
163258010,50,ga,ga,88.63356147109609,88.63356147109609,0.0,0.0
62819927,50,aco,aco,21.44151970717292,21.44151970717292,0.0,0.0
52557710,50,aco,aco,100.30863993888376,100.30863993888376,0.0,0.0
121132058,50,aco,aco,22.182679002574936,22.182679002574936,0.0,0.0
183951985,50,sa,sa,77.22580064723527,77.22580064723527,0.0,0.0
163198172,50,ga,ga,55.5882746438987,55.5882746438987,0.0,0.0
193326605,50,aco,aco,34.9352508591242,34.9352508591242,0.0,0.0
99570432,50,ga,ga,7.479739876562251,7.479739876562251,0.0,0.0
456593859,50,sa,sa,24.72851334325581,24.72851334325581,0.0,0.0
96897668,50,aco,aco,33.02747138759775,33.02747138759775,0.0,0.0
46922965,50,aco,aco,27.160300138382823,27.160300138382823,0.0,0.0
61842573,50,ga,ga,86.75327415860963,86.75327415860963,0.0,0.0
30657002,50,ga,ga,33.12303926804324,33.12303926804324,0.0,0.0
60037460,50,ga,ga,53.396927274679776,53.396927274679776,0.0,0.0
121800249,50,aco,aco,37.10911112879791,37.10911112879791,0.0,0.0
153015739,50,ga,ga,33.816448030346834,33.816448030346834,0.0,0.0
139262972,50,ga,ga,16.85341540620144,16.85341540620144,0.0,0.0
161014085,50,aco,aco,43.1177679507339,43.1177679507339,0.0,0.0
99321107,50,aco,ga,46.00251903777829,52.70765392751599,6.7051348897377,0.14575582011566135
90315488,50,aco,aco,64.61351160256507,64.61351160256507,0.0,0.0
22030357,50,aco,aco,15.60788814484521,15.60788814484521,0.0,0.0
126038774,50,aco,aco,54.99725152144848,54.99725152144848,0.0,0.0
44818662,50,aco,aco,111.64224474993426,111.64224474993426,0.0,0.0
28423050,50,aco,aco,41.24663156362031,41.24663156362031,0.0,0.0
154421932,50,ga,ga,47.88373231064324,47.88373231064324,0.0,0.0
39004403,50,ga,ga,47.72531864645208,47.72531864645208,0.0,0.0
183682714,50,aco,aco,37.93905307291855,37.93905307291855,0.0,0.0
74139282,50,aco,aco,60.614946809843815,60.614946809843815,0.0,0.0
199848947,50,sa,sa,460.69474138828906,460.69474138828906,0.0,0.0
19158133,50,ga,ga,32.91735881552977,32.91735881552977,0.0,0.0
191980250,50,aco,aco,108.29677215051882,108.29677215051882,0.0,0.0
113223469,50,aco,aco,33.955690831751106,33.955690831751106,0.0,0.0
113552578,50,aco,aco,71.04671365897424,71.04671365897424,0.0,0.0
50403542,50,aco,aco,34.44673282078069,34.44673282078069,0.0,0.0
19237917,50,ga,ga,32.032051689532594,32.032051689532594,0.0,0.0
65313177,50,ga,ga,54.258845152154734,54.258845152154734,0.0,0.0
23436550,50,aco,aco,18.885853863128023,18.885853863128023,0.0,0.0
13613145,50,aco,aco,10.01123625364758,10.01123625364758,0.0,0.0
545672695,50,sa,sa,228.70893369479995,228.70893369479995,0.0,0.0
29380458,50,ga,ga,657.1325742988475,657.1325742988475,0.0,0.0
77440345,50,aco,aco,128.93840500959146,128.93840500959146,0.0,0.0
64864392,50,ga,ga,35.69697990455352,35.69697990455352,0.0,0.0
70219893,50,aco,aco,12.976923176292807,12.976923176292807,0.0,0.0
138435213,50,aco,aco,16.27454899567682,16.27454899567682,0.0,0.0
82935468,50,ga,ga,22.065687335535934,22.065687335535934,0.0,0.0
145097177,50,aco,aco,14.891964150197918,14.891964150197918,0.0,0.0
150313056,50,aco,aco,76.50344348576783,76.50344348576783,0.0,0.0
28243536,50,aco,aco,18.944434556517024,18.944434556517024,0.0,0.0
38834862,50,aco,aco,43.17454056102933,43.17454056102933,0.0,0.0
7938508,50,aco,aco,49.53953253725421,49.53953253725421,0.0,0.0
36900100,50,aco,aco,115.2533151058901,115.2533151058901,0.0,0.0
36162098,50,ga,ga,15.430390286331669,15.430390286331669,0.0,0.0
725276452,50,sa,sa,86.69987957190267,86.69987957190267,0.0,0.0
125450367,50,aco,aco,9.171415470547906,9.171415470547906,0.0,0.0
31195544,50,ga,ga,63.88730650242091,63.88730650242091,0.0,0.0
88360780,50,sa,sa,121.052346816924,121.052346816924,0.0,0.0
38645375,50,ga,ga,29.065100262581527,29.065100262581527,0.0,0.0
18858943,50,aco,aco,46.65514020473845,46.65514020473845,0.0,0.0
35104960,50,ga,ga,6.559991215524067,6.559991215524067,0.0,0.0
110829949,50,ga,ga,14.61662357524492,14.61662357524492,0.0,0.0
140409867,50,aco,aco,92.23676335120844,92.23676335120844,0.0,0.0
36192017,50,ga,ga,51.09990125014447,51.09990125014447,0.0,0.0
89318188,50,ga,ga,41.38365714116233,41.38365714116233,0.0,0.0
149844325,50,aco,aco,11.599017469332352,11.599017469332352,0.0,0.0
28363212,50,ga,ga,21.090089733693663,21.090089733693663,0.0,0.0
512412740,50,sa,sa,43.08724223193125,43.08724223193125,0.0,0.0
21362166,50,ga,aco,20.90755582411036,80.93815058935974,60.030594765249376,2.8712392433754865
172313494,50,aco,aco,39.63724197904585,39.63724197904585,0.0,0.0
131214761,50,ga,ga,25.96919442080832,25.96919442080832,0.0,0.0
14071903,50,aco,aco,79.62122339957813,79.62122339957813,0.0,0.0
155818152,50,aco,aco,29.41625689654741,29.41625689654741,0.0,0.0
120244461,50,ga,ga,38.46754410766721,38.46754410766721,0.0,0.0
168593565,50,ga,ga,36.94788423623709,36.94788423623709,0.0,0.0
150432732,50,aco,aco,31.471891412207395,31.471891412207395,0.0,0.0
158800079,50,aco,aco,86.11215337035335,86.11215337035335,0.0,0.0
81968087,50,aco,aco,63.67302987066243,63.67302987066243,0.0,0.0
651655766,50,sa,sa,156.14518361392263,156.14518361392263,0.0,0.0
192618522,50,aco,aco,43.896762420765086,43.896762420765086,0.0,0.0
81938168,50,sa,sa,49.632491672276124,49.632491672276124,0.0,0.0
181179491,50,ga,ga,39.43908260310287,39.43908260310287,0.0,0.0
34686094,50,ga,ga,173.02641079831363,173.02641079831363,0.0,0.0
5136095,50,ga,ga,14.35830591747238,14.35830591747238,0.0,0.0
137996401,50,aco,aco,68.57829858380775,68.57829858380775,0.0,0.0
73800200,50,aco,ga,28.991670245876318,40.515180123771,11.523509877894686,0.39747657793306174
100458029,50,aco,aco,34.174019468274714,34.174019468274714,0.0,0.0
188370024,50,aco,aco,24.48279191600078,24.48279191600078,0.0,0.0
189995623,50,aco,aco,67.54135132540756,67.54135132540756,0.0,0.0
100896841,50,ga,ga,10.617594350207447,10.617594350207447,0.0,0.0
109114593,50,ga,ga,25.509600874091017,25.509600874091017,0.0,0.0
120892706,50,aco,aco,26.29489504264644,26.29489504264644,0.0,0.0
165392232,50,aco,aco,68.80360139841142,68.80360139841142,0.0,0.0
103429983,50,ga,ga,59.57374440701359,59.57374440701359,0.0,0.0
128841187,50,aco,aco,8.201848147797552,8.201848147797552,0.0,0.0
112635062,50,aco,aco,19.300891898874404,19.300891898874404,0.0,0.0
103609497,50,aco,aco,48.67729504535411,48.67729504535411,0.0,0.0
193855174,50,ga,ga,26.758821409703152,26.758821409703152,0.0,0.0
170438570,50,ga,ga,116.07740741836824,116.07740741836824,0.0,0.0
67836346,50,aco,aco,40.61912400971725,40.61912400971725,0.0,0.0
58591375,50,ga,ga,63.71534401984924,63.71534401984924,0.0,0.0
61264139,50,ga,ga,65.94811797055344,65.94811797055344,0.0,0.0
33928146,50,aco,aco,48.222501080215366,48.222501080215366,0.0,0.0
137138723,50,aco,aco,12.98874142223897,12.98874142223897,0.0,0.0
11718275,50,aco,aco,14.38002485398508,14.38002485398508,0.0,0.0
45636448,50,aco,aco,42.45588208493069,42.45588208493069,0.0,0.0
56227774,50,ga,ga,81.1547408507684,81.1547408507684,0.0,0.0
122737711,50,aco,aco,50.51139568398819,50.51139568398819,0.0,0.0
330714653,50,sa,sa,96.2938493036216,96.2938493036216,0.0,0.0
98712754,50,ga,ga,55.67007824386059,55.67007824386059,0.0,0.0
154382040,50,ga,ga,42.07095789444124,42.07095789444124,0.0,0.0
45257474,50,aco,aco,23.94088667096856,23.94088667096856,0.0,0.0
193705579,50,ga,ga,10.543097271455997,10.543097271455997,0.0,0.0
142823333,50,aco,aco,25.71969747303803,25.71969747303803,0.0,0.0
17921481,50,ga,ga,7.371456507396104,7.371456507396104,0.0,0.0
137188588,50,aco,aco,8.770452516413782,8.770452516413782,0.0,0.0
123984336,50,aco,aco,48.85907617686945,48.85907617686945,0.0,0.0
304046851,50,sa,sa,426.644502925587,426.644502925587,0.0,0.0
105554232,50,aco,aco,25.39890586071639,25.39890586071639,0.0,0.0
51520518,50,ga,ga,21.78069716767144,21.78069716767144,0.0,0.0
195909612,50,aco,aco,9.983972506738194,9.983972506738194,0.0,0.0
34865608,50,ga,ga,19.97320390074073,19.97320390074073,0.0,0.0
146303910,50,aco,aco,14.376560474640044,14.376560474640044,0.0,0.0
80093163,50,ga,ga,29.50843191034412,29.50843191034412,0.0,0.0
99520567,50,aco,aco,9.779888845950722,9.779888845950722,0.0,0.0
94185012,50,ga,ga,14.79654686036511,14.79654686036511,0.0,0.0
119536378,50,ga,ga,11.008750895047424,11.008750895047424,0.0,0.0
41677167,50,aco,aco,37.69918192426165,37.69918192426165,0.0,0.0
198841674,50,aco,aco,32.142768564609106,32.142768564609106,0.0,0.0
146842452,50,aco,aco,30.986091096186755,30.986091096186755,0.0,0.0
63667632,50,aco,aco,32.20959906087603,32.20959906087603,0.0,0.0
82825765,50,aco,aco,76.31597912730814,76.31597912730814,0.0,0.0
104247769,50,aco,aco,66.55769381701786,66.55769381701786,0.0,0.0
4398093,50,ga,ga,151.2371285224415,151.2371285224415,0.0,0.0
6372747,50,ga,ga,37.8964650429926,37.8964650429926,0.0,0.0
293625066,50,sa,sa,282.41283065517285,282.41283065517285,0.0,0.0
133548443,50,aco,aco,36.15300204086574,36.15300204086574,0.0,0.0
41487680,50,ga,ga,22.986634583472775,22.986634583472775,0.0,0.0
183493227,50,aco,aco,44.04244807566339,44.04244807566339,0.0,0.0
5784340,50,aco,aco,24.501295450322665,24.501295450322665,0.0,0.0
140758922,50,aco,aco,36.84343259343311,36.84343259343311,0.0,0.0
56068206,50,ga,ga,100.33394082128991,100.33394082128991,0.0,0.0
28113887,50,aco,aco,32.04398662763907,32.04398662763907,0.0,0.0
47042641,50,aco,aco,22.40321339855845,22.40321339855845,0.0,0.0
138784268,50,ga,ga,23.5807144239708,23.5807144239708,0.0,0.0
718873786,50,sa,sa,175.86569603161482,175.86569603161482,0.0,0.0
20833597,50,ga,ga,28.28015480693711,28.28015480693711,0.0,0.0
62989468,50,aco,aco,60.946557850765736,60.946557850765736,0.0,0.0
95152393,50,ga,ga,54.110321295928536,54.110321295928536,0.0,0.0
114539905,50,sa,sa,36.37697837352145,36.37697837352145,0.0,0.0
135682665,50,ga,ga,21.18209081376681,21.18209081376681,0.0,0.0
192229575,50,aco,aco,33.53212931166479,33.53212931166479,0.0,0.0
196418235,50,aco,aco,22.538711296600976,22.538711296600976,0.0,0.0
60077352,50,aco,aco,22.227732044494523,22.227732044494523,0.0,0.0
27984238,50,aco,aco,40.36814077727087,40.36814077727087,0.0,0.0
68654132,50,ga,ga,21.07545597684228,21.07545597684228,0.0,0.0
32661575,50,aco,aco,78.52110372333021,78.52110372333021,0.0,0.0
168872809,50,aco,aco,176.36684716388513,176.36684716388513,0.0,0.0
92639197,50,ga,ga,77.10780821128412,77.10780821128412,0.0,0.0
40001703,50,ga,ga,49.105593923049206,49.105593923049206,0.0,0.0
628129459,50,sa,sa,62.09145378253689,62.09145378253689,0.0,0.0
109902460,50,aco,aco,3.8099125093051054,3.8099125093051054,0.0,0.0
103360172,50,aco,aco,10.985160116530782,10.985160116530782,0.0,0.0
31474788,50,aco,aco,14.559181734989192,14.559181734989192,0.0,0.0
149415486,50,aco,aco,31.748932164101056,31.748932164101056,0.0,0.0
29250809,50,aco,aco,82.20570122686742,82.20570122686742,0.0,0.0
145855125,50,aco,aco,27.04042963949813,27.04042963949813,0.0,0.0
69152782,50,ga,ga,7.235118475945776,7.235118475945776,0.0,0.0
140689111,50,ga,ga,29.671094859731628,29.671094859731628,0.0,0.0
16914208,50,ga,ga,117.66014004968736,117.66014004968736,0.0,0.0
51400842,50,ga,ga,48.42313586942376,48.42313586942376,0.0,0.0
41557491,50,ga,ga,7.8537010452684095,7.8537010452684095,0.0,0.0
170328867,50,ga,ga,118.69542641462458,118.69542641462458,0.0,0.0
194313932,50,sa,sa,176.0132540596286,176.0132540596286,0.0,0.0
167506508,50,ga,ga,60.03186577191504,60.03186577191504,0.0,0.0
708182730,50,sa,sa,85.13676002651675,85.13676002651675,0.0,0.0
86834911,50,aco,aco,60.78745954412578,60.78745954412578,0.0,0.0
114589770,50,ga,ga,22.81587685292925,22.81587685292925,0.0,0.0
115277907,50,aco,aco,54.38533975091849,54.38533975091849,0.0,0.0
183273821,50,aco,aco,92.2170890037804,92.2170890037804,0.0,0.0
30906327,50,ga,ga,80.215993787109,80.215993787109,0.0,0.0
69751162,50,ga,ga,45.91285506257994,45.91285506257994,0.0,0.0
149176134,50,ga,ga,45.59015744490965,45.59015744490965,0.0,0.0
69631486,50,aco,aco,358.1215559953027,358.1215559953027,0.0,0.0
57903238,50,ga,ga,75.81675867513505,75.81675867513505,0.0,0.0
161672303,50,ga,sa,26.165110755447174,59.05114243505815,32.88603167961098,1.2568657548206486
185906693,50,aco,aco,16.675211955507365,16.675211955507365,0.0,0.0
157044831,50,ga,ga,44.84977673097874,44.84977673097874,0.0,0.0
141756222,50,sa,sa,204.583073716732,204.583073716732,0.0,0.0
65412907,50,ga,ga,20.616245300316947,20.616245300316947,0.0,0.0
159109242,50,aco,aco,16.47955832461709,16.47955832461709,0.0,0.0
22628737,50,aco,aco,44.34342983451611,44.34342983451611,0.0,0.0
108466348,50,ga,ga,12.598211635687353,12.598211635687353,0.0,0.0
646190562,50,sa,sa,172.07412308221012,172.07412308221012,0.0,0.0
82017952,50,ga,ga,88.50737637264578,88.50737637264578,0.0,0.0
106880641,50,ga,ga,11.47331957697384,11.47331957697384,0.0,0.0
72932549,50,aco,aco,9.658661881363724,9.658661881363724,0.0,0.0
94593905,50,aco,aco,106.89861949334782,106.89861949334782,0.0,0.0
195311232,50,aco,aco,18.269673516656752,18.269673516656752,0.0,0.0
114849068,50,aco,aco,96.33890752934218,96.33890752934218,0.0,0.0
110760138,50,aco,aco,11.89909866987128,11.89909866987128,0.0,0.0
84810392,50,ga,ga,23.530836979131635,23.530836979131635,0.0,0.0
134824987,50,aco,aco,63.91323970781861,63.91323970781861,0.0,0.0
174826690,50,ga,ga,30.11437942493115,30.11437942493115,0.0,0.0
672030605,50,sa,sa,380.06293159324616,380.06293159324616,0.0,0.0
80771327,50,ga,ga,27.18941026074654,27.18941026074654,0.0,0.0
29141106,50,aco,aco,30.468378269785603,30.468378269785603,0.0,0.0
65402934,50,ga,ga,79.50486838123251,79.50486838123251,0.0,0.0
62281385,50,ga,ga,49.8734574486141,49.8734574486141,0.0,0.0
88500402,50,aco,aco,72.46194839912293,72.46194839912293,0.0,0.0
42036195,50,aco,aco,49.27532104060632,49.27532104060632,0.0,0.0
35463988,50,ga,ga,16.006856935662803,16.006856935662803,0.0,0.0
151799033,50,aco,aco,65.08241815292502,65.08241815292502,0.0,0.0
725695318,50,sa,sa,81.61648304374333,81.61648304374333,0.0,0.0
177818590,50,aco,aco,9.959083282188166,9.959083282188166,0.0,0.0
81808519,50,aco,aco,65.3275282561273,65.3275282561273,0.0,0.0
87134101,50,aco,aco,6.651303567571532,6.651303567571532,0.0,0.0
160136461,50,aco,aco,25.711967980141168,25.711967980141168,0.0,0.0
87523048,50,ga,ga,25.6890692923612,25.6890692923612,0.0,0.0
623282581,50,sa,sa,254.0078622940262,254.0078622940262,0.0,0.0
186724479,50,aco,aco,25.8863415401588,25.8863415401588,0.0,0.0
20753813,50,ga,ga,6.571763430112316,6.571763430112316,0.0,0.0
198063780,50,ga,ga,43.144634802418096,43.144634802418096,0.0,0.0
67128263,50,ga,ga,92.32342165266677,92.32342165266677,0.0,0.0
57663886,50,aco,aco,68.42449049132901,68.42449049132901,0.0,0.0
50184136,50,ga,ga,75.69505641612906,75.69505641612906,0.0,0.0
13443604,50,aco,aco,13.294548619303225,13.294548619303225,0.0,0.0
94344580,50,aco,aco,19.923332592151446,19.923332592151446,0.0,0.0
80013379,50,ga,ga,13.061831330168136,13.061831330168136,0.0,0.0
144159715,50,aco,aco,107.36529121732556,107.36529121732556,0.0,0.0
14829851,50,aco,aco,45.02148034613541,45.02148034613541,0.0,0.0
191172437,50,ga,ga,40.266481212837135,40.266481212837135,0.0,0.0
52059060,50,aco,aco,28.89580221031332,28.89580221031332,0.0,0.0
131693465,50,aco,aco,4.657294958193313,4.657294958193313,0.0,0.0
35922746,50,aco,aco,25.13013679616964,25.13013679616964,0.0,0.0
192439008,50,aco,aco,11.608052647391684,11.608052647391684,0.0,0.0
93038117,50,aco,aco,43.81418260842675,43.81418260842675,0.0,0.0
91003625,50,ga,ga,19.062360506697075,19.062360506697075,0.0,0.0
193047361,50,aco,aco,7.152869539140362,7.152869539140362,0.0,0.0
481895360,50,sa,sa,154.9651022626014,154.9651022626014,0.0,0.0
20015811,50,ga,ga,112.31542941119942,112.31542941119942,0.0,0.0
150682057,50,aco,aco,12.219662271011726,12.219662271011726,0.0,0.0
79474837,50,aco,aco,20.78229907319345,20.78229907319345,0.0,0.0
55100825,50,aco,aco,16.000686760175412,16.000686760175412,0.0,0.0
45397096,50,ga,ga,9.350422681736966,9.350422681736966,0.0,0.0
116095693,50,aco,aco,51.90283444060045,51.90283444060045,0.0,0.0
164644257,50,ga,ga,51.03876829824566,51.03876829824566,0.0,0.0
74189147,50,aco,aco,133.4603149239197,133.4603149239197,0.0,0.0
103928633,50,aco,aco,26.966023722721044,26.966023722721044,0.0,0.0
114350418,50,aco,aco,4.6992461714784834,4.6992461714784834,0.0,0.0
13254117,50,aco,aco,52.07788442734783,52.07788442734783,0.0,0.0
145645692,50,ga,ga,117.790061434687,117.790061434687,0.0,0.0
162470143,50,ga,ga,26.106816195242438,26.106816195242438,0.0,0.0
156276910,50,aco,aco,131.27773937390873,131.27773937390873,0.0,0.0
66679478,50,aco,aco,11.526364686661942,11.526364686661942,0.0,0.0
180411570,50,aco,aco,34.86193137941859,34.86193137941859,0.0,0.0
171665249,50,aco,aco,62.8354730746293,62.8354730746293,0.0,0.0
11688356,50,aco,aco,36.84980671187972,36.84980671187972,0.0,0.0
180730706,50,aco,aco,59.57282492514408,59.57282492514408,0.0,0.0
648344730,50,sa,sa,329.6814361314445,329.6814361314445,0.0,0.0
161941574,50,ga,ga,22.48606678111156,22.48606678111156,0.0,0.0
584707017,50,sa,sa,127.48618129420365,127.48618129420365,0.0,0.0
40121379,50,ga,ga,69.67385137112967,69.67385137112967,0.0,0.0
56078179,50,aco,aco,23.07737996683153,23.07737996683153,0.0,0.0
24603391,50,ga,ga,52.368198561801286,52.368198561801286,0.0,0.0
614346773,50,sa,sa,55.00148721751404,55.00148721751404,0.0,0.0
21192625,50,aco,aco,18.003782842234116,18.003782842234116,0.0,0.0
29021430,50,aco,aco,31.99029843967152,31.99029843967152,0.0,0.0
114839095,50,aco,aco,31.98025971423351,31.98025971423351,0.0,0.0
5554961,50,aco,aco,14.98147659417002,14.98147659417002,0.0,0.0
106691154,50,ga,ga,64.59242899846778,64.59242899846778,0.0,0.0
93217631,50,aco,aco,4.740353122478341,4.740353122478341,0.0,0.0
178217510,50,aco,aco,20.84976691975664,20.84976691975664,0.0,0.0
134057066,50,aco,aco,9.076629818057508,9.076629818057508,0.0,0.0
159099269,50,ga,ga,74.73350969407883,74.73350969407883,0.0,0.0
58212401,50,aco,aco,76.32825922688059,76.32825922688059,0.0,0.0
42006276,50,aco,aco,16.277683832799365,16.277683832799365,0.0,0.0
71336869,50,ga,ga,53.32037114981361,53.32037114981361,0.0,0.0
54592202,50,ga,ga,77.60543334001355,77.60543334001355,0.0,0.0
165511908,50,ga,ga,8.968188935857413,8.968188935857413,0.0,0.0
43522172,50,aco,aco,44.33620364102308,44.33620364102308,0.0,0.0
21960546,50,aco,aco,25.56213375231865,25.56213375231865,0.0,0.0
145895017,50,aco,aco,33.56778262366759,33.56778262366759,0.0,0.0
142663765,50,ga,ga,56.11202823486541,56.11202823486541,0.0,0.0
133199388,50,ga,ga,41.18984909234849,41.18984909234849,0.0,0.0
65831773,50,aco,aco,27.92064998776545,27.92064998776545,0.0,0.0
32063195,50,aco,aco,12.836861066927296,12.836861066927296,0.0,0.0
166130234,50,aco,aco,13.701839910325443,13.701839910325443,0.0,0.0
70209920,50,ga,ga,16.12299339168592,16.12299339168592,0.0,0.0
165691422,50,aco,aco,29.807228517190996,29.807228517190996,0.0,0.0
162280656,50,ga,ga,53.19002232700981,53.19002232700981,0.0,0.0
57753643,50,aco,aco,15.458244914132331,15.458244914132331,0.0,0.0
194373770,50,sa,sa,86.91379524634971,86.91379524634971,0.0,0.0
126986209,50,ga,ga,55.98995258961816,55.98995258961816,0.0,0.0
133847633,50,aco,aco,12.85586798055493,12.85586798055493,0.0,0.0
147151615,50,ga,ga,12.047406444586985,12.047406444586985,0.0,0.0
128043347,50,ga,ga,40.43547619677838,40.43547619677838,0.0,0.0
140729003,50,aco,aco,63.28986202439324,63.28986202439324,0.0,0.0
312683469,50,sa,sa,148.5019619531555,148.5019619531555,0.0,0.0
7011019,50,ga,ga,51.01823305882812,51.01823305882812,0.0,0.0
89996352,50,aco,aco,42.14862819899335,42.14862819899335,0.0,0.0
332978524,50,sa,sa,417.6812361006698,417.6812361006698,0.0,0.0
107159885,50,aco,aco,54.273599494579926,54.273599494579926,0.0,0.0
55609448,50,aco,aco,74.03368106168375,74.03368106168375,0.0,0.0
83932768,50,aco,aco,71.3729689848972,71.3729689848972,0.0,0.0
191401816,50,aco,aco,10.333794417211436,10.333794417211436,0.0,0.0
190733625,50,aco,aco,18.69963810712608,18.69963810712608,0.0,0.0
165801125,50,ga,ga,9.694543208545385,9.694543208545385,0.0,0.0
67347669,50,aco,aco,38.44192482491661,38.44192482491661,0.0,0.0
145595827,50,aco,aco,38.45022060338406,38.45022060338406,0.0,0.0
136251126,50,aco,aco,86.64124283908895,86.64124283908895,0.0,0.0
166938047,50,aco,aco,72.65159635164046,72.65159635164046,0.0,0.0
90544867,50,aco,aco,52.09484142731723,52.09484142731723,0.0,0.0
130207488,50,ga,ga,16.198972643924343,16.198972643924343,0.0,0.0
82197466,50,ga,sa,159.70740202229234,530.4856117716341,370.7782097493418,2.321609424825455
85558367,50,aco,aco,15.649051396860578,15.649051396860578,0.0,0.0
139133323,50,aco,aco,64.44826660888077,64.44826660888077,0.0,0.0
176073315,50,ga,ga,43.58559252208808,43.58559252208808,0.0,0.0
105614070,50,aco,aco,76.82072442696577,76.82072442696577,0.0,0.0
194523365,50,ga,ga,23.553992817028057,23.553992817028057,0.0,0.0
8626645,50,ga,ga,54.95487064240477,54.95487064240477,0.0,0.0
106092774,50,ga,ga,8.460738481861862,8.460738481861862,0.0,0.0
57474399,50,ga,ga,45.42565015959434,45.42565015959434,0.0,0.0
184360878,50,aco,aco,8.557229392397046,8.557229392397046,0.0,0.0
49376323,50,ga,ga,38.17020124842889,38.17020124842889,0.0,0.0
60416434,50,ga,ga,36.61833057506087,36.61833057506087,0.0,0.0
28034103,50,aco,aco,29.91798210082096,29.91798210082096,0.0,0.0
179992704,50,aco,aco,14.356289085729076,14.356289085729076,0.0,0.0
138036293,50,ga,ga,72.03789915814008,72.03789915814008,0.0,0.0
212913577,50,sa,sa,150.38179909621945,150.38179909621945,0.0,0.0
136869452,50,aco,aco,11.230609852937016,11.230609852937016,0.0,0.0
190923112,50,aco,aco,43.32699615688772,43.32699615688772,0.0,0.0
70419353,50,ga,ga,28.68147420771195,28.68147420771195,0.0,0.0
54073606,50,aco,aco,96.77308465481936,96.77308465481936,0.0,0.0
154222472,50,ga,ga,11.647896284491514,11.647896284491514,0.0,0.0
140539516,50,aco,aco,26.305794175410497,26.305794175410497,0.0,0.0
94683662,50,aco,aco,67.99424286362122,67.99424286362122,0.0,0.0
85987206,50,aco,aco,18.620261918606403,18.620261918606403,0.0,0.0
605710155,50,sa,sa,56.18182204256591,56.18182204256591,0.0,0.0
31055922,50,aco,aco,77.76733035137934,77.76733035137934,0.0,0.0
117691373,50,aco,aco,20.39473717176105,20.39473717176105,0.0,0.0
109812703,50,aco,aco,10.13352078442094,10.13352078442094,0.0,0.0
87513075,50,ga,ga,154.04778183990342,154.04778183990342,0.0,0.0
373199633,50,sa,sa,160.1866621321816,160.1866621321816,0.0,0.0
92529494,50,ga,ga,30.421055299090096,30.421055299090096,0.0,0.0
12187006,50,ga,ga,21.85319831337464,21.85319831337464,0.0,0.0
32741359,50,aco,aco,44.32601546627282,44.32601546627282,0.0,0.0
157802779,50,ga,ga,26.23898414079545,26.23898414079545,0.0,0.0
140080758,50,ga,ga,27.317593759511627,27.317593759511627,0.0,0.0
25820097,50,aco,aco,25.75172821788272,25.75172821788272,0.0,0.0
90714408,50,ga,ga,33.27649287427513,33.27649287427513,0.0,0.0
129160323,50,aco,aco,82.37300432276243,82.37300432276243,0.0,0.0
46075260,50,aco,aco,47.60482825692305,47.60482825692305,0.0,0.0
47641021,50,aco,aco,24.02388763821012,24.02388763821012,0.0,0.0
618326,50,ga,ga,7172.505340404427,7172.505340404427,0.0,0.0
446521129,50,sa,sa,82.72678384155228,82.72678384155228,0.0,0.0
92010898,50,aco,aco,52.135541529585474,52.135541529585474,0.0,0.0
198502592,50,aco,aco,55.36617935096437,55.36617935096437,0.0,0.0
116195423,50,ga,ga,54.901312394442215,54.901312394442215,0.0,0.0
114470094,50,aco,aco,12.356964685130038,12.356964685130038,0.0,0.0
49176863,50,ga,ga,20.66780789425666,20.66780789425666,0.0,0.0
171794898,50,aco,aco,22.87091554398038,22.87091554398038,0.0,0.0
369529569,50,sa,sa,391.6886630007908,391.6886630007908,0.0,0.0
197545184,50,ga,ga,64.56441312194663,64.56441312194663,0.0,0.0
34985284,50,ga,ga,14.368127600044858,14.368127600044858,0.0,0.0
184440662,50,aco,aco,28.05670167462336,28.05670167462336,0.0,0.0
115985990,50,aco,aco,6.827960452018206,6.827960452018206,0.0,0.0
673227365,50,sa,sa,40.78294652186748,40.78294652186748,0.0,0.0
66370315,50,aco,aco,39.03805802347218,39.03805802347218,0.0,0.0
187382697,50,sa,sa,176.75138768416653,176.75138768416653,0.0,0.0
77310696,50,ga,ga,36.12359565460529,36.12359565460529,0.0,0.0
72284304,50,aco,aco,9.567097644478748,9.567097644478748,0.0,0.0
54243147,50,sa,sa,52.51932357825541,52.51932357825541,0.0,0.0
49456107,50,aco,aco,41.02153543882682,41.02153543882682,0.0,0.0
56317531,50,aco,aco,8.868515477970657,8.868515477970657,0.0,0.0
181987304,50,aco,aco,95.0054988303768,95.0054988303768,0.0,0.0
182356305,50,aco,aco,24.158264038638595,24.158264038638595,0.0,0.0
187821509,50,aco,aco,20.468101227259748,20.468101227259748,0.0,0.0
10551434,50,ga,sa,111.67091493103604,1589.0832744816405,1477.4123595506044,13.230055117422486
176252829,50,aco,aco,18.523358037206105,18.523358037206105,0.0,0.0
27724940,50,ga,ga,36.846059404537456,36.846059404537456,0.0,0.0
159418405,50,aco,aco,11.971275797162434,11.971275797162434,0.0,0.0
19357593,50,aco,aco,26.98261799832996,26.98261799832996,0.0,0.0
102133493,50,ga,ga,58.23522200555677,58.23522200555677,0.0,0.0
91422491,50,aco,aco,23.88609717193013,23.88609717193013,0.0,0.0
32202817,50,ga,ga,27.00689508104185,27.00689508104185,0.0,0.0
37638102,50,aco,aco,47.18574299349019,47.18574299349019,0.0,0.0
75216366,50,aco,aco,41.664434876406446,41.664434876406446,0.0,0.0
173919147,50,aco,aco,58.14827849012412,58.14827849012412,0.0,0.0
78726862,50,aco,aco,38.004725838809165,38.004725838809165,0.0,0.0
25770232,50,aco,aco,4.940460340045735,4.940460340045735,0.0,0.0
43751551,50,ga,ga,8.90691362245615,8.90691362245615,0.0,0.0
122877333,50,ga,ga,47.65600665581195,47.65600665581195,0.0,0.0
159777433,50,aco,aco,37.001211397936416,37.001211397936416,0.0,0.0
33309820,50,ga,ga,17.99368623633325,17.99368623633325,0.0,0.0
87193939,50,aco,aco,94.52650392908978,94.52650392908978,0.0,0.0
16944127,50,ga,ga,19.261339184498183,19.261339184498183,0.0,0.0
94294715,50,sa,sa,227.4261318985036,227.4261318985036,0.0,0.0
219406,50,sa,sa,761.7843294115403,761.7843294115403,0.0,0.0
188040915,50,aco,aco,6.894089741155433,6.894089741155433,0.0,0.0
5844178,50,aco,aco,26.19902115437608,26.19902115437608,0.0,0.0
104766365,50,aco,aco,7.525083140292708,7.525083140292708,0.0,0.0
117142858,50,aco,aco,39.9790702071433,39.9790702071433,0.0,0.0
132860306,50,ga,ga,11.454268239369696,11.454268239369696,0.0,0.0
176611857,50,aco,aco,14.330809854341725,14.330809854341725,0.0,0.0
99061809,50,ga,ga,63.311651805627946,63.311651805627946,0.0,0.0
67098344,50,ga,ga,16.840234732311895,16.840234732311895,0.0,0.0
527292456,50,sa,sa,272.34759671510227,272.34759671510227,0.0,0.0
33918173,50,ga,ga,38.91272338805612,38.91272338805612,0.0,0.0
95571259,50,ga,ga,38.90197072552458,38.90197072552458,0.0,0.0
57364696,50,aco,aco,100.38728512884316,100.38728512884316,0.0,0.0
514925936,50,sa,sa,124.0462036923214,124.0462036923214,0.0,0.0
167047750,50,aco,aco,24.95994811776205,24.95994811776205,0.0,0.0
42814089,50,ga,ga,7.307176307652015,7.307176307652015,0.0,0.0
138325510,50,ga,ga,9.265004406856724,9.265004406856724,0.0,0.0
937462,50,sa,sa,200.877876228656,200.877876228656,0.0,0.0
68095644,50,aco,aco,30.027153098469796,30.027153098469796,0.0,0.0
63428280,50,aco,aco,39.8660486879896,39.8660486879896,0.0,0.0
32821143,50,aco,aco,134.20299177633905,134.20299177633905,0.0,0.0
122099439,50,aco,aco,75.59303526900209,75.59303526900209,0.0,0.0
31006057,50,ga,ga,51.83944847323185,51.83944847323185,0.0,0.0
187911266,50,ga,ga,7.239531865918483,7.239531865918483,0.0,0.0
72174601,50,ga,ga,142.80905347664378,142.80905347664378,0.0,0.0
38874754,50,ga,ga,6.084975324022837,6.084975324022837,0.0,0.0
117890833,50,aco,aco,74.26345335890367,74.26345335890367,0.0,0.0
162968793,50,ga,ga,31.8295596786975,31.8295596786975,0.0,0.0
49954757,50,ga,ga,26.193904743415583,26.193904743415583,0.0,0.0
68325023,50,ga,ga,34.94553125486436,34.94553125486436,0.0,0.0
250810977,50,sa,sa,56.64520412121887,56.64520412121887,0.0,0.0
73620686,50,sa,sa,192.3272722764087,192.3272722764087,0.0,0.0
78617159,50,aco,aco,53.36843985525124,53.36843985525124,0.0,0.0
101365572,50,aco,aco,8.831711207123869,8.831711207123869,0.0,0.0
29460242,50,aco,aco,49.461025944974935,49.461025944974935,0.0,0.0
113692200,50,ga,ga,55.22703696123161,55.22703696123161,0.0,0.0
150183407,50,aco,aco,25.35043206410684,25.35043206410684,0.0,0.0
185936612,50,sa,ga,88.80566639932694,91.06013210424072,2.254465704913784,0.025386507374160875
52896792,50,aco,aco,45.17983051632877,45.17983051632877,0.0,0.0
36082314,50,ga,ga,135.66133231033916,135.66133231033916,0.0,0.0
62700251,50,aco,ga,23.296919290825887,27.18736786880648,3.8904485779805924,0.16699412181560913
171874682,50,aco,aco,114.8511549039711,114.8511549039711,0.0,0.0
155868017,50,ga,ga,79.349289944563,79.349289944563,0.0,0.0
161063950,50,ga,ga,36.90251807542398,36.90251807542398,0.0,0.0
71446572,50,aco,aco,36.26944306157409,36.26944306157409,0.0,0.0
3350928,50,aco,aco,51.60757200565885,51.60757200565885,0.0,0.0
98244023,50,aco,aco,140.32403769810713,140.32403769810713,0.0,0.0
96079882,50,ga,ga,31.3566511187938,31.3566511187938,0.0,0.0
49944784,50,ga,ga,16.42674739257606,16.42674739257606,0.0,0.0
194633068,50,aco,aco,55.24953583123212,55.24953583123212,0.0,0.0
175794071,50,aco,aco,12.160744221971132,12.160744221971132,0.0,0.0
190095353,50,aco,aco,13.82191511166948,13.82191511166948,0.0,0.0
31684221,50,aco,aco,16.693863502533027,16.693863502533027,0.0,0.0
183942012,50,aco,aco,6.283447520981079,6.283447520981079,0.0,0.0
39163971,50,aco,aco,37.52513690846855,37.52513690846855,0.0,0.0
113801903,50,ga,ga,41.862033052590014,41.862033052590014,0.0,0.0
86166720,50,sa,sa,103.75908460770384,103.75908460770384,0.0,0.0
134914744,50,aco,aco,263.2279828584552,263.2279828584552,0.0,0.0
51470653,50,aco,aco,68.99748225340846,68.99748225340846,0.0,0.0
131294545,50,aco,aco,59.39547975878735,59.39547975878735,0.0,0.0
7170587,50,ga,ga,29.44808077921504,29.44808077921504,0.0,0.0
115337745,50,aco,aco,7.428633293342969,7.428633293342969,0.0,0.0
167785752,50,aco,aco,9.894475955366149,9.894475955366149,0.0,0.0
634212989,50,sa,sa,102.35744204886988,102.35744204886988,0.0,0.0
521827252,50,sa,sa,261.2516113310702,261.2516113310702,0.0,0.0
129898325,50,aco,aco,67.41405602699788,67.41405602699788,0.0,0.0
645332884,50,sa,sa,54.35882049734559,54.35882049734559,0.0,0.0
114739365,50,ga,ga,96.75826607106322,96.75826607106322,0.0,0.0
100148866,50,ga,ga,93.24183462865834,93.24183462865834,0.0,0.0
173609984,50,aco,aco,55.16717886509768,55.16717886509768,0.0,0.0
94833257,50,ga,ga,96.31003084989948,96.31003084989948,0.0,0.0
53664713,50,ga,ga,45.336593346525255,45.336593346525255,0.0,0.0
54582229,50,aco,aco,29.330884700409094,29.330884700409094,0.0,0.0
115008636,50,aco,aco,67.53685507910032,67.53685507910032,0.0,0.0
104726473,50,aco,aco,44.6463331598689,44.6463331598689,0.0,0.0
64704824,50,aco,aco,28.778043674225152,28.778043674225152,0.0,0.0
108356645,50,aco,aco,9.921714615370604,9.921714615370604,0.0,0.0
42624602,50,aco,aco,33.79365592566948,33.79365592566948,0.0,0.0
95361826,50,aco,aco,27.512433432947663,27.512433432947663,0.0,0.0
147101750,50,aco,aco,28.385552652696653,28.385552652696653,0.0,0.0
84979933,50,ga,ga,35.17205735827617,35.17205735827617,0.0,0.0
4138795,50,aco,aco,23.649468860569858,23.649468860569858,0.0,0.0
594001853,50,sa,sa,239.28719772315796,239.28719772315796,0.0,0.0
113851768,50,aco,aco,14.95163041195974,14.95163041195974,0.0,0.0
51859600,50,aco,aco,13.974410504648112,13.974410504648112,0.0,0.0
68384861,50,aco,aco,40.250103216515456,40.250103216515456,0.0,0.0
122937171,50,aco,aco,5.645891657011801,5.645891657011801,0.0,0.0
122538251,50,aco,aco,31.346125593571244,31.346125593571244,0.0,0.0
140290191,50,ga,ga,7.837450542661934,7.837450542661934,0.0,0.0
78278077,50,aco,aco,33.92885244234284,33.92885244234284,0.0,0.0
95292015,50,ga,ga,13.42471957344758,13.42471957344758,0.0,0.0
54093552,50,ga,ga,44.768438924422014,44.768438924422014,0.0,0.0
117112939,50,aco,aco,3.655678723333944,3.655678723333944,0.0,0.0
576748563,50,sa,sa,130.06669228506985,130.06669228506985,0.0,0.0
138854079,50,aco,aco,23.200593490210057,23.200593490210057,0.0,0.0
573098445,50,sa,sa,139.28464142236007,139.28464142236007,0.0,0.0
53305685,50,sa,sa,213.9130376006856,213.9130376006856,0.0,0.0
4587580,50,ga,ga,16.566018758525082,16.566018758525082,0.0,0.0
24992338,50,ga,ga,71.89334429078255,71.89334429078255,0.0,0.0
533864663,50,sa,sa,148.50777630772558,148.50777630772558,0.0,0.0
124542824,50,aco,aco,17.06892465669867,17.06892465669867,0.0,0.0
145017393,50,ga,ga,32.06538599143328,32.06538599143328,0.0,0.0
48997349,50,ga,ga,25.266333217480533,25.266333217480533,0.0,0.0
16076476,50,ga,ga,34.52080312147313,34.52080312147313,0.0,0.0
10122595,50,ga,ga,66.29994482213766,66.29994482213766,0.0,0.0
13802632,50,ga,ga,68.4533541441121,68.4533541441121,0.0,0.0
160874463,50,ga,ga,24.064924613903347,24.064924613903347,0.0,0.0
27545426,50,aco,aco,34.4105181328828,34.4105181328828,0.0,0.0
105125393,50,aco,aco,45.20952552853328,45.20952552853328,0.0,0.0
52946657,50,aco,aco,11.837717237923766,11.837717237923766,0.0,0.0
91841357,50,sa,sa,28.116003492951936,28.116003492951936,0.0,0.0
157164507,50,aco,aco,20.3397566001192,20.3397566001192,0.0,0.0
149664811,50,ga,ga,41.79711891943812,41.79711891943812,0.0,0.0
33489334,50,aco,aco,6.950940268919369,6.950940268919369,0.0,0.0
98224077,50,sa,sa,33.26625071447236,33.26625071447236,0.0,0.0
544436043,50,sa,sa,27.014452616683077,27.014452616683077,0.0,0.0
39931892,50,aco,aco,42.08788775652542,42.08788775652542,0.0,0.0
31863735,50,aco,aco,6.6636994632646855,6.6636994632646855,0.0,0.0
60785435,50,aco,aco,44.08050793341282,44.08050793341282,0.0,0.0
459685489,50,sa,sa,138.65628994876317,138.65628994876317,0.0,0.0
85668070,50,aco,aco,9.999379616811016,9.999379616811016,0.0,0.0
4517769,50,aco,aco,22.432275268807604,22.432275268807604,0.0,0.0
118110239,50,ga,ga,72.66994197533796,72.66994197533796,0.0,0.0
638481433,50,sa,sa,31.199409596861884,31.199409596861884,0.0,0.0
35753205,50,ga,ga,13.755653614713848,13.755653614713848,0.0,0.0
197864320,50,aco,aco,39.4740345011796,39.4740345011796,0.0,0.0
21731167,50,sa,sa,44.05365490834882,44.05365490834882,0.0,0.0
95272069,50,aco,aco,17.665771348553317,17.665771348553317,0.0,0.0
686581212,50,sa,sa,234.51777672443865,234.51777672443865,0.0,0.0
469030190,50,sa,sa,85.74215148382505,85.74215148382505,0.0,0.0
89936514,50,aco,aco,37.325277576204776,37.325277576204776,0.0,0.0
36261828,50,aco,aco,13.363818270135132,13.363818270135132,0.0,0.0
58411861,50,sa,sa,47.10608755193084,47.10608755193084,0.0,0.0
28333293,50,aco,aco,16.66985095575683,16.66985095575683,0.0,0.0
121770330,50,aco,aco,56.95878779221256,56.95878779221256,0.0,0.0
136091558,50,ga,ga,15.882552659699211,15.882552659699211,0.0,0.0
162300602,50,aco,aco,52.988734517882826,52.988734517882826,0.0,0.0
35992557,50,aco,aco,109.93165984736558,109.93165984736558,0.0,0.0
126816668,50,aco,aco,84.5217144352713,84.5217144352713,0.0,0.0
149385567,50,aco,aco,26.476455931176968,26.476455931176968,0.0,0.0
183662768,50,aco,aco,124.17221085084188,124.17221085084188,0.0,0.0
417808862,50,sa,sa,42.58776841770303,42.58776841770303,0.0,0.0
24762959,50,aco,aco,87.18363657484002,87.18363657484002,0.0,0.0
94544040,50,ga,ga,25.75811604586631,25.75811604586631,0.0,0.0
178247429,50,aco,aco,24.51594673956805,24.51594673956805,0.0,0.0
112445575,50,ga,ga,20.501236997383096,20.501236997383096,0.0,0.0
3330982,50,aco,aco,38.03589784339728,38.03589784339728,0.0,0.0
24174552,50,aco,aco,87.14558234244876,87.14558234244876,0.0,0.0
82885603,50,ga,ga,89.24319717011753,89.24319717011753,0.0,0.0
186784317,50,ga,ga,5.808807821225423,5.808807821225423,0.0,0.0
145984774,50,ga,ga,11.277057146982273,11.277057146982273,0.0,0.0
109712973,50,aco,aco,48.07209849411798,48.07209849411798,0.0,0.0
24483715,50,ga,ga,20.74199466792631,20.74199466792631,0.0,0.0
131045220,50,ga,ga,9.897029986075854,9.897029986075854,0.0,0.0
120054974,50,sa,sa,320.0671893781349,320.0671893781349,0.0,0.0
450869357,50,sa,sa,95.68895180044244,95.68895180044244,0.0,0.0
13922308,50,aco,aco,17.115014555945844,17.115014555945844,0.0,0.0
86655397,50,ga,ga,23.181365873963934,23.181365873963934,0.0,0.0
79335215,50,ga,ga,51.616505322273085,51.616505322273085,0.0,0.0
109004890,50,aco,aco,62.06595418826633,62.06595418826633,0.0,0.0
198083726,50,aco,aco,10.380490222681455,10.380490222681455,0.0,0.0
29659702,50,ga,ga,51.24564975047378,51.24564975047378,0.0,0.0
62560629,50,aco,aco,42.61813230207451,42.61813230207451,0.0,0.0
32771278,50,ga,ga,10.38291867806238,10.38291867806238,0.0,0.0
91532194,50,aco,aco,12.64775253369974,12.64775253369974,0.0,0.0
174178445,50,ga,ga,21.642648199936332,21.642648199936332,0.0,0.0
130736057,50,aco,aco,25.106862426880355,25.106862426880355,0.0,0.0
669836545,50,sa,sa,201.3158378978692,201.3158378978692,0.0,0.0
8716402,50,aco,aco,27.19674955442216,27.19674955442216,0.0,0.0
197076453,50,ga,ga,82.62575293888904,82.62575293888904,0.0,0.0
101993871,50,aco,aco,11.1642011873338,11.1642011873338,0.0,0.0
102881468,50,aco,aco,14.764788893237425,14.764788893237425,0.0,0.0
54552310,50,aco,aco,8.846002596998698,8.846002596998698,0.0,0.0
185318286,50,aco,aco,13.572931683660537,13.572931683660537,0.0,0.0
149196080,50,ga,ga,33.058162090860925,33.058162090860925,0.0,0.0
171924547,50,ga,ga,32.081196642956634,32.081196642956634,0.0,0.0
55858773,50,aco,aco,11.622456308331484,11.622456308331484,0.0,0.0
70000487,50,aco,aco,21.83349345232043,21.83349345232043,0.0,0.0
37159398,50,aco,aco,27.53014596092204,27.53014596092204,0.0,0.0
130526624,50,aco,aco,32.89151441108039,32.89151441108039,0.0,0.0
21950573,50,ga,ga,55.89752350695983,55.89752350695983,0.0,0.0
639987356,50,sa,sa,290.01601682167376,290.01601682167376,0.0,0.0
243799958,50,sa,sa,102.48001730316317,102.48001730316317,0.0,0.0
181588384,50,aco,aco,28.683742603934363,28.683742603934363,0.0,0.0
80123082,50,aco,aco,57.56134802874565,57.56134802874565,0.0,0.0
178387051,50,ga,ga,55.63130706001461,55.63130706001461,0.0,0.0
146992047,50,aco,aco,24.730175474796106,24.730175474796106,0.0,0.0
153304956,50,aco,aco,35.21980116923967,35.21980116923967,0.0,0.0
55290312,50,aco,aco,25.100354205944846,25.100354205944846,0.0,0.0
114061201,50,aco,aco,55.20318167314825,55.20318167314825,0.0,0.0
102981198,50,aco,aco,57.00595142966528,57.00595142966528,0.0,0.0
73780254,50,aco,aco,49.93514090534689,49.93514090534689,0.0,0.0
43841308,50,ga,ga,63.81263073351075,63.81263073351075,0.0,0.0
43442388,50,aco,aco,61.9603046610103,61.9603046610103,0.0,0.0
2523169,50,sa,sa,32.48836900956684,32.48836900956684,0.0,0.0
33449442,50,aco,aco,89.48168436793725,89.48168436793725,0.0,0.0
51061760,50,aco,aco,20.07822135512029,20.07822135512029,0.0,0.0
199280486,50,aco,aco,33.95609155805553,33.95609155805553,0.0,0.0
146732749,50,aco,aco,58.04338894823576,58.04338894823576,0.0,0.0
11379193,50,aco,aco,20.492670048988742,20.492670048988742,0.0,0.0
159508162,50,aco,aco,14.13277908541861,14.13277908541861,0.0,0.0
47601129,50,ga,ga,11.921036877435144,11.921036877435144,0.0,0.0
20115541,50,ga,ga,34.80727474546924,34.80727474546924,0.0,0.0
76622559,50,ga,ga,74.8394528086339,74.8394528086339,0.0,0.0
58342050,50,ga,ga,43.70365227926506,43.70365227926506,0.0,0.0
156296856,50,ga,ga,69.06838460551765,69.06838460551765,0.0,0.0
157054804,50,ga,ga,59.52341524116496,59.52341524116496,0.0,0.0
327254022,50,sa,sa,136.17659793963384,136.17659793963384,0.0,0.0
93008198,50,aco,aco,67.3728733840379,67.3728733840379,0.0,0.0
53734524,50,ga,ga,50.40938953058124,50.40938953058124,0.0,0.0
6093503,50,aco,aco,5.966039930609291,5.966039930609291,0.0,0.0
153195253,50,ga,ga,29.57006602467758,29.57006602467758,0.0,0.0
49934811,50,ga,sa,246.24602505763147,587.9165096475948,341.67048458996334,1.387516750818612
196747344,50,ga,ga,43.74586073706472,43.74586073706472,0.0,0.0
55040987,50,aco,aco,45.758846256681394,45.758846256681394,0.0,0.0
114400283,50,aco,aco,21.99245357553387,21.99245357553387,0.0,0.0
115477367,50,ga,ga,12.888447753818076,12.888447753818076,0.0,0.0
83374280,50,aco,aco,17.18823023574975,17.18823023574975,0.0,0.0
82007979,50,aco,aco,176.99333000628644,176.99333000628644,0.0,0.0
113522659,50,aco,aco,14.299179180820468,14.299179180820468,0.0,0.0
89816838,50,aco,aco,75.54331095892894,75.54331095892894,0.0,0.0
61683005,50,aco,aco,108.32031006980706,108.32031006980706,0.0,0.0
6861424,50,aco,aco,71.4181114307334,71.4181114307334,0.0,0.0
148817106,50,ga,ga,65.29132022919413,65.29132022919413,0.0,0.0
109613243,50,aco,aco,34.55122842405694,34.55122842405694,0.0,0.0
49007322,50,aco,aco,7.603648037100987,7.603648037100987,0.0,0.0
72144682,50,aco,aco,66.77052301426676,66.77052301426676,0.0,0.0
53086279,50,sa,sa,239.8819192966511,239.8819192966511,0.0,0.0
166529154,50,aco,aco,63.725982023616055,63.725982023616055,0.0,0.0
80452191,50,ga,ga,112.42587177621384,112.42587177621384,0.0,0.0
46713532,50,ga,ga,99.17169667141508,99.17169667141508,0.0,0.0
545882128,50,sa,sa,237.7696232102303,237.7696232102303,0.0,0.0
114001363,50,ga,ga,34.60575968394777,34.60575968394777,0.0,0.0
159637811,50,sa,sa,84.16445359715101,84.16445359715101,0.0,0.0
49755297,50,ga,ga,33.32451872380047,33.32451872380047,0.0,0.0
61323977,50,ga,ga,65.12073670878235,65.12073670878235,0.0,0.0
154481770,50,aco,aco,77.14114655558518,77.14114655558518,0.0,0.0
84192066,50,aco,aco,97.15581669556376,97.15581669556376,0.0,0.0
170119434,50,aco,aco,41.55971271445321,41.55971271445321,0.0,0.0
61513464,50,aco,aco,64.69422123118326,64.69422123118326,0.0,0.0
58421834,50,aco,aco,106.66341586017208,106.66341586017208,0.0,0.0
69102917,50,aco,aco,26.4814229510304,26.4814229510304,0.0,0.0
375303936,50,sa,sa,186.6189353934009,186.6189353934009,0.0,0.0
747695756,50,sa,sa,134.27752026295292,134.27752026295292,0.0,0.0
154052931,50,aco,aco,50.71318820476268,50.71318820476268,0.0,0.0
41008976,50,aco,aco,19.84708456640866,19.84708456640866,0.0,0.0
67168155,50,aco,aco,22.85425929938697,22.85425929938697,0.0,0.0
57883292,50,aco,aco,21.590522910909765,21.590522910909765,0.0,0.0
154082850,50,aco,aco,28.824698881168587,28.824698881168587,0.0,0.0
21531707,50,sa,sa,99.11887194319796,99.11887194319796,0.0,0.0
114539905,50,aco,aco,24.636430053454283,24.636430053454283,0.0,0.0
18370266,50,ga,ga,60.58517727118424,60.58517727118424,0.0,0.0
11867870,50,aco,aco,9.98946912726274,9.98946912726274,0.0,0.0
52856900,50,aco,aco,21.49868485116651,21.49868485116651,0.0,0.0
193865147,50,sa,sa,116.197830312445,116.197830312445,0.0,0.0
80222812,50,aco,aco,20.74584949879263,20.74584949879263,0.0,0.0
108266888,50,aco,aco,27.83261433001082,27.83261433001082,0.0,0.0
62052006,50,ga,ga,34.82284610166767,34.82284610166767,0.0,0.0
106122693,50,aco,aco,12.248843581740692,12.248843581740692,0.0,0.0
131204788,50,ga,ga,28.225062056239523,28.225062056239523,0.0,0.0
145186934,50,ga,ga,41.046336163456346,41.046336163456346,0.0,0.0
138155969,50,aco,aco,48.16192151815068,48.16192151815068,0.0,0.0
182615603,50,aco,aco,11.586149346023817,11.586149346023817,0.0,0.0
26009584,50,ga,ga,52.80462450075785,52.80462450075785,0.0,0.0
48638321,50,sa,sa,126.92208392082046,126.92208392082046,0.0,0.0
149036512,50,ga,ga,23.43930240957816,23.43930240957816,0.0,0.0
526624265,50,sa,sa,172.50567543448273,172.50567543448273,0.0,0.0
97466129,50,aco,aco,13.19334971646542,13.19334971646542,0.0,0.0
26857289,50,aco,aco,29.52601660281347,29.52601660281347,0.0,0.0
141117950,50,aco,aco,13.611332245900014,13.611332245900014,0.0,0.0
175903774,50,aco,aco,24.67347834936712,24.67347834936712,0.0,0.0
163826471,50,ga,ga,53.96189960218869,53.96189960218869,0.0,0.0
737283944,50,sa,sa,196.5435399393148,196.5435399393148,0.0,0.0
186794290,50,aco,aco,71.20122992135138,71.20122992135138,0.0,0.0
184320986,50,ga,ga,22.14802795516171,22.14802795516171,0.0,0.0
185348205,50,aco,aco,51.431107251573394,51.431107251573394,0.0,0.0
61772762,50,aco,aco,51.18970379650764,51.18970379650764,0.0,0.0
467384645,50,sa,sa,95.54924972800444,95.54924972800444,0.0,0.0
126976236,50,sa,sa,120.62315098602632,120.62315098602632,0.0,0.0
136819587,50,aco,ga,23.900426488956768,25.106810271146045,1.2063837821892776,0.050475408158372786
94793365,50,ga,ga,360.17173196342617,360.17173196342617,0.0,0.0
145635719,50,ga,ga,21.51252067599006,21.51252067599006,0.0,0.0
77919049,50,aco,aco,55.73909614828081,55.73909614828081,0.0,0.0
31275328,50,aco,aco,6.715611770633059,6.715611770633059,0.0,0.0
157812752,50,aco,aco,13.13897879923116,13.13897879923116,0.0,0.0
176731533,50,aco,aco,39.930523701849694,39.930523701849694,0.0,0.0
461400845,50,sa,sa,71.32488415418752,71.32488415418752,0.0,0.0
165272556,50,aco,aco,43.43459912681325,43.43459912681325,0.0,0.0
45815962,50,ga,ga,64.94741497741691,64.94741497741691,0.0,0.0
234285716,50,sa,sa,117.47107184535422,117.47107184535422,0.0,0.0
89976406,50,aco,aco,66.87830963919932,66.87830963919932,0.0,0.0
195600449,50,aco,aco,86.16405220951884,86.16405220951884,0.0,0.0
38705213,50,aco,aco,69.88998539824506,69.88998539824506,0.0,0.0
136310964,50,ga,ga,8.087909749910182,8.087909749910182,0.0,0.0
145695557,50,sa,sa,53.66290121108993,53.66290121108993,0.0,0.0
194812582,50,aco,aco,52.07018477348142,52.07018477348142,0.0,0.0
390752113,50,sa,sa,67.86825422593662,67.86825422593662,0.0,0.0
161772033,50,aco,aco,81.82735566549732,81.82735566549732,0.0,0.0
114519959,50,ga,ga,10.118516665289988,10.118516665289988,0.0,0.0
2712656,50,ga,ga,11.468818282543692,11.468818282543692,0.0,0.0
22548953,50,aco,aco,29.08626029459176,29.08626029459176,0.0,0.0
47471480,50,ga,ga,99.87842207795768,99.87842207795768,0.0,0.0
35254555,50,aco,aco,105.52116590750202,105.52116590750202,0.0,0.0
84002579,50,ga,ga,31.01102684535877,31.01102684535877,0.0,0.0
42794143,50,aco,aco,53.33955682427048,53.33955682427048,0.0,0.0
178576538,50,aco,aco,6.242366468546479,6.242366468546479,0.0,0.0
95950233,50,aco,aco,8.89733578707529,8.89733578707529,0.0,0.0
161083896,50,ga,ga,67.69484458470664,67.69484458470664,0.0,0.0
139183188,50,ga,ga,17.475445746007836,17.475445746007836,0.0,0.0
186126099,50,ga,ga,17.04824935725526,17.04824935725526,0.0,0.0
166319721,50,aco,aco,123.42490203288531,123.42490203288531,0.0,0.0
32392304,50,ga,ga,8.914363284392412,8.914363284392412,0.0,0.0
37239182,50,aco,aco,34.707205048401526,34.707205048401526,0.0,0.0
152197953,50,aco,aco,130.61085413203753,130.61085413203753,0.0,0.0
321679115,50,sa,sa,74.1925826233667,74.1925826233667,0.0,0.0
5375447,50,aco,aco,22.21048873492174,22.21048873492174,0.0,0.0
34845662,50,aco,aco,32.32619696921336,32.32619696921336,0.0,0.0
19766486,50,aco,aco,57.92134550454628,57.92134550454628,0.0,0.0
152916009,50,ga,ga,82.68913433104534,82.68913433104534,0.0,0.0
152746468,50,aco,aco,49.45040086132985,49.45040086132985,0.0,0.0
43412469,50,aco,aco,22.6337847439445,22.6337847439445,0.0,0.0
284908664,50,sa,sa,236.59961836976305,236.59961836976305,0.0,0.0
100557759,50,aco,aco,208.62514151159985,208.62514151159985,0.0,0.0
44060714,50,aco,ga,15.609209165241008,21.75209417104896,6.142885005807951,0.39354235956342276
108675781,50,aco,aco,30.85905711833444,30.85905711833444,0.0,0.0
37488507,50,aco,aco,7.634011809487692,7.634011809487692,0.0,0.0
137786968,50,aco,aco,33.727451582857896,33.727451582857896,0.0,0.0
55220501,50,aco,aco,10.42152606604296,10.42152606604296,0.0,0.0
16265963,50,aco,aco,42.042002399697616,42.042002399697616,0.0,0.0
750707602,50,sa,sa,210.06777268821463,210.06777268821463,0.0,0.0
87084236,50,aco,aco,141.79773558995967,141.79773558995967,0.0,0.0
121860087,50,aco,aco,110.03678255084183,110.03678255084183,0.0,0.0
5644718,50,aco,aco,20.582170040652645,20.582170040652645,0.0,0.0
164963393,50,aco,aco,37.67908284369368,37.67908284369368,0.0,0.0
76383207,50,ga,ga,54.99245957988006,54.99245957988006,0.0,0.0
48039941,50,aco,aco,45.50622929359628,45.50622929359628,0.0,0.0
55769016,50,aco,aco,46.89798121190538,46.89798121190538,0.0,0.0
43183090,50,ga,ga,162.7127282367085,162.7127282367085,0.0,0.0
146293937,50,ga,ga,13.737906306371428,13.737906306371428,0.0,0.0
127514778,50,sa,sa,272.1232801845303,272.1232801845303,0.0,0.0
669547328,50,sa,sa,56.70768143067673,56.70768143067673,0.0,0.0
146872371,50,ga,ga,76.99655807928794,76.99655807928794,0.0,0.0
60366569,50,sa,sa,23.215194941811816,23.215194941811816,0.0,0.0
255617963,50,sa,sa,79.19141073072953,79.19141073072953,0.0,0.0
90375326,50,aco,aco,6.099798719463615,6.099798719463615,0.0,0.0
153404686,50,aco,aco,26.62977093648041,26.62977093648041,0.0,0.0
121152004,50,aco,aco,13.015090120341368,13.015090120341368,0.0,0.0
279204108,50,sa,sa,179.45672379582052,179.45672379582052,0.0,0.0
31933546,50,aco,aco,43.59038793309072,43.59038793309072,0.0,0.0
140868625,50,ga,ga,7.662801363722488,7.662801363722488,0.0,0.0
71915303,50,aco,aco,137.99356405136166,137.99356405136166,0.0,0.0
186265721,50,aco,aco,50.45569687528648,50.45569687528648,0.0,0.0
35324366,50,sa,ga,18.66223894871174,19.16986201417746,0.5076230654657223,0.027200544739609808
65851719,50,ga,ga,50.62563869445235,50.62563869445235,0.0,0.0
79275377,50,aco,aco,54.534591999122895,54.534591999122895,0.0,0.0
68115590,50,ga,ga,60.75203136671773,60.75203136671773,0.0,0.0
604343854,50,sa,sa,99.63577662088947,99.63577662088947,0.0,0.0
151430032,50,ga,ga,21.25524581822425,21.25524581822425,0.0,0.0
192319332,50,ga,ga,40.07554170048122,40.07554170048122,0.0,0.0
118568997,50,aco,aco,17.01274336581912,17.01274336581912,0.0,0.0
198263240,50,aco,aco,66.82576169682103,66.82576169682103,0.0,0.0
499278299,50,sa,sa,400.46868236908233,400.46868236908233,0.0,0.0
162539954,50,ga,ga,32.905423527049486,32.905423527049486,0.0,0.0
192857874,50,aco,aco,8.775299120501245,8.775299120501245,0.0,0.0
127803995,50,ga,ga,67.9831944608897,67.9831944608897,0.0,0.0
730841386,50,sa,sa,192.5044465327112,192.5044465327112,0.0,0.0
67896184,50,aco,aco,37.392633769427135,37.392633769427135,0.0,0.0
88001752,50,ga,ga,118.09518281206893,118.09518281206893,0.0,0.0
173969012,50,aco,aco,32.62652506067701,32.62652506067701,0.0,0.0
36580964,50,aco,aco,76.22594720555246,76.22594720555246,0.0,0.0
80551921,50,aco,aco,58.50352784445283,58.50352784445283,0.0,0.0
182485954,50,aco,aco,14.057755545304992,14.057755545304992,0.0,0.0
173131280,50,aco,aco,18.75077286807458,18.75077286807458,0.0,0.0
67267885,50,ga,ga,61.43216730537241,61.43216730537241,0.0,0.0
118140158,50,ga,ga,975.2626743383807,975.2626743383807,0.0,0.0
52168763,50,aco,aco,12.306080724673706,12.306080724673706,0.0,0.0
183453335,50,aco,aco,8.438277934665878,8.438277934665878,0.0,0.0
165581719,50,aco,aco,45.29228957854066,45.29228957854066,0.0,0.0
22469169,50,aco,aco,123.51905089330457,123.51905089330457,0.0,0.0
114968744,50,aco,aco,52.9649074436816,52.9649074436816,0.0,0.0
25720367,50,ga,ga,16.24753550769853,16.24753550769853,0.0,0.0
54522391,50,ga,ga,20.968424520390315,20.968424520390315,0.0,0.0
63079225,50,aco,aco,32.19376177197583,32.19376177197583,0.0,0.0
183991877,50,ga,ga,8.73950505336277,8.73950505336277,0.0,0.0
177928293,50,aco,aco,8.57579228807164,8.57579228807164,0.0,0.0
61483545,50,aco,aco,31.680439506363847,31.680439506363847,0.0,0.0
135054366,50,aco,aco,22.53406770925637,22.53406770925637,0.0,0.0
36810343,50,ga,ga,120.06808171599415,120.06808171599415,0.0,0.0
427572429,50,sa,sa,56.65871228019135,56.65871228019135,0.0,0.0
21302328,50,aco,aco,56.15187509239635,56.15187509239635,0.0,0.0
26278855,50,ga,ga,20.37808369167665,20.37808369167665,0.0,0.0
25690448,50,aco,aco,22.57449209669728,22.57449209669728,0.0,0.0
399139406,50,sa,sa,501.3395300174176,501.3395300174176,0.0,0.0
152537035,50,aco,aco,50.21159436424202,50.21159436424202,0.0,0.0
51430761,50,aco,aco,27.942182442009347,27.942182442009347,0.0,0.0
193456254,50,aco,aco,48.85586576925625,48.85586576925625,0.0,0.0
16335774,50,aco,aco,30.0826147246393,30.0826147246393,0.0,0.0
182206710,50,aco,aco,50.09243533761151,50.09243533761151,0.0,0.0
82277250,50,aco,aco,75.49642553828453,75.49642553828453,0.0,0.0
90514948,50,ga,ga,12.956036476268148,12.956036476268148,0.0,0.0
30746759,50,aco,aco,58.49756748509107,58.49756748509107,0.0,0.0
131404248,50,aco,aco,49.44354737476739,49.44354737476739,0.0,0.0
53634794,50,ga,ga,90.02464227284953,90.02464227284953,0.0,0.0
108346672,50,ga,ga,58.590563682618594,58.590563682618594,0.0,0.0
35823016,50,aco,aco,14.855496151025772,14.855496151025772,0.0,0.0
4198633,50,ga,ga,47.3354264394942,47.3354264394942,0.0,0.0
176023450,50,aco,aco,35.94172711556829,35.94172711556829,0.0,0.0
446391480,50,sa,sa,173.7499854079179,173.7499854079179,0.0,0.0
54362823,50,aco,aco,49.27905809124592,49.27905809124592,0.0,0.0
167386832,50,ga,ga,14.078789460711734,14.078789460711734,0.0,0.0
155179880,50,aco,aco,27.046424700139795,27.046424700139795,0.0,0.0
189018269,50,ga,ga,80.73882579637797,80.73882579637797,0.0,0.0
49725378,50,aco,aco,15.54165499303382,15.54165499303382,0.0,0.0
103260442,50,ga,ga,80.88005205390543,80.88005205390543,0.0,0.0
20494515,50,aco,aco,17.00188400966809,17.00188400966809,0.0,0.0
31434896,50,aco,aco,19.37792664623494,19.37792664623494,0.0,0.0
167027804,50,aco,aco,107.09892009468942,107.09892009468942,0.0,0.0
43462334,50,aco,aco,159.30525692878086,159.30525692878086,0.0,0.0
111986817,50,aco,aco,57.36920258477289,57.36920258477289,0.0,0.0
56566856,50,aco,aco,38.741119561056806,38.741119561056806,0.0,0.0
288129943,50,sa,sa,47.83743265643341,47.83743265643341,0.0,0.0
9514242,50,ga,ga,81.51229628910363,81.51229628910363,0.0,0.0
328490674,50,sa,sa,186.80416928226748,186.80416928226748,0.0,0.0
166728614,50,ga,ga,60.1038252794166,60.1038252794166,0.0,0.0
160724868,50,ga,ga,11.435987900631316,11.435987900631316,0.0,0.0
36122206,50,aco,aco,61.79032007165377,61.79032007165377,0.0,0.0
53445307,50,aco,aco,27.27230901720121,27.27230901720121,0.0,0.0
24224417,50,ga,ga,16.51932605514573,16.51932605514573,0.0,0.0
50682786,50,aco,aco,185.3619356881177,185.3619356881177,0.0,0.0
95042690,50,ga,ga,18.842564697603983,18.842564697603983,0.0,0.0
683010878,50,sa,sa,40.78990870845458,40.78990870845458,0.0,0.0
42943738,50,aco,aco,17.24412805828893,17.24412805828893,0.0,0.0
137747076,50,ga,ga,26.63682628692563,26.63682628692563,0.0,0.0
192179710,50,ga,ga,74.69103492634183,74.69103492634183,0.0,0.0
4248498,50,aco,aco,16.20688546425678,16.20688546425678,0.0,0.0
61942303,50,aco,aco,87.04607230300066,87.04607230300066,0.0,0.0
29589891,50,aco,aco,9.458886404557184,9.458886404557184,0.0,0.0
30946219,50,aco,aco,39.552640805570135,39.552640805570135,0.0,0.0
36301720,50,aco,aco,11.38011758471774,11.38011758471774,0.0,0.0
126138504,50,ga,ga,936.6702032982936,936.6702032982936,0.0,0.0
111747465,50,ga,ga,23.06567415581326,23.06567415581326,0.0,0.0
63567902,50,aco,aco,57.91924099071736,57.91924099071736,0.0,0.0
87463210,50,ga,ga,9.651597685732668,9.651597685732668,0.0,0.0
32412250,50,aco,aco,95.76872394082916,95.76872394082916,0.0,0.0
59907811,50,aco,aco,46.27768486187258,46.27768486187258,0.0,0.0
61702951,50,aco,aco,7.956566202975511,7.956566202975511,0.0,0.0
42425142,50,aco,aco,5.205109859773801,5.205109859773801,0.0,0.0
61892438,50,aco,aco,33.71904823093362,33.71904823093362,0.0,0.0
77799373,50,aco,aco,8.414769233327279,8.414769233327279,0.0,0.0
6412639,50,aco,aco,16.413202275343,16.413202275343,0.0,0.0
177319940,50,ga,ga,38.74415227794309,38.74415227794309,0.0,0.0
106701127,50,aco,aco,56.548290777228,56.548290777228,0.0,0.0
156865317,50,aco,aco,15.210903960142232,15.210903960142232,0.0,0.0
165541827,50,aco,aco,79.08686359359842,79.08686359359842,0.0,0.0
192129845,50,ga,ga,18.28982233590536,18.28982233590536,0.0,0.0
16255990,50,aco,aco,43.49914117947397,43.49914117947397,0.0,0.0
44778770,50,aco,aco,47.91797460301978,47.91797460301978,0.0,0.0
10351974,50,aco,aco,38.890828071194136,38.890828071194136,0.0,0.0
42385250,50,aco,aco,21.59569216044803,21.59569216044803,0.0,0.0
33110360,50,ga,ga,21.257180463345385,21.257180463345385,0.0,0.0
8337428,50,sa,sa,86.23396472772879,86.23396472772879,0.0,0.0
113931552,50,ga,ga,8.944972240724567,8.944972240724567,0.0,0.0
121211842,50,ga,ga,15.545634976648264,15.545634976648264,0.0,0.0
3640145,50,aco,aco,38.19627161465085,38.19627161465085,0.0,0.0
100856949,50,aco,aco,66.69402944042528,66.69402944042528,0.0,0.0
193695606,50,aco,aco,65.2014247486035,65.2014247486035,0.0,0.0
193167037,50,aco,aco,68.96842110317222,68.96842110317222,0.0,0.0
155798206,50,ga,ga,81.72829616349851,81.72829616349851,0.0,0.0
660930656,50,sa,sa,432.56116979884905,432.56116979884905,0.0,0.0
147091777,50,aco,aco,18.34036330382672,18.34036330382672,0.0,0.0
177768725,50,ga,ga,28.245910119242847,28.245910119242847,0.0,0.0
129838487,50,ga,ga,8.477334179526679,8.477334179526679,0.0,0.0
81998006,50,ga,ga,20.60975511000812,20.60975511000812,0.0,0.0
188689160,50,ga,ga,55.61070174348724,55.61070174348724,0.0,0.0
31624383,50,ga,ga,56.66396203743079,56.66396203743079,0.0,0.0
22209871,50,aco,aco,33.87112507427279,33.87112507427279,0.0,0.0
95850503,50,ga,ga,27.246488119114733,27.246488119114733,0.0,0.0
69352242,50,aco,aco,41.40882760891844,41.40882760891844,0.0,0.0
33658875,50,ga,ga,19.738370108350672,19.738370108350672,0.0,0.0
165252610,50,aco,aco,34.213857179647604,34.213857179647604,0.0,0.0
144219553,50,aco,aco,53.79407776326906,53.79407776326906,0.0,0.0
72453845,50,ga,ga,48.03824482717777,48.03824482717777,0.0,0.0
64794581,50,aco,aco,28.54609597985343,28.54609597985343,0.0,0.0
151001193,50,aco,aco,136.1281640282299,136.1281640282299,0.0,0.0
102183358,50,aco,aco,51.789890540523245,51.789890540523245,0.0,0.0
399458542,50,sa,sa,82.0775607126589,82.0775607126589,0.0,0.0
149345675,50,ga,ga,9.972784215880504,9.972784215880504,0.0,0.0
144239499,50,aco,aco,61.56093235662477,61.56093235662477,0.0,0.0
23945173,50,ga,ga,36.50180891848994,36.50180891848994,0.0,0.0
152108196,50,ga,ga,118.88400408383475,118.88400408383475,0.0,0.0
28223590,50,aco,aco,8.619210050565144,8.619210050565144,0.0,0.0
24383985,50,aco,aco,53.17510605610256,53.17510605610256,0.0,0.0
231363627,50,sa,sa,73.69127740564817,73.69127740564817,0.0,0.0
178955512,50,aco,aco,12.855921618165825,12.855921618165825,0.0,0.0
188768944,50,aco,aco,81.85532666297027,81.85532666297027,0.0,0.0
104167985,50,ga,ga,48.95296826882577,48.95296826882577,0.0,0.0
122887306,50,aco,aco,42.98549843716625,42.98549843716625,0.0,0.0
123834741,50,ga,ga,93.2560561067714,93.2560561067714,0.0,0.0
77410426,50,ga,ga,121.77843106003974,121.77843106003974,0.0,0.0
127335264,50,aco,aco,53.500904001299375,53.500904001299375,0.0,0.0
38934592,50,ga,ga,41.69909272349981,41.69909272349981,0.0,0.0
118479240,50,aco,aco,114.34914641294512,114.34914641294512,0.0,0.0
177878428,50,aco,aco,34.37443756358894,34.37443756358894,0.0,0.0
50742624,50,aco,aco,177.04421695460348,177.04421695460348,0.0,0.0
67916130,50,aco,aco,78.0325875601782,78.0325875601782,0.0,0.0
126228261,50,aco,aco,21.582524784174066,21.582524784174066,0.0,0.0
88689889,50,ga,ga,22.7543147490139,22.7543147490139,0.0,0.0
169730487,50,ga,ga,29.314838838819128,29.314838838819128,0.0,0.0
59269539,50,ga,ga,19.087567282161192,19.087567282161192,0.0,0.0
171954466,50,aco,aco,13.832109354099345,13.832109354099345,0.0,0.0
80103136,50,aco,aco,26.98120662117889,26.98120662117889,0.0,0.0
143302037,50,aco,aco,22.356566009232303,22.356566009232303,0.0,0.0
10740921,50,aco,aco,31.41523449069718,31.41523449069718,0.0,0.0
268443241,50,sa,sa,156.04379292990396,156.04379292990396,0.0,0.0
74089417,50,ga,ga,35.39319457125298,35.39319457125298,0.0,0.0
160006812,50,ga,ga,39.8373688868798,39.8373688868798,0.0,0.0
656073805,50,sa,sa,331.70757147246275,331.70757147246275,0.0,0.0
16694802,50,sa,sa,41.639039714372906,41.639039714372906,0.0,0.0
133069739,50,aco,aco,77.30621017648353,77.30621017648353,0.0,0.0
398920,50,sa,sa,10023.927629453588,10023.927629453588,0.0,0.0
173819417,50,aco,aco,53.31529140007554,53.31529140007554,0.0,0.0
185667341,50,aco,aco,96.28928037323044,96.28928037323044,0.0,0.0
1815086,50,aco,aco,9.3345229637888,9.3345229637888,0.0,0.0
29131133,50,aco,aco,14.483532476411517,14.483532476411517,0.0,0.0
111707573,50,aco,aco,62.1037707011404,62.1037707011404,0.0,0.0
69960595,50,aco,aco,105.96109382763213,105.96109382763213,0.0,0.0
166459343,50,aco,aco,66.4226644444182,66.4226644444182,0.0,0.0
95431637,50,aco,aco,43.14354939495476,43.14354939495476,0.0,0.0
33509280,50,ga,ga,56.97582588147408,56.97582588147408,0.0,0.0
67846319,50,aco,aco,42.07867179369616,42.07867179369616,0.0,0.0
149056458,50,ga,ga,33.81008331739987,33.81008331739987,0.0,0.0
95341880,50,ga,ga,56.47814880080915,56.47814880080915,0.0,0.0
171435870,50,aco,aco,21.944878604400245,21.944878604400245,0.0,0.0
15996692,50,aco,aco,35.75526823959311,35.75526823959311,0.0,0.0
178865755,50,aco,aco,5.864027651072072,5.864027651072072,0.0,0.0
116813749,50,ga,sa,82.03024412800379,168.01835763166866,85.98811350366488,1.0482489040199008
1386247,50,aco,aco,28.837402440682744,28.837402440682744,0.0,0.0
26837343,50,aco,aco,57.22807951796666,57.22807951796666,0.0,0.0
73491037,50,ga,ga,7.601701822990513,7.601701822990513,0.0,0.0
137517697,50,ga,ga,151.16369037398448,151.16369037398448,0.0,0.0
74418526,50,ga,ga,26.282994722100614,26.282994722100614,0.0,0.0
519752868,50,sa,sa,497.5313267813722,497.5313267813722,0.0,0.0
114230742,50,aco,aco,6.06147690593035,6.06147690593035,0.0,0.0
80392353,50,ga,ga,17.640119343315718,17.640119343315718,0.0,0.0
101235923,50,ga,aco,71.5736841774527,73.69716574194065,2.123481564487946,0.029668468081413782
162819198,50,sa,sa,14.106730527154832,14.106730527154832,0.0,0.0
110550705,50,ga,ga,27.38130951675387,27.38130951675387,0.0,0.0
60855246,50,ga,ga,24.01516456802121,24.01516456802121,0.0,0.0
75724989,50,ga,sa,105.2925571338276,241.84104692807665,136.54848979424906,1.2968484526469894
156027585,50,aco,aco,18.103753979446576,18.103753979446576,0.0,0.0
105663935,50,ga,ga,26.467228405962526,26.467228405962526,0.0,0.0
64654959,50,aco,aco,80.51721908805418,80.51721908805418,0.0,0.0
36939992,50,aco,aco,14.130582450710191,14.130582450710191,0.0,0.0
88749727,50,aco,aco,21.36436689924593,21.36436689924593,0.0,0.0
105863395,50,ga,ga,21.55886496037543,21.55886496037543,0.0,0.0
13722848,50,ga,ga,21.581960341105592,21.581960341105592,0.0,0.0
465539640,50,sa,sa,51.72280951135848,51.72280951135848,0.0,0.0
77191020,50,ga,ga,44.06085127830548,44.06085127830548,0.0,0.0
609130894,50,sa,sa,112.84194991152684,112.84194991152684,0.0,0.0
141836006,50,ga,ga,42.29159888824272,42.29159888824272,0.0,0.0
61114544,50,aco,aco,8.409915618199486,8.409915618199486,0.0,0.0
203259713,50,sa,sa,70.2801695767032,70.2801695767032,0.0,0.0
14301282,50,aco,aco,9.470865578517696,9.470865578517696,0.0,0.0
68424753,50,aco,aco,14.176169122634796,14.176169122634796,0.0,0.0
177888401,50,ga,ga,29.54996456944192,29.54996456944192,0.0,0.0
79175647,50,aco,aco,8.345664958130165,8.345664958130165,0.0,0.0
46304639,50,ga,ga,8.932032015102221,8.932032015102221,0.0,0.0
106411910,50,aco,aco,17.580223468393648,17.580223468393648,0.0,0.0
724299098,50,sa,sa,123.87438188339826,123.87438188339826,0.0,0.0
147420886,50,aco,aco,84.8520037014463,84.8520037014463,0.0,0.0
147620346,50,ga,ga,10.43953148703905,10.43953148703905,0.0,0.0
191840628,50,ga,ga,16.779869680500532,16.779869680500532,0.0,0.0
141058112,50,aco,aco,6.874082428845165,6.874082428845165,0.0,0.0
194284013,50,ga,ga,91.04352260051688,91.04352260051688,0.0,0.0
14710175,50,aco,aco,29.633589281761584,29.633589281761584,0.0,0.0
129100485,50,ga,ga,32.22907618550786,32.22907618550786,0.0,0.0
67088371,50,ga,ga,9.885284708976403,9.885284708976403,0.0,0.0
19626864,50,aco,aco,39.1868169178907,39.1868169178907,0.0,0.0
26777505,50,ga,ga,92.8549700940524,92.8549700940524,0.0,0.0
192788063,50,sa,ga,23.2969032074808,24.0926541472734,0.795750939792601,0.03415694063308293
185796990,50,aco,aco,110.40763697316164,110.40763697316164,0.0,0.0
84261877,50,ga,ga,37.74786157958303,37.74786157958303,0.0,0.0
2383547,50,ga,ga,64.33516634863057,64.33516634863057,0.0,0.0
188479727,50,ga,ga,44.31680584430509,44.31680584430509,0.0,0.0
182386224,50,aco,aco,9.481318146208505,9.481318146208505,0.0,0.0
117252561,50,ga,ga,24.43956993451881,24.43956993451881,0.0,0.0
166977939,50,sa,sa,286.45237820093604,286.45237820093604,0.0,0.0
112126439,50,aco,aco,23.27262559604336,23.27262559604336,0.0,0.0
53265793,50,ga,sa,156.73372260883494,181.31577215470367,24.582049545868728,0.15683956928158266
58132617,50,aco,aco,98.87006961413132,98.87006961413132,0.0,0.0
174547446,50,aco,aco,9.06586388905139,9.06586388905139,0.0,0.0
71556275,50,ga,ga,37.94763445411567,37.94763445411567,0.0,0.0
60775462,50,ga,ga,46.84580047964224,46.84580047964224,0.0,0.0
155050231,50,sa,sa,46.96821650752025,46.96821650752025,0.0,0.0
41667194,50,aco,aco,41.881365435748194,41.881365435748194,0.0,0.0
36570991,50,aco,aco,17.10158861855652,17.10158861855652,0.0,0.0
40480407,50,aco,aco,14.669045700952232,14.669045700952232,0.0,0.0
77869184,50,aco,aco,19.42224905130441,19.42224905130441,0.0,0.0
47501399,50,ga,ga,48.21541175898659,48.21541175898659,0.0,0.0
46254774,50,aco,aco,33.59835808280509,33.59835808280509,0.0,0.0
356594588,50,sa,sa,71.31112373193146,71.31112373193146,0.0,0.0
219406,50,ga,ga,1694.9364405174615,1694.9364405174615,0.0,0.0
10262217,50,aco,aco,31.444075098678592,31.444075098678592,0.0,0.0
579301651,50,sa,sa,353.47595576867417,353.47595576867417,0.0,0.0
13672983,50,aco,aco,44.79496639470663,44.79496639470663,0.0,0.0
49825108,50,aco,aco,60.6063422209814,60.6063422209814,0.0,0.0
441833819,50,sa,sa,157.99880408782712,157.99880408782712,0.0,0.0
69691324,50,aco,aco,44.71131367612017,44.71131367612017,0.0,0.0
172153926,50,aco,aco,25.748253817574493,25.748253817574493,0.0,0.0
127574616,50,aco,aco,5.855675068974966,5.855675068974966,0.0,0.0
68105617,50,aco,aco,20.18676342739962,20.18676342739962,0.0,0.0
72254385,50,aco,ga,10.44320241095301,16.84847045824637,6.405268047293362,0.6133432825715804
127375156,50,aco,aco,15.911021791553056,15.911021791553056,0.0,0.0
72753035,50,aco,aco,37.15975975209691,37.15975975209691,0.0,0.0
8028265,50,aco,aco,16.233026604716887,16.233026604716887,0.0,0.0
94613851,50,aco,aco,12.90873797990646,12.90873797990646,0.0,0.0
154920582,50,aco,aco,88.22910426338228,88.22910426338228,0.0,0.0
174397851,50,ga,ga,20.368354986915683,20.368354986915683,0.0,0.0
4797013,50,aco,aco,48.943653145223806,48.943653145223806,0.0,0.0
102263142,50,ga,ga,27.577934187819576,27.577934187819576,0.0,0.0
117850941,50,ga,ga,19.7237912356527,19.7237912356527,0.0,0.0
125270853,50,aco,aco,32.7086941184816,32.7086941184816,0.0,0.0
136809614,50,aco,aco,23.24732438296971,23.24732438296971,0.0,0.0
51779816,50,aco,aco,9.04188060539911,9.04188060539911,0.0,0.0
418746324,50,sa,sa,107.11467679331136,107.11467679331136,0.0,0.0
65023960,50,ga,ga,82.71456641211596,82.71456641211596,0.0,0.0
115966044,50,ga,ga,28.80125370068027,28.80125370068027,0.0,0.0
1765221,50,aco,aco,9.20449135491398,9.20449135491398,0.0,0.0
101156139,50,aco,aco,5.670804163670922,5.670804163670922,0.0,0.0
72603440,50,ga,ga,20.098026251347708,20.098026251347708,0.0,0.0
86535721,50,aco,aco,111.9105504318232,111.9105504318232,0.0,0.0
47142371,50,aco,aco,47.83472001995562,47.83472001995562,0.0,0.0
16814478,50,aco,aco,63.07123980957348,63.07123980957348,0.0,0.0
79255431,50,aco,aco,100.63444102859908,100.63444102859908,0.0,0.0
116145558,50,aco,aco,50.87318961755929,50.87318961755929,0.0,0.0
176811317,50,ga,ga,42.48461896424313,42.48461896424313,0.0,0.0
21611491,50,aco,aco,15.322531790882367,15.322531790882367,0.0,0.0
188399943,50,aco,aco,6.937432161671856,6.937432161671856,0.0,0.0
48089806,50,ga,ga,36.81860336002392,36.81860336002392,0.0,0.0
106970398,50,aco,aco,29.70928827881611,29.70928827881611,0.0,0.0
336618669,50,sa,sa,99.94764512965976,99.94764512965976,0.0,0.0
51221328,50,aco,aco,17.439054216322784,17.439054216322784,0.0,0.0
145226826,50,aco,aco,18.160293229035503,18.160293229035503,0.0,0.0
140250299,50,ga,ga,74.04904170967731,74.04904170967731,0.0,0.0
46244801,50,aco,aco,10.275884166792888,10.275884166792888,0.0,0.0
27555399,50,aco,aco,15.263199660081096,15.263199660081096,0.0,0.0
148458078,50,aco,aco,68.57175821605361,68.57175821605361,0.0,0.0
73660578,50,ga,ga,9.380782373277096,9.380782373277096,0.0,0.0
129938217,50,aco,aco,9.173682781791696,9.173682781791696,0.0,0.0
588307270,50,sa,sa,176.50656889733634,176.50656889733634,0.0,0.0
40081487,50,aco,aco,65.98603232350966,65.98603232350966,0.0,0.0
144050012,50,ga,aco,87.93011933187138,100.09655431848992,12.16643498661854,0.13836481832464273
122119385,50,aco,aco,41.798081369922414,41.798081369922414,0.0,0.0
33738659,50,aco,aco,14.865362501958565,14.865362501958565,0.0,0.0
162330521,50,ga,ga,29.519938307706436,29.519938307706436,0.0,0.0
113153658,50,ga,ga,17.7455262104558,17.7455262104558,0.0,0.0
188818809,50,ga,ga,13.484391970603344,13.484391970603344,0.0,0.0
98273942,50,aco,aco,5.61042259457763,5.61042259457763,0.0,0.0
53794362,50,aco,aco,28.733818729751903,28.733818729751903,0.0,0.0
59508891,50,ga,ga,20.75835507115061,20.75835507115061,0.0,0.0
196537911,50,ga,ga,76.83843759377208,76.83843759377208,0.0,0.0
86376153,50,ga,ga,38.99578083494684,38.99578083494684,0.0,0.0
119396756,50,ga,ga,15.720324524438173,15.720324524438173,0.0,0.0
14520688,50,ga,ga,7.542045253418217,7.542045253418217,0.0,0.0
106461775,50,aco,aco,6.188203123660374,6.188203123660374,0.0,0.0
67706697,50,aco,ga,51.20133843895759,62.57407123083952,11.37273279188193,0.22211788087220688
31225463,50,ga,ga,52.62426682809594,52.62426682809594,0.0,0.0
128861133,50,ga,ga,18.6347547356445,18.6347547356445,0.0,0.0
188808836,50,aco,aco,48.91049311685215,48.91049311685215,0.0,0.0
131394275,50,ga,ga,8.44222360846345,8.44222360846345,0.0,0.0
159258837,50,aco,aco,140.93385591930303,140.93385591930303,0.0,0.0
157852644,50,aco,aco,65.76699579095495,65.76699579095495,0.0,0.0
87902022,50,ga,ga,9.842426454970918,9.842426454970918,0.0,0.0
115307826,50,aco,aco,14.707639336007215,14.707639336007215,0.0,0.0
116973317,50,aco,aco,102.16462709648526,102.16462709648526,0.0,0.0
47591156,50,aco,aco,49.25421823842511,49.25421823842511,0.0,0.0
185178664,50,sa,sa,57.06471501882713,57.06471501882713,0.0,0.0
83673470,50,aco,aco,119.1896138303798,119.1896138303798,0.0,0.0
70339569,50,aco,aco,63.01524913720308,63.01524913720308,0.0,0.0
209073972,50,sa,sa,423.78572783397897,423.78572783397897,0.0,0.0
67387561,50,aco,aco,8.109969694268017,8.109969694268017,0.0,0.0
2124249,50,aco,aco,27.032413192821902,27.032413192821902,0.0,0.0
110740192,50,aco,aco,6.224762837473085,6.224762837473085,0.0,0.0
193954904,50,ga,ga,51.439616885935166,51.439616885935166,0.0,0.0
190005596,50,aco,aco,117.42153615504228,117.42153615504228,0.0,0.0
171804871,50,ga,ga,20.022835322674684,20.022835322674684,0.0,0.0
379971300,50,sa,sa,172.4707469437525,172.4707469437525,0.0,0.0
183124226,50,aco,aco,120.10166912734203,120.10166912734203,0.0,0.0
737403620,50,sa,sa,22.19764067891419,22.19764067891419,0.0,0.0
116325072,50,ga,ga,22.857245424804823,22.857245424804823,0.0,0.0
156376640,50,aco,aco,5.272006082329073,5.272006082329073,0.0,0.0
105235096,50,aco,aco,8.268609325067514,8.268609325067514,0.0,0.0
66849019,50,sa,sa,144.95390487860374,144.95390487860374,0.0,0.0
29520080,50,aco,aco,20.351417635848872,20.351417635848872,0.0,0.0
177240156,50,ga,ga,42.17796819381666,42.17796819381666,0.0,0.0
95810611,50,ga,ga,157.5280862015055,157.5280862015055,0.0,0.0
39642675,50,ga,ga,21.742293794342476,21.742293794342476,0.0,0.0
122997009,50,aco,sa,235.4934320997308,306.4349458061104,70.94151370637962,0.3012462516421099
65462772,50,aco,aco,8.464940115832123,8.464940115832123,0.0,0.0
193366497,50,ga,ga,35.35088727879114,35.35088727879114,0.0,0.0
122328818,50,aco,aco,26.11308165697555,26.11308165697555,0.0,0.0
81579140,50,ga,ga,6.48964739385656,6.48964739385656,0.0,0.0
144708230,50,ga,ga,53.69231159208375,53.69231159208375,0.0,0.0
281747223,50,sa,sa,97.00341803987791,97.00341803987791,0.0,0.0
125320718,50,ga,ga,23.46185291037544,23.46185291037544,0.0,0.0
37289047,50,aco,aco,78.71758682706384,78.71758682706384,0.0,0.0
71097517,50,aco,aco,9.711489219020734,9.711489219020734,0.0,0.0
69422053,50,ga,ga,17.355570173254108,17.355570173254108,0.0,0.0
41028922,50,ga,ga,50.5586099776218,50.5586099776218,0.0,0.0
110141812,50,ga,ga,37.071449033782685,37.071449033782685,0.0,0.0
178426943,50,ga,ga,32.752396390730766,32.752396390730766,0.0,0.0
85348934,50,aco,aco,54.26133870678965,54.26133870678965,0.0,0.0
74797500,50,sa,sa,65.6265322759343,65.6265322759343,0.0,0.0
128182969,50,aco,aco,18.903002094570216,18.903002094570216,0.0,0.0
76552748,50,aco,aco,94.05125979451564,94.05125979451564,0.0,0.0
151998493,50,aco,aco,33.02486588942342,33.02486588942342,0.0,0.0
116175477,50,ga,ga,47.00349338088678,47.00349338088678,0.0,0.0
10242271,50,aco,aco,4.043867689319756,4.043867689319756,0.0,0.0
159827298,50,aco,aco,32.97107117948695,32.97107117948695,0.0,0.0
198721998,50,ga,ga,18.181771394351628,18.181771394351628,0.0,0.0
190673787,50,aco,aco,12.607266102148657,12.607266102148657,0.0,0.0
159946974,50,aco,aco,44.92047121182171,44.92047121182171,0.0,0.0
150452678,50,aco,aco,52.63149917716129,52.63149917716129,0.0,0.0
198053807,50,aco,aco,49.26068479108998,49.26068479108998,0.0,0.0
163926201,50,aco,aco,13.981110292764637,13.981110292764637,0.0,0.0
69072998,50,ga,ga,84.99418341174892,84.99418341174892,0.0,0.0
84670770,50,aco,aco,41.3956370338184,41.3956370338184,0.0,0.0
525976020,50,sa,sa,42.08991256373844,42.08991256373844,0.0,0.0
172672522,50,aco,aco,12.579056213301776,12.579056213301776,0.0,0.0
75924449,50,aco,aco,25.15096784768558,25.15096784768558,0.0,0.0
89567513,50,ga,ga,60.30321604747089,60.30321604747089,0.0,0.0
4009146,50,sa,sa,70.47816034226562,70.47816034226562,0.0,0.0
18031184,50,aco,aco,26.260538412354247,26.260538412354247,0.0,0.0
710436628,50,sa,sa,48.68820965089839,48.68820965089839,0.0,0.0
169700568,50,aco,aco,50.47518137334381,50.47518137334381,0.0,0.0
21731167,50,ga,ga,27.206615521536577,27.206615521536577,0.0,0.0
197265940,50,aco,aco,16.129558985809144,16.129558985809144,0.0,0.0
110261488,50,aco,aco,136.27503579856335,136.27503579856335,0.0,0.0
63787308,50,aco,aco,60.52964569159749,60.52964569159749,0.0,0.0
33599037,50,aco,aco,9.965319214877336,9.965319214877336,0.0,0.0
209442973,50,sa,sa,102.37787807742758,102.37787807742758,0.0,0.0
153055631,50,ga,ga,29.861895939254666,29.861895939254666,0.0,0.0
529436651,50,sa,sa,202.61988430096883,202.61988430096883,0.0,0.0
75605313,50,ga,ga,14.210812372695274,14.210812372695274,0.0,0.0
38735132,50,ga,ga,79.3870940220058,79.3870940220058,0.0,0.0
74707743,50,aco,aco,20.4291105788954,20.4291105788954,0.0,0.0
53804335,50,aco,aco,14.383764614966127,14.383764614966127,0.0,0.0
104177958,50,ga,ga,98.7425559174823,98.7425559174823,0.0,0.0
107897887,50,sa,sa,141.77504548097022,141.77504548097022,0.0,0.0
672429525,50,sa,sa,114.5934512178266,114.5934512178266,0.0,0.0
173959039,50,aco,aco,8.25073829734773,8.25073829734773,0.0,0.0
54173336,50,aco,aco,43.251344263502766,43.251344263502766,0.0,0.0
46085233,50,sa,sa,105.57152143502616,105.57152143502616,0.0,0.0
127305345,50,aco,aco,55.28755536536855,55.28755536536855,0.0,0.0
129778649,50,aco,aco,52.08863494173958,52.08863494173958,0.0,0.0
56217801,50,sa,sa,152.86074873771773,152.86074873771773,0.0,0.0
160934301,50,aco,aco,33.440583076794695,33.440583076794695,0.0,0.0
142952982,50,ga,ga,118.92028780895792,118.92028780895792,0.0,0.0
60695678,50,ga,ga,38.82186913580587,38.82186913580587,0.0,0.0
7848751,50,aco,aco,40.10232247203805,40.10232247203805,0.0,0.0
33898227,50,aco,aco,42.81159584168741,42.81159584168741,0.0,0.0
70239839,50,aco,aco,129.7410498518026,129.7410498518026,0.0,0.0
37059668,50,aco,aco,53.068724876961646,53.068724876961646,0.0,0.0
157922455,50,aco,aco,37.389592062937794,37.389592062937794,0.0,0.0
142135196,50,aco,aco,21.360233522189365,21.360233522189365,0.0,0.0
14271363,50,aco,aco,28.8052156715498,28.8052156715498,0.0,0.0
40590110,50,aco,aco,13.921163133981274,13.921163133981274,0.0,0.0
195590476,50,ga,ga,150.21723619758652,150.21723619758652,0.0,0.0
149225999,50,ga,ga,32.58628216684341,32.58628216684341,0.0,0.0
82107709,50,ga,ga,21.869313067138705,21.869313067138705,0.0,0.0
218119483,50,sa,sa,39.60612561562439,39.60612561562439,0.0,0.0
10730948,50,aco,aco,11.249423055647702,11.249423055647702,0.0,0.0
17632264,50,aco,aco,44.41995634367984,44.41995634367984,0.0,0.0
143012820,50,aco,aco,183.3745068688289,183.3745068688289,0.0,0.0
173799471,50,ga,ga,9.573216534226752,9.573216534226752,0.0,0.0
63109144,50,aco,aco,23.963875723056702,23.963875723056702,0.0,0.0
624618963,50,sa,sa,86.78709178143555,86.78709178143555,0.0,0.0
38964511,50,aco,aco,21.57537716350327,21.57537716350327,0.0,0.0
147241372,50,aco,aco,42.55809108308074,42.55809108308074,0.0,0.0
18420131,50,ga,ga,43.73228690519685,43.73228690519685,0.0,0.0
65522610,50,aco,aco,16.346717024314295,16.346717024314295,0.0,0.0
52238574,50,sa,sa,50.79337853422092,50.79337853422092,0.0,0.0
77071344,50,aco,aco,24.412196894791208,24.412196894791208,0.0,0.0
138245726,50,aco,aco,34.65983944679094,34.65983944679094,0.0,0.0
56217801,50,aco,aco,110.86534549661408,110.86534549661408,0.0,0.0
17213398,50,ga,ga,15.125567834106198,15.125567834106198,0.0,0.0
195610422,50,ga,ga,18.51400074419712,18.51400074419712,0.0,0.0
476878941,50,sa,sa,123.81551404816622,123.81551404816622,0.0,0.0
432509064,50,sa,sa,168.18895248682642,168.18895248682642,0.0,0.0
629874734,50,sa,sa,122.74535569916524,122.74535569916524,0.0,0.0
123525578,50,ga,ga,19.655102349223903,19.655102349223903,0.0,0.0
92738927,50,ga,ga,48.372773074302685,48.372773074302685,0.0,0.0
132271899,50,aco,aco,128.70171119439252,128.70171119439252,0.0,0.0
127883779,50,ga,ga,45.3148644172837,45.3148644172837,0.0,0.0
43362604,50,aco,aco,119.87932689160776,119.87932689160776,0.0,0.0
25311474,50,aco,aco,55.006899340192525,55.006899340192525,0.0,0.0
81499356,50,ga,ga,60.12369865127448,60.12369865127448,0.0,0.0
46912992,50,aco,aco,7.474604733396855,7.474604733396855,0.0,0.0
90385299,50,aco,aco,5.382336596645949,5.382336596645949,0.0,0.0
391839170,50,sa,sa,93.64377638289872,93.64377638289872,0.0,0.0
323823310,50,sa,sa,579.3432049918629,579.3432049918629,0.0,0.0
26817397,50,ga,ga,13.881589726845048,13.881589726845048,0.0,0.0
320801491,50,sa,sa,130.82169278316303,130.82169278316303,0.0,0.0
70788354,50,aco,aco,42.23682122570827,42.23682122570827,0.0,0.0
137148696,50,aco,aco,37.15722654249272,37.15722654249272,0.0,0.0
92728954,50,aco,aco,17.352952146965908,17.352952146965908,0.0,0.0
4936635,50,ga,ga,6.687825240941286,6.687825240941286,0.0,0.0
140449759,50,aco,aco,52.0912050233056,52.0912050233056,0.0,0.0
137457859,50,ga,ga,70.29209401588514,70.29209401588514,0.0,0.0
189586730,50,ga,sa,22.0422119747315,1687.024665867007,1664.9824538922753,75.5360875669356
162510035,50,ga,ga,48.74270929230705,48.74270929230705,0.0,0.0
184829609,50,ga,ga,16.84979233267548,16.84979233267548,0.0,0.0
111069301,50,aco,aco,8.49996254518152,8.49996254518152,0.0,0.0
102711927,50,aco,aco,9.27968429565392,9.27968429565392,0.0,0.0
116215369,50,aco,aco,73.97187835926053,73.97187835926053,0.0,0.0
182525846,50,aco,aco,21.987748602807955,21.987748602807955,0.0,0.0
48658267,50,ga,ga,48.19955517029113,48.19955517029113,0.0,0.0
78926322,50,sa,sa,37.00228014837824,37.00228014837824,0.0,0.0
105703827,50,ga,ga,12.103458862017373,12.103458862017373,0.0,0.0
126347937,50,ga,ga,5.120897144355942,5.120897144355942,0.0,0.0
92619251,50,aco,aco,12.287031165283995,12.287031165283995,0.0,0.0
181039869,50,aco,aco,41.26720657983352,41.26720657983352,0.0,0.0
70170028,50,aco,aco,30.536611044606392,30.536611044606392,0.0,0.0
78238185,50,aco,aco,44.273863866708936,44.273863866708936,0.0,0.0
157294156,50,ga,ga,8.03864070576865,8.03864070576865,0.0,0.0
96688235,50,ga,ga,95.73584707467133,95.73584707467133,0.0,0.0
69621513,50,ga,ga,65.95785736594308,65.95785736594308,0.0,0.0
31095814,50,ga,ga,94.08955896727451,94.08955896727451,0.0,0.0
268582863,50,sa,sa,45.18646585734128,45.18646585734128,0.0,0.0
85418745,50,aco,aco,50.11958710477043,50.11958710477043,0.0,0.0
154322202,50,aco,aco,128.39127137419456,128.39127137419456,0.0,0.0
142613900,50,aco,aco,12.996865806019464,12.996865806019464,0.0,0.0
71476491,50,aco,aco,10.921103555065889,10.921103555065889,0.0,0.0
59359296,50,aco,aco,8.441598583609746,8.441598583609746,0.0,0.0
68015860,50,aco,aco,27.424009521669888,27.424009521669888,0.0,0.0
90106055,50,ga,ga,45.38839844575431,45.38839844575431,0.0,0.0
62012114,50,ga,ga,74.13083788345507,74.13083788345507,0.0,0.0
109892487,50,aco,aco,71.64368056663045,71.64368056663045,0.0,0.0
107459075,50,ga,ga,8.24983929997631,8.24983929997631,0.0,0.0
161413005,50,ga,ga,85.30127350996116,85.30127350996116,0.0,0.0
195999369,50,aco,aco,54.59215971420838,54.59215971420838,0.0,0.0
41218409,50,aco,aco,34.81416643055413,34.81416643055413,0.0,0.0
78158401,50,ga,ga,28.153402521855455,28.153402521855455,0.0,0.0
56995695,50,ga,ga,67.03224760274621,67.03224760274621,0.0,0.0
61194328,50,aco,aco,12.613293787242789,12.613293787242789,0.0,0.0
118588943,50,ga,ga,8.140090841798399,8.140090841798399,0.0,0.0
76782127,50,ga,ga,96.20046116830056,96.20046116830056,0.0,0.0
83992606,50,ga,ga,10.203905110907904,10.203905110907904,0.0,0.0
2952008,50,aco,aco,33.68556906016607,33.68556906016607,0.0,0.0
175175745,50,aco,aco,18.41448286265556,18.41448286265556,0.0,0.0
138514997,50,ga,ga,64.94580622530599,64.94580622530599,0.0,0.0
160515435,50,ga,ga,10.448582211054044,10.448582211054044,0.0,0.0
2523169,50,aco,aco,51.66211844942825,51.66211844942825,0.0,0.0
157952374,50,aco,aco,14.570077970520282,14.570077970520282,0.0,0.0
18410158,50,ga,ga,13.810726190152137,13.810726190152137,0.0,0.0
178566565,50,aco,aco,32.339509412317526,32.339509412317526,0.0,0.0
177280048,50,aco,aco,25.050258744863783,25.050258744863783,0.0,0.0
157074750,50,ga,ga,35.90136463533761,35.90136463533761,0.0,0.0
474694854,50,sa,sa,176.9027724675761,176.9027724675761,0.0,0.0
581376035,50,sa,sa,87.588270918067,87.588270918067,0.0,0.0
190753571,50,sa,sa,153.68919477449566,153.68919477449566,0.0,0.0
22768359,50,aco,aco,33.58615638143712,33.58615638143712,0.0,0.0
47790616,50,aco,aco,73.99625472386872,73.99625472386872,0.0,0.0
94853203,50,aco,ga,38.55969023312434,43.69848932928629,5.1387990961619465,0.1332686820120642
121481113,50,aco,aco,9.391556101837242,9.391556101837242,0.0,0.0
95262096,50,aco,aco,9.402665202311654,9.402665202311654,0.0,0.0
156217072,50,ga,ga,39.58183177225998,39.58183177225998,0.0,0.0
41537545,50,aco,aco,16.984314615186996,16.984314615186996,0.0,0.0
133807741,50,ga,ga,62.361402544721415,62.361402544721415,0.0,0.0
90784219,50,aco,aco,15.249654101128804,15.249654101128804,0.0,0.0
199300432,50,aco,aco,53.895314348209936,53.895314348209936,0.0,0.0
164225391,50,ga,ga,24.968349426984428,24.968349426984428,0.0,0.0
30258082,50,ga,ga,53.88436859445317,53.88436859445317,0.0,0.0
155419232,50,aco,aco,55.44023944929874,55.44023944929874,0.0,0.0
104038336,50,aco,aco,136.0942502447498,136.0942502447498,0.0,0.0
198422808,50,ga,aco,28.59490399617668,28.99552397420645,0.4006199780297699,0.014010187902128832
48927538,50,aco,aco,10.325454314986755,10.325454314986755,0.0,0.0
176861182,50,aco,aco,19.448501238844024,19.448501238844024,0.0,0.0
171136680,50,aco,aco,17.323384749801164,17.323384749801164,0.0,0.0
116315099,50,aco,aco,42.14424158047626,42.14424158047626,0.0,0.0
122149304,50,sa,sa,44.76073807140733,44.76073807140733,0.0,0.0
253643309,50,sa,sa,120.0352858053969,120.0352858053969,0.0,0.0
35663448,50,aco,ga,49.056646104668566,80.91997683245529,31.863330727786725,0.6495211812850449
163208145,50,aco,aco,51.28984515388227,51.28984515388227,0.0,0.0
12107222,50,ga,ga,15.653906112213932,15.653906112213932,0.0,0.0
19048430,50,aco,aco,136.25819774374577,136.25819774374577,0.0,0.0
133628227,50,aco,aco,25.035819509224535,25.035819509224535,0.0,0.0
144508770,50,sa,sa,301.7538845284444,301.7538845284444,0.0,0.0
53744497,50,aco,aco,56.26043976732184,56.26043976732184,0.0,0.0
507017347,50,sa,sa,167.4349963570023,167.4349963570023,0.0,0.0
53614848,50,aco,aco,12.032835701366787,12.032835701366787,0.0,0.0
179763325,50,aco,aco,105.73398169626532,105.73398169626532,0.0,0.0
128462213,50,aco,aco,16.482237063866943,16.482237063866943,0.0,0.0
157762887,50,aco,aco,18.03799141502031,18.03799141502031,0.0,0.0
9564107,50,aco,aco,11.935604722130826,11.935604722130826,0.0,0.0
173480335,50,aco,aco,36.73937237708999,36.73937237708999,0.0,0.0
84042471,50,aco,aco,58.71244186446408,58.71244186446408,0.0,0.0
54293012,50,aco,aco,38.67425933673376,38.67425933673376,0.0,0.0
175684368,50,ga,ga,11.452949459158845,11.452949459158845,0.0,0.0
98882295,50,ga,ga,11.90167870557267,11.90167870557267,0.0,0.0
178785971,50,ga,ga,44.32924935185044,44.32924935185044,0.0,0.0
125749557,50,aco,aco,11.053539257671954,11.053539257671954,0.0,0.0
112704873,50,ga,ga,46.98903831404351,46.98903831404351,0.0,0.0
86057017,50,aco,aco,32.549182046731026,32.549182046731026,0.0,0.0
128512078,50,ga,ga,21.97769167791663,21.97769167791663,0.0,0.0
697072808,50,sa,sa,168.78917495549632,168.78917495549632,0.0,0.0
80512029,50,sa,sa,231.01945484563404,231.01945484563404,0.0,0.0
59439080,50,ga,ga,20.82009166206808,20.82009166206808,0.0,0.0
11389166,50,aco,aco,14.53264518585241,14.53264518585241,0.0,0.0
169002458,50,aco,aco,113.77581155550196,113.77581155550196,0.0,0.0
165611638,50,aco,aco,39.70748363159677,39.70748363159677,0.0,0.0
5794313,50,ga,ga,64.3059498909559,64.3059498909559,0.0,0.0
602419065,50,sa,sa,151.69628360540648,151.69628360540648,0.0,0.0
163507335,50,aco,aco,25.071291745449344,25.071291745449344,0.0,0.0
24713094,50,aco,aco,8.211733643533588,8.211733643533588,0.0,0.0
117621562,50,aco,aco,22.131336930061536,22.131336930061536,0.0,0.0
162081196,50,aco,aco,79.8469548635777,79.8469548635777,0.0,0.0
23147333,50,aco,aco,71.57057609350395,71.57057609350395,0.0,0.0
182416143,50,aco,aco,17.071791375761727,17.071791375761727,0.0,0.0
549502327,50,sa,sa,62.58104478513332,62.58104478513332,0.0,0.0
62022087,50,ga,ga,50.22989210367338,50.22989210367338,0.0,0.0
26488288,50,ga,ga,16.740004687771386,16.740004687771386,0.0,0.0
74288877,50,aco,aco,35.95662831295686,35.95662831295686,0.0,0.0
124692419,50,ga,ga,36.490341685406655,36.490341685406655,0.0,0.0
59050133,50,aco,aco,57.67406818249421,57.67406818249421,0.0,0.0
45347231,50,ga,ga,26.943882424144945,26.943882424144945,0.0,0.0
101215977,50,ga,ga,40.98565047484611,40.98565047484611,0.0,0.0
679330841,50,sa,sa,127.78657952353136,127.78657952353136,0.0,0.0
121720465,50,ga,ga,7.550446525560469,7.550446525560469,0.0,0.0
50513245,50,aco,aco,7.5656404414828895,7.5656404414828895,0.0,0.0
181907520,50,ga,ga,27.916074086158204,27.916074086158204,0.0,0.0
166080369,50,aco,aco,49.627336226667765,49.627336226667765,0.0,0.0
56167936,50,aco,aco,16.583255069820154,16.583255069820154,0.0,0.0
147510643,50,ga,ga,12.78460288235033,12.78460288235033,0.0,0.0
96947533,50,ga,sa,27.80254828655221,141.4744740433394,113.67192575678719,4.088543416423777
74059498,50,aco,aco,15.582877542897194,15.582877542897194,0.0,0.0
696085481,50,sa,sa,92.32732383118856,92.32732383118856,0.0,0.0
175085988,50,aco,aco,21.65205132020388,21.65205132020388,0.0,0.0
74149255,50,ga,ga,23.75345851643433,23.75345851643433,0.0,0.0
7001046,50,ga,ga,57.453748755408576,57.453748755408576,0.0,0.0
132291845,50,aco,aco,34.535891745044246,34.535891745044246,0.0,0.0
70888084,50,aco,aco,8.668403689692564,8.668403689692564,0.0,0.0
52218628,50,aco,aco,31.333746555566638,31.333746555566638,0.0,0.0
188878647,50,ga,ga,45.802332024758094,45.802332024758094,0.0,0.0
118937998,50,aco,aco,17.748575258222857,17.748575258222857,0.0,0.0
66150909,50,ga,ga,50.26596771348605,50.26596771348605,0.0,0.0
367963808,50,sa,sa,70.4884684154568,70.4884684154568,0.0,0.0
65333123,50,ga,ga,19.141384848626377,19.141384848626377,0.0,0.0
283941283,50,sa,sa,24.328543061141023,24.328543061141023,0.0,0.0
399797624,50,sa,sa,46.50794129315908,46.50794129315908,0.0,0.0
170458516,50,ga,ga,9.817527059193605,9.817527059193605,0.0,0.0
293016713,50,sa,sa,52.84671943801554,52.84671943801554,0.0,0.0
1426139,50,ga,ga,60.68395482721804,60.68395482721804,0.0,0.0
51500572,50,aco,aco,41.9651664152236,41.9651664152236,0.0,0.0
30527353,50,ga,ga,61.69779291741661,61.69779291741661,0.0,0.0
50194109,50,aco,aco,14.427304489077986,14.427304489077986,0.0,0.0
496874806,50,sa,sa,200.1004688631412,200.1004688631412,0.0,0.0
114649608,50,aco,aco,29.54771390112728,29.54771390112728,0.0,0.0
135742503,50,aco,aco,40.54484976987989,40.54484976987989,0.0,0.0
25939773,50,aco,aco,12.812960261166792,12.812960261166792,0.0,0.0
173450416,50,ga,ga,19.04206680512354,19.04206680512354,0.0,0.0
73301550,50,aco,aco,57.619841868638574,57.619841868638574,0.0,0.0
165651530,50,ga,ga,1176.964204488005,1176.964204488005,0.0,0.0
153414659,50,aco,aco,30.53812035315874,30.53812035315874,0.0,0.0
31913600,50,sa,sa,409.1952521085356,409.1952521085356,0.0,0.0
133159496,50,aco,aco,10.838396761470513,10.838396761470513,0.0,0.0
82586413,50,aco,aco,30.674519229409867,30.674519229409867,0.0,0.0
120513732,50,ga,ga,70.50919189831664,70.50919189831664,0.0,0.0
29928973,50,aco,aco,7.7781804221691075,7.7781804221691075,0.0,0.0
188340105,50,aco,aco,38.551595721368926,38.551595721368926,0.0,0.0
88550267,50,ga,ga,21.463300908759383,21.463300908759383,0.0,0.0
25072122,50,aco,aco,46.01393695319025,46.01393695319025,0.0,0.0
141536816,50,aco,aco,175.41490207135,175.41490207135,0.0,0.0
66849019,50,ga,ga,19.70141911725915,19.70141911725915,0.0,0.0
119705919,50,ga,ga,36.40524725407861,36.40524725407861,0.0,0.0
19427404,50,aco,aco,28.529451812097868,28.529451812097868,0.0,0.0
60905111,50,aco,aco,18.492008009567225,18.492008009567225,0.0,0.0
80631705,50,aco,aco,105.01833375243768,105.01833375243768,0.0,0.0
129489432,50,ga,ga,15.782637819289192,15.782637819289192,0.0,0.0
141347329,50,ga,ga,20.346299990900675,20.346299990900675,0.0,0.0
230575760,50,sa,sa,169.76005313886668,169.76005313886668,0.0,0.0
157782833,50,aco,aco,47.06550760464,47.06550760464,0.0,0.0
141277518,50,ga,ga,67.52925781218434,67.52925781218434,0.0,0.0
147660238,50,aco,aco,59.945741116518754,59.945741116518754,0.0,0.0
93018171,50,ga,ga,24.68987233607961,24.68987233607961,0.0,0.0
119466567,50,ga,ga,13.13257864538436,13.13257864538436,0.0,0.0
114150958,50,ga,ga,37.51970553888917,37.51970553888917,0.0,0.0
198851647,50,aco,aco,16.65933148007592,16.65933148007592,0.0,0.0
25490988,50,ga,ga,46.60408458889077,46.60408458889077,0.0,0.0
34696067,50,aco,aco,28.502724542133198,28.502724542133198,0.0,0.0
140888571,50,ga,aco,27.496406026092345,28.443981848493365,0.9475758224010207,0.03446180644487979
186156018,50,ga,ga,27.22259893163683,27.22259893163683,0.0,0.0
26268882,50,aco,aco,21.22079149117834,21.22079149117834,0.0,0.0
61503491,50,ga,ga,43.56503901449431,43.56503901449431,0.0,0.0
76822019,50,ga,ga,14.070637595858148,14.070637595858148,0.0,0.0
4009146,50,ga,ga,62.23169933447031,62.23169933447031,0.0,0.0
132371629,50,ga,ga,9.820233102403469,9.820233102403469,0.0,0.0
84371580,50,ga,ga,13.31841598043852,13.31841598043852,0.0,0.0
46543991,50,ga,ga,26.075825213512424,26.075825213512424,0.0,0.0
134625527,50,ga,ga,71.38451287607066,71.38451287607066,0.0,0.0
98782565,50,ga,aco,115.71050676985736,116.3418250822777,0.6313183124203334,0.005456015447897011
146144342,50,aco,aco,44.33354367898932,44.33354367898932,0.0,0.0
752014065,50,sa,sa,96.02046250676024,96.02046250676024,0.0,0.0
58451753,50,aco,aco,19.03677886535312,19.03677886535312,0.0,0.0
81110409,50,ga,ga,21.94604267663613,21.94604267663613,0.0,0.0
232231278,50,sa,sa,47.81917601308551,47.81917601308551,0.0,0.0
55011068,50,ga,ga,15.111351526960457,15.111351526960457,0.0,0.0
8187833,50,aco,aco,10.057704708565002,10.057704708565002,0.0,0.0
78766754,50,aco,aco,72.44069175069708,72.44069175069708,0.0,0.0
81638978,50,ga,ga,55.01505813171501,55.01505813171501,0.0,0.0
127983509,50,aco,aco,12.227952906087973,12.227952906087973,0.0,0.0
136400721,50,sa,sa,342.06540693531275,342.06540693531275,0.0,0.0
122667900,50,aco,aco,21.61784940102946,21.61784940102946,0.0,0.0
89447837,50,ga,ga,26.035447190649627,26.035447190649627,0.0,0.0
453213012,50,sa,sa,111.56520847266457,111.56520847266457,0.0,0.0
2233952,50,aco,aco,18.830471150748338,18.830471150748338,0.0,0.0
181947412,50,aco,aco,12.171804994933218,12.171804994933218,0.0,0.0
104566905,50,aco,aco,8.809423040449804,8.809423040449804,0.0,0.0
206072099,50,sa,sa,69.98627353821969,69.98627353821969,0.0,0.0
147291237,50,aco,aco,56.87331881303365,56.87331881303365,0.0,0.0
93137847,50,sa,sa,92.20043920456558,92.20043920456558,0.0,0.0
176641776,50,aco,aco,4.435532837073455,4.435532837073455,0.0,0.0
94424364,50,aco,aco,30.067261574562487,30.067261574562487,0.0,0.0
24214444,50,ga,ga,35.42775933354882,35.42775933354882,0.0,0.0
53146117,50,aco,aco,32.37309929553713,32.37309929553713,0.0,0.0
180770598,50,ga,ga,14.402916288882007,14.402916288882007,0.0,0.0
101225950,50,aco,aco,29.94626348111621,29.94626348111621,0.0,0.0
155239718,50,sa,sa,237.54165918032615,237.54165918032615,0.0,0.0
90644597,50,aco,aco,42.17370181867318,42.17370181867318,0.0,0.0
41617329,50,aco,aco,28.45728078232483,28.45728078232483,0.0,0.0
170398678,50,ga,ga,23.02912914856505,23.02912914856505,0.0,0.0
85229258,50,aco,aco,52.89035450736027,52.89035450736027,0.0,0.0
50523218,50,ga,ga,32.52816539634625,32.52816539634625,0.0,0.0
122378683,50,ga,ga,14.6141866904093,14.6141866904093,0.0,0.0
92569386,50,sa,sa,377.06588844785966,377.06588844785966,0.0,0.0
4278417,50,aco,aco,15.795188124129927,15.795188124129927,0.0,0.0
134386175,50,ga,ga,35.00117699072331,35.00117699072331,0.0,0.0
100966652,50,aco,aco,24.893191314710837,24.893191314710837,0.0,0.0
134086985,50,aco,aco,44.98116876454664,44.98116876454664,0.0,0.0
112176304,50,ga,ga,14.11791167572514,14.11791167572514,0.0,0.0
18599645,50,ga,ga,16.452119124278266,16.452119124278266,0.0,0.0
182087034,50,ga,ga,34.13518982418043,34.13518982418043,0.0,0.0
72194547,50,ga,ga,68.05799281025335,68.05799281025335,0.0,0.0
118798376,50,aco,aco,36.8559030569273,36.8559030569273,0.0,0.0
50253947,50,aco,aco,10.278588766398151,10.278588766398151,0.0,0.0
96219504,50,ga,ga,32.98073453880409,32.98073453880409,0.0,0.0
181957385,50,ga,ga,8.728978847531431,8.728978847531431,0.0,0.0
184949285,50,ga,ga,8.709709771062673,8.709709771062673,0.0,0.0
133319064,50,ga,ga,34.06163832741778,34.06163832741778,0.0,0.0
191521492,50,aco,aco,41.13677282721991,41.13677282721991,0.0,0.0
112196250,50,ga,ga,28.05087342765377,28.05087342765377,0.0,0.0
42465034,50,ga,ga,34.619610455133106,34.619610455133106,0.0,0.0
69272458,50,aco,aco,21.68308486010219,21.68308486010219,0.0,0.0
117491913,50,aco,aco,15.455992091474236,15.455992091474236,0.0,0.0
477756565,50,sa,sa,68.57571572380002,68.57571572380002,0.0,0.0
169890055,50,aco,aco,37.59836690495797,37.59836690495797,0.0,0.0
71356815,50,aco,aco,162.55816128292702,162.55816128292702,0.0,0.0
180271948,50,aco,aco,196.25618223419025,196.25618223419025,0.0,0.0
129978109,50,ga,ga,37.25274007929435,37.25274007929435,0.0,0.0
34356985,50,aco,aco,157.65700098514313,157.65700098514313,0.0,0.0
81838438,50,aco,aco,56.58922737315427,56.58922737315427,0.0,0.0
191421762,50,sa,sa,306.97546866396533,306.97546866396533,0.0,0.0
141427113,50,aco,aco,26.99700002759149,26.99700002759149,0.0,0.0
36421396,50,ga,ga,53.28593496185224,53.28593496185224,0.0,0.0
12506142,50,ga,ga,43.68430303862428,43.68430303862428,0.0,0.0
47172290,50,aco,aco,40.33027424750345,40.33027424750345,0.0,0.0
131942790,50,ga,ga,428.3977044089324,428.3977044089324,0.0,0.0
174527500,50,ga,sa,159.6998914498764,204.9252228988479,45.2253314489715,0.28318949398388277
142583981,50,sa,sa,161.700885285092,161.700885285092,0.0,0.0
112595170,50,ga,ga,14.290447258411676,14.290447258411676,0.0,0.0
94354553,50,sa,sa,276.1766284773696,276.1766284773696,0.0,0.0
181728006,50,ga,ga,9.236550992556705,9.236550992556705,0.0,0.0
156935128,50,aco,aco,14.45682347966567,14.45682347966567,0.0,0.0
73889957,50,aco,aco,28.112186818038445,28.112186818038445,0.0,0.0
12376493,50,aco,aco,31.73988105513313,31.73988105513313,0.0,0.0
39303593,50,ga,ga,46.261342953994806,46.261342953994806,0.0,0.0
149525189,50,aco,aco,39.25040362296028,39.25040362296028,0.0,0.0
20075649,50,ga,ga,15.2458473776888,15.2458473776888,0.0,0.0
42125952,50,aco,aco,54.56109872146835,54.56109872146835,0.0,0.0
89098782,50,ga,ga,18.33197158775293,18.33197158775293,0.0,0.0
95641070,50,ga,ga,18.25764255874098,18.25764255874098,0.0,0.0
137068912,50,aco,aco,38.04936455767504,38.04936455767504,0.0,0.0
31943519,50,sa,sa,181.36282003982055,181.36282003982055,0.0,0.0
161762060,50,aco,aco,25.080942919622583,25.080942919622583,0.0,0.0
147690157,50,aco,aco,20.075894426629368,20.075894426629368,0.0,0.0
107638589,50,aco,aco,46.08042293336605,46.08042293336605,0.0,0.0
172413224,50,aco,aco,15.653291937918445,15.653291937918445,0.0,0.0
121969790,50,aco,aco,13.560048848711356,13.560048848711356,0.0,0.0
124363310,50,aco,aco,24.937997414890496,24.937997414890496,0.0,0.0
156506289,50,ga,ga,5.945361557160156,5.945361557160156,0.0,0.0
92250250,50,aco,aco,47.893331389357066,47.893331389357066,0.0,0.0
177978158,50,aco,aco,36.778572925989614,36.778572925989614,0.0,0.0
101565032,50,ga,ga,7.174623463441595,7.174623463441595,0.0,0.0
93297415,50,aco,aco,25.664485453704486,25.664485453704486,0.0,0.0
185986477,50,ga,ga,15.225362013935936,15.225362013935936,0.0,0.0
185507773,50,ga,ga,76.51860763914902,76.51860763914902,0.0,0.0
523931555,50,sa,sa,47.22781642714492,47.22781642714492,0.0,0.0
211487438,50,sa,sa,83.79041162806497,83.79041162806497,0.0,0.0
526644211,50,sa,sa,73.06961042819381,73.06961042819381,0.0,0.0
37847535,50,ga,ga,149.82347357489206,149.82347357489206,0.0,0.0
179813190,50,aco,aco,18.91916610995282,18.91916610995282,0.0,0.0
56447180,50,ga,ga,6.814643219516791,6.814643219516791,0.0,0.0
135144123,50,ga,ga,159.8220261106322,159.8220261106322,0.0,0.0
85767800,50,aco,aco,22.185603643671016,22.185603643671016,0.0,0.0
151071004,50,aco,aco,12.0465995229615,12.0465995229615,0.0,0.0
98991998,50,ga,ga,36.37904888679095,36.37904888679095,0.0,0.0
51999222,50,sa,sa,31.821207763705004,31.821207763705004,0.0,0.0
120543651,50,aco,aco,35.11589729840467,35.11589729840467,0.0,0.0
171206491,50,ga,ga,19.453999011306987,19.453999011306987,0.0,0.0
152676657,50,ga,ga,80.98999298948713,80.98999298948713,0.0,0.0
198981296,50,aco,aco,24.57884892652112,24.57884892652112,0.0,0.0
312045197,50,sa,sa,281.95736144768125,281.95736144768125,0.0,0.0
67676778,50,aco,aco,22.87578841476124,22.87578841476124,0.0,0.0
56377369,50,ga,ga,45.61516086772979,45.61516086772979,0.0,0.0
185946585,50,aco,aco,114.54990798075868,114.54990798075868,0.0,0.0
155548881,50,aco,aco,30.871234099721825,30.871234099721825,0.0,0.0
103489821,50,aco,aco,32.48656942823347,32.48656942823347,0.0,0.0
111318626,50,aco,aco,54.79489778109527,54.79489778109527,0.0,0.0
89368053,50,ga,ga,22.973169388169588,22.973169388169588,0.0,0.0
100468002,50,ga,ga,139.21274103164694,139.21274103164694,0.0,0.0
143870498,50,aco,aco,16.40864767043615,16.40864767043615,0.0,0.0
17432804,50,ga,ga,25.91167300036798,25.91167300036798,0.0,0.0
99380945,50,aco,aco,26.66962681695488,26.66962681695488,0.0,0.0
75535502,50,aco,aco,7.743451011354125,7.743451011354125,0.0,0.0
248626890,50,sa,sa,50.04494071267223,50.04494071267223,0.0,0.0
22219844,50,aco,aco,16.403254591099525,16.403254591099525,0.0,0.0
192728225,50,ga,ga,40.5068868841275,40.5068868841275,0.0,0.0
75465691,50,aco,aco,67.9396958484108,67.9396958484108,0.0,0.0
177589211,50,ga,ga,95.94136428780352,95.94136428780352,0.0,0.0
131035247,50,aco,aco,79.29128839577265,79.29128839577265,0.0,0.0
60216974,50,ga,ga,126.87307292925138,126.87307292925138,0.0,0.0
33130306,50,ga,ga,13.93519503494748,13.93519503494748,0.0,0.0
170807571,50,ga,ga,79.28154856094874,79.28154856094874,0.0,0.0
4039065,50,aco,aco,9.59260202816618,9.59260202816618,0.0,0.0
124143904,50,aco,aco,24.38727167974138,24.38727167974138,0.0,0.0
130357083,50,aco,aco,32.470976017651886,32.470976017651886,0.0,0.0
26707694,50,aco,aco,11.042845028477936,11.042845028477936,0.0,0.0
160076623,50,ga,ga,19.1660164597516,19.1660164597516,0.0,0.0
194353824,50,ga,ga,61.806623166155134,61.806623166155134,0.0,0.0
6113449,50,aco,aco,75.53332554127863,75.53332554127863,0.0,0.0
91651870,50,aco,aco,46.47237257425582,46.47237257425582,0.0,0.0
139073485,50,ga,ga,17.434366348930986,17.434366348930986,0.0,0.0
191900466,50,aco,aco,21.761055300392695,21.761055300392695,0.0,0.0
154770987,50,aco,aco,83.99346097193663,83.99346097193663,0.0,0.0
113722119,50,ga,ga,20.204862299393355,20.204862299393355,0.0,0.0
122787576,50,aco,aco,43.4054318739734,43.4054318739734,0.0,0.0
185747125,50,aco,aco,40.54616439495981,40.54616439495981,0.0,0.0
169251783,50,ga,ga,55.20294701898296,55.20294701898296,0.0,0.0
68574348,50,aco,aco,40.497554648804,40.497554648804,0.0,0.0
30517380,50,aco,aco,42.57221011672675,42.57221011672675,0.0,0.0
171884655,50,ga,ga,14.778668773181696,14.778668773181696,0.0,0.0
142224953,50,aco,aco,8.915908077914336,8.915908077914336,0.0,0.0
107658535,50,aco,aco,81.1073648162622,81.1073648162622,0.0,0.0
145216853,50,sa,sa,112.71509992885083,112.71509992885083,0.0,0.0
103390091,50,aco,aco,19.488097662912335,19.488097662912335,0.0,0.0
88769673,50,ga,ga,26.72342456202047,26.72342456202047,0.0,0.0
2682737,50,aco,aco,27.17625503992885,27.17625503992885,0.0,0.0
260863761,50,sa,sa,87.75979342513531,87.75979342513531,0.0,0.0
751166360,50,sa,sa,70.67821986841307,70.67821986841307,0.0,0.0
125669773,50,aco,aco,46.5763386413816,46.5763386413816,0.0,0.0
92699035,50,aco,aco,38.86880623374971,38.86880623374971,0.0,0.0
38076914,50,aco,aco,20.19767579951524,20.19767579951524,0.0,0.0
195640341,50,aco,aco,61.2722794544184,61.2722794544184,0.0,0.0
386134614,50,sa,sa,212.211007857154,212.211007857154,0.0,0.0
51301112,50,aco,aco,10.863848827520568,10.863848827520568,0.0,0.0
53754470,50,ga,ga,23.31429768744807,23.31429768744807,0.0,0.0
23406631,50,aco,aco,7.070004012264564,7.070004012264564,0.0,0.0
186405343,50,aco,aco,13.06701296248839,13.06701296248839,0.0,0.0
116793803,50,aco,aco,22.56085925389929,22.56085925389929,0.0,0.0
495418748,50,sa,sa,151.2822943263213,151.2822943263213,0.0,0.0
50423488,50,ga,ga,44.33434331657821,44.33434331657821,0.0,0.0
178835836,50,aco,aco,24.2129880626037,24.2129880626037,0.0,0.0
47262047,50,ga,ga,19.002102147099738,19.002102147099738,0.0,0.0
83773200,50,aco,aco,11.557651003214213,11.557651003214213,0.0,0.0
175814017,50,ga,ga,18.71143968878305,18.71143968878305,0.0,0.0
163148307,50,sa,sa,60.9648556696269,60.9648556696269,0.0,0.0
78527402,50,sa,sa,66.06764421054285,66.06764421054285,0.0,0.0
79375107,50,aco,aco,13.568324046328922,13.568324046328922,0.0,0.0
121750384,50,aco,aco,46.46786971768228,46.46786971768228,0.0,0.0
175325340,50,aco,aco,24.1059675422295,24.1059675422295,0.0,0.0
75515556,50,ga,ga,14.392788202559878,14.392788202559878,0.0,0.0
226855831,50,sa,sa,98.26811193782405,98.26811193782405,0.0,0.0
30018730,50,aco,aco,18.48779298862656,18.48779298862656,0.0,0.0
2533142,50,aco,aco,40.27065311095842,40.27065311095842,0.0,0.0
57793535,50,aco,aco,78.9842854840192,78.9842854840192,0.0,0.0
4019119,50,ga,ga,41.59820389374558,41.59820389374558,0.0,0.0
331711953,50,sa,sa,28.20508375793735,28.20508375793735,0.0,0.0
9374620,50,aco,aco,10.975647317928589,10.975647317928589,0.0,0.0
27884508,50,ga,aco,89.46257651299146,89.78591540898148,0.32333889599001964,0.003614236349911803
142733576,50,aco,aco,39.48183588413881,39.48183588413881,0.0,0.0
190394543,50,aco,aco,15.374367924353908,15.374367924353908,0.0,0.0
182894847,50,aco,aco,49.15169074408786,49.15169074408786,0.0,0.0
31983411,50,aco,aco,53.280658695918106,53.280658695918106,0.0,0.0
506209534,50,sa,sa,99.8176192479091,99.8176192479091,0.0,0.0
38894700,50,ga,ga,118.52281470102724,118.52281470102724,0.0,0.0
75455718,50,ga,ga,8.705759309703383,8.705759309703383,0.0,0.0
151679357,50,aco,aco,16.962210068834963,16.962210068834963,0.0,0.0
83114982,50,aco,aco,22.800679951920745,22.800679951920745,0.0,0.0
184201310,50,ga,ga,32.118228673658976,32.118228673658976,0.0,0.0
162190899,50,aco,aco,25.175260076258574,25.175260076258574,0.0,0.0
58002968,50,ga,ga,28.539768915457284,28.539768915457284,0.0,0.0
165980639,50,ga,ga,48.87933741115865,48.87933741115865,0.0,0.0
35394177,50,aco,aco,20.730511145010297,20.730511145010297,0.0,0.0
63537983,50,aco,aco,5.946767550554897,5.946767550554897,0.0,0.0
112664981,50,ga,ga,47.721479833819885,47.721479833819885,0.0,0.0
79504756,50,aco,aco,48.98820250221637,48.98820250221637,0.0,0.0
40919219,50,aco,aco,78.62897118144241,78.62897118144241,0.0,0.0
110221596,50,aco,aco,10.991074797692686,10.991074797692686,0.0,0.0
754706775,50,sa,sa,25.31813903439729,25.31813903439729,0.0,0.0
52807035,50,aco,aco,24.818210446955305,24.818210446955305,0.0,0.0
21182652,50,aco,aco,43.93950782153422,43.93950782153422,0.0,0.0
63817227,50,aco,aco,39.01205722847067,39.01205722847067,0.0,0.0
4637445,50,aco,ga,27.682623090533006,34.2866565559421,6.6040334654090955,0.2385624167121491
162250737,50,aco,aco,5.963039801364841,5.963039801364841,0.0,0.0
181009950,50,aco,aco,47.1424485651285,47.1424485651285,0.0,0.0
165621611,50,aco,aco,5.941277258638813,5.941277258638813,0.0,0.0
124293499,50,aco,aco,23.9162996844939,23.9162996844939,0.0,0.0
105304907,50,aco,aco,24.04670192477217,24.04670192477217,0.0,0.0
68065725,50,aco,aco,56.73590431912308,56.73590431912308,0.0,0.0
26288828,50,aco,aco,71.1415519285041,71.1415519285041,0.0,0.0
737014673,50,sa,sa,61.36112462893687,61.36112462893687,0.0,0.0
156187153,50,ga,ga,242.88467724736944,242.88467724736944,0.0,0.0
187312886,50,aco,aco,47.78515309602873,47.78515309602873,0.0,0.0
53245847,50,aco,aco,24.25139904104268,24.25139904104268,0.0,0.0
148866971,50,aco,aco,5.619813230032105,5.619813230032105,0.0,0.0
23616064,50,ga,ga,28.86051365669625,28.86051365669625,0.0,0.0
187701833,50,ga,ga,33.58051322572866,33.58051322572866,0.0,0.0
168633457,50,ga,ga,10.068321115403783,10.068321115403783,0.0,0.0
49097079,50,ga,ga,70.87065246693193,70.87065246693193,0.0,0.0
110959598,50,aco,aco,18.91848213533309,18.91848213533309,0.0,0.0
137677265,50,ga,ga,74.51131561325218,74.51131561325218,0.0,0.0
167646130,50,ga,ga,38.52920778787211,38.52920778787211,0.0,0.0
8596726,50,aco,aco,59.515632332183614,59.515632332183614,0.0,0.0
195400989,50,aco,aco,28.78480609536318,28.78480609536318,0.0,0.0
134436040,50,aco,aco,21.176817157344757,21.176817157344757,0.0,0.0
154601446,50,aco,aco,53.56325958169074,53.56325958169074,0.0,0.0
2214006,50,ga,sa,49.11042952916649,510.3089000310579,461.1984705018914,9.391049415032859
131603708,50,ga,aco,42.3742151651668,44.86805839703993,2.4938432318731287,0.058852847708272406
132760576,50,aco,aco,45.57745463878482,45.57745463878482,0.0,0.0
487250861,50,sa,sa,559.7078858679006,559.7078858679006,0.0,0.0
57215101,50,aco,aco,34.30111405584566,34.30111405584566,0.0,0.0
138903944,50,aco,aco,51.12793064602967,51.12793064602967,0.0,0.0
198811755,50,aco,aco,19.05070742600845,19.05070742600845,0.0,0.0
98363699,50,aco,aco,16.247133845751648,16.247133845751648,0.0,0.0
121032328,50,sa,sa,82.05018239386408,82.05018239386408,0.0,0.0
54532364,50,aco,aco,43.86956366521242,43.86956366521242,0.0,0.0
135722557,50,aco,aco,60.80309852306005,60.80309852306005,0.0,0.0
13094549,50,aco,aco,36.66427921031468,36.66427921031468,0.0,0.0
22439250,50,aco,aco,65.14261327878636,65.14261327878636,0.0,0.0
182725306,50,aco,aco,6.46049614434275,6.46049614434275,0.0,0.0
124901852,50,aco,aco,50.82825265468144,50.82825265468144,0.0,0.0
16894262,50,aco,aco,60.273503437002894,60.273503437002894,0.0,0.0
198781836,50,ga,ga,75.59358668650472,75.59358668650472,0.0,0.0
168653403,50,aco,aco,33.30976997503471,33.30976997503471,0.0,0.0
94573959,50,aco,aco,30.72896831342139,30.72896831342139,0.0,0.0
248975945,50,sa,sa,125.25064966747398,125.25064966747398,0.0,0.0
182625576,50,ga,ga,9.50333554055285,9.50333554055285,0.0,0.0
111298680,50,ga,ga,52.689591478148095,52.689591478148095,0.0,0.0
105284961,50,ga,ga,69.40056642852898,69.40056642852898,0.0,0.0
93646470,50,aco,aco,9.278632335077768,9.278632335077768,0.0,0.0
1236652,50,ga,ga,65.26820443442031,65.26820443442031,0.0,0.0
195241421,50,aco,aco,24.74737676545702,24.74737676545702,0.0,0.0
112116466,50,ga,ga,40.13853400138365,40.13853400138365,0.0,0.0
97515994,50,aco,aco,3.809823757132482,3.809823757132482,0.0,0.0
15547907,50,ga,ga,27.06731992344836,27.06731992344836,0.0,0.0
38844835,50,ga,ga,31.46877627002314,31.46877627002314,0.0,0.0
90554840,50,aco,aco,32.690840559551965,32.690840559551965,0.0,0.0
180670868,50,ga,ga,6.734825993496877,6.734825993496877,0.0,0.0
111358518,50,ga,ga,13.172893092389334,13.172893092389334,0.0,0.0
28582618,50,ga,ga,96.37931948940796,96.37931948940796,0.0,0.0
599985653,50,sa,sa,126.70181576591492,126.70181576591492,0.0,0.0
147111723,50,aco,aco,19.224495217104923,19.224495217104923,0.0,0.0
123316145,50,aco,aco,21.05745887902801,21.05745887902801,0.0,0.0
176711587,50,aco,aco,65.39077351484639,65.39077351484639,0.0,0.0
36710613,50,aco,aco,10.510331091350196,10.510331091350196,0.0,0.0
9883243,50,aco,aco,16.104017227847322,16.104017227847322,0.0,0.0
85259177,50,aco,aco,11.83710474730376,11.83710474730376,0.0,0.0
189437135,50,ga,ga,57.0367604869417,57.0367604869417,0.0,0.0
138255699,50,aco,aco,11.046573379055651,11.046573379055651,0.0,0.0
73072171,50,aco,aco,48.3534821542933,48.3534821542933,0.0,0.0
169660676,50,ga,ga,47.45720524772472,47.45720524772472,0.0,0.0
29260782,50,ga,ga,43.04856029289995,43.04856029289995,0.0,0.0
24453796,50,aco,aco,36.99495382566799,36.99495382566799,0.0,0.0
152945928,50,aco,aco,9.726932573347089,9.726932573347089,0.0,0.0
169281702,50,aco,aco,28.171976105089477,28.171976105089477,0.0,0.0
151190680,50,aco,aco,52.62204611338983,52.62204611338983,0.0,0.0
7699156,50,ga,ga,11.46759765356101,11.46759765356101,0.0,0.0
165322421,50,aco,aco,19.907697849883327,19.907697849883327,0.0,0.0
135024447,50,aco,aco,29.37750295794701,29.37750295794701,0.0,0.0
619044056,50,sa,sa,28.132313480599716,28.132313480599716,0.0,0.0
44300066,50,sa,sa,99.32277434962884,99.32277434962884,0.0,0.0
385885289,50,sa,sa,112.25114323393518,112.25114323393518,0.0,0.0
178028023,50,aco,aco,29.54146295454925,29.54146295454925,0.0,0.0
196119045,50,aco,aco,24.00846798776992,24.00846798776992,0.0,0.0
127644427,50,ga,ga,9.738063323393993,9.738063323393993,0.0,0.0
195710152,50,ga,ga,122.54251673633134,122.54251673633134,0.0,0.0
182944712,50,aco,aco,60.68504240583075,60.68504240583075,0.0,0.0
4428012,50,ga,ga,11.892899476337622,11.892899476337622,0.0,0.0
8157914,50,sa,sa,411.75362945742233,411.75362945742233,0.0,0.0
113622389,50,aco,aco,37.68040186313829,37.68040186313829,0.0,0.0
217132156,50,sa,sa,61.17427601281651,61.17427601281651,0.0,0.0
164783879,50,aco,aco,19.347373440871603,19.347373440871603,0.0,0.0
243261416,50,sa,sa,487.4078205936265,487.4078205936265,0.0,0.0
55120771,50,ga,ga,57.95637232886068,57.95637232886068,0.0,0.0
174098661,50,ga,ga,12.377128390279877,12.377128390279877,0.0,0.0
198143564,50,aco,aco,80.44374726997764,80.44374726997764,0.0,0.0
108576051,50,aco,aco,18.31672140358701,18.31672140358701,0.0,0.0
26328720,50,aco,aco,15.151265279024765,15.151265279024765,0.0,0.0
123685146,50,aco,aco,21.68237160914264,21.68237160914264,0.0,0.0
142045439,50,ga,ga,77.53239723377568,77.53239723377568,0.0,0.0
67736616,50,sa,sa,286.4876667951425,286.4876667951425,0.0,0.0
39892,50,sa,sa,2429.0396105531117,2429.0396105531117,0.0,0.0
148747295,50,ga,ga,77.75433011855688,77.75433011855688,0.0,0.0
2842305,50,sa,sa,345.75614516224766,345.75614516224766,0.0,0.0
147211453,50,aco,aco,126.45235933109603,126.45235933109603,0.0,0.0
180012650,50,aco,aco,81.4342113896399,81.4342113896399,0.0,0.0
171715114,50,sa,sa,72.89397350341002,72.89397350341002,0.0,0.0
528798379,50,sa,sa,30.965576374680875,30.965576374680875,0.0,0.0
182166818,50,ga,ga,8.027306222989505,8.027306222989505,0.0,0.0
66868965,50,aco,aco,14.277793199344003,14.277793199344003,0.0,0.0
490681573,50,sa,sa,127.9020682778932,127.9020682778932,0.0,0.0
183722606,50,aco,aco,43.25197725162215,43.25197725162215,0.0,0.0
74229039,50,aco,aco,40.714461757561146,40.714461757561146,0.0,0.0
88021698,50,ga,aco,56.85393003794645,57.62474244462315,0.7708124066767041,0.013557768234530752
30148379,50,ga,ga,37.468706384948085,37.468706384948085,0.0,0.0
729375355,50,sa,sa,53.30372986491225,53.30372986491225,0.0,0.0
116564424,50,aco,aco,6.676201528882104,6.676201528882104,0.0,0.0
118728565,50,aco,aco,38.95022622132117,38.95022622132117,0.0,0.0
25131960,50,aco,aco,9.31836760426444,9.31836760426444,0.0,0.0
46534018,50,ga,sa,472.08438145899765,541.1469844162984,69.06260295730078,0.14629292065087973
136650046,50,ga,ga,95.95058628406926,95.95058628406926,0.0,0.0
134426067,50,ga,ga,42.52232050698164,42.52232050698164,0.0,0.0
7409939,50,aco,aco,21.764345945382605,21.764345945382605,0.0,0.0
65472745,50,aco,aco,71.8923063671532,71.8923063671532,0.0,0.0
60835300,50,aco,aco,9.506506805541814,9.506506805541814,0.0,0.0
112026709,50,ga,ga,62.00297552804255,62.00297552804255,0.0,0.0
199440054,50,ga,ga,23.852165287424825,23.852165287424825,0.0,0.0
95441610,50,aco,aco,12.004339952291796,12.004339952291796,0.0,0.0
727380755,50,sa,sa,65.69103867424664,65.69103867424664,0.0,0.0
76014206,50,aco,aco,21.82985601851873,21.82985601851873,0.0,0.0
6651991,50,aco,aco,26.326401511878192,26.326401511878192,0.0,0.0
48977403,50,ga,ga,31.21221489142506,31.21221489142506,0.0,0.0
79813919,50,aco,aco,41.82296480318512,41.82296480318512,0.0,0.0
28622510,50,ga,ga,19.072617521123995,19.072617521123995,0.0,0.0
102322980,50,ga,ga,21.45038673622285,21.45038673622285,0.0,0.0
21860816,50,aco,aco,36.49140114230738,36.49140114230738,0.0,0.0
419005622,50,sa,sa,47.211467724591095,47.211467724591095,0.0,0.0
77510156,50,aco,aco,10.652245415257228,10.652245415257228,0.0,0.0
47192236,50,aco,aco,11.65598526825813,11.65598526825813,0.0,0.0
95920314,50,aco,aco,150.20977046899594,150.20977046899594,0.0,0.0
78427672,50,ga,ga,38.91541336760536,38.91541336760536,0.0,0.0
82117682,50,aco,aco,20.38211894667552,20.38211894667552,0.0,0.0
193206929,50,aco,aco,62.62997150154978,62.62997150154978,0.0,0.0
136041693,50,aco,aco,18.473173965536496,18.473173965536496,0.0,0.0
173111334,50,ga,ga,25.45986189480618,25.45986189480618,0.0,0.0
157254264,50,ga,ga,76.97459754938072,76.97459754938072,0.0,0.0
136660019,50,aco,aco,12.483660856644018,12.483660856644018,0.0,0.0
141407167,50,aco,aco,103.64288727424102,103.64288727424102,0.0,0.0
505172342,50,sa,sa,516.0328399042473,516.0328399042473,0.0,0.0
118180050,50,aco,aco,60.43608419071869,60.43608419071869,0.0,0.0
15368393,50,aco,aco,10.621738154117196,10.621738154117196,0.0,0.0
15567853,50,aco,aco,31.671726415950893,31.671726415950893,0.0,0.0
166868236,50,aco,aco,10.420042615920334,10.420042615920334,0.0,0.0
11957627,50,aco,aco,13.90796623339958,13.90796623339958,0.0,0.0
118549051,50,ga,ga,121.84765738051404,121.84765738051404,0.0,0.0
85697989,50,aco,aco,54.90879378958668,54.90879378958668,0.0,0.0
63587848,50,ga,ga,26.751608156343355,26.751608156343355,0.0,0.0
169261756,50,aco,aco,24.716295993793757,24.716295993793757,0.0,0.0
108426456,50,ga,ga,77.75279548715962,77.75279548715962,0.0,0.0
111667681,50,sa,sa,27.40492445944827,27.40492445944827,0.0,0.0
29839216,50,aco,aco,78.6326270379341,78.6326270379341,0.0,0.0
150572354,50,ga,ga,24.79616072834762,24.79616072834762,0.0,0.0
309851137,50,sa,sa,140.56539484086048,140.56539484086048,0.0,0.0
37438642,50,ga,ga,144.72986753500578,144.72986753500578,0.0,0.0
219226486,50,sa,sa,49.3362191772304,49.3362191772304,0.0,0.0
125240934,50,ga,ga,27.28257248898825,27.28257248898825,0.0,0.0
137757049,50,aco,aco,36.836507798189565,36.836507798189565,0.0,0.0
109742892,50,aco,aco,15.770669583972165,15.770669583972165,0.0,0.0
176851209,50,ga,ga,27.924735350641697,27.924735350641697,0.0,0.0
168972539,50,aco,aco,23.95945727834388,23.95945727834388,0.0,0.0
11000219,50,aco,aco,21.384546141743964,21.384546141743964,0.0,0.0
41298193,50,ga,ga,15.991998516992789,15.991998516992789,0.0,0.0
753350447,50,sa,sa,69.62226532578511,69.62226532578511,0.0,0.0
610626844,50,sa,sa,136.31693278460045,136.31693278460045,0.0,0.0
63248766,50,ga,ga,5.796213271309023,5.796213271309023,0.0,0.0
1635572,50,ga,ga,46.777970999130005,46.777970999130005,0.0,0.0
20584272,50,aco,aco,43.53351722244085,43.53351722244085,0.0,0.0
30856462,50,aco,aco,8.624918630297454,8.624918630297454,0.0,0.0
62042033,50,aco,aco,160.1551547368346,160.1551547368346,0.0,0.0
104217850,50,aco,aco,16.26688331752241,16.26688331752241,0.0,0.0
259956218,50,sa,sa,86.42566056489851,86.42566056489851,0.0,0.0
191401816,50,sa,sa,97.89465941521162,97.89465941521162,0.0,0.0
595557641,50,sa,sa,100.51333206442312,100.51333206442312,0.0,0.0
23506361,50,ga,ga,38.38238922922786,38.38238922922786,0.0,0.0
126846587,50,ga,ga,23.61955592503494,23.61955592503494,0.0,0.0
162988739,50,aco,aco,10.944256635612328,10.944256635612328,0.0,0.0
151539735,50,ga,ga,18.964045126505383,18.964045126505383,0.0,0.0
93207658,50,aco,aco,14.730472538406676,14.730472538406676,0.0,0.0
139771595,50,sa,sa,107.91471631501156,107.91471631501156,0.0,0.0
133638200,50,aco,aco,7.888732945687675,7.888732945687675,0.0,0.0
389694975,50,sa,sa,217.51681048133025,217.51681048133025,0.0,0.0
82376980,50,aco,aco,9.51025626334508,9.51025626334508,0.0,0.0
121161977,50,aco,aco,46.758951627319874,46.758951627319874,0.0,0.0
2961981,50,aco,aco,5.108269014071064,5.108269014071064,0.0,0.0
2044465,50,aco,aco,42.14882137081159,42.14882137081159,0.0,0.0
19946,50,aco,aco,17.767152424855038,17.767152424855038,0.0,0.0
124433121,50,ga,ga,27.567026642121792,27.567026642121792,0.0,0.0
144309310,50,ga,ga,15.669341911669807,15.669341911669807,0.0,0.0
39971784,50,aco,aco,27.368073498342824,27.368073498342824,0.0,0.0
67477318,50,aco,aco,21.756414824688136,21.756414824688136,0.0,0.0
57873319,50,ga,ga,9.449067649544652,9.449067649544652,0.0,0.0
33289874,50,ga,ga,14.865519578907705,14.865519578907705,0.0,0.0
188180537,50,aco,aco,64.62729657155376,64.62729657155376,0.0,0.0
400944519,50,sa,sa,147.12796536848847,147.12796536848847,0.0,0.0
47810562,50,aco,aco,42.41120398899679,42.41120398899679,0.0,0.0
124283526,50,ga,ga,14.008076005849755,14.008076005849755,0.0,0.0
173600011,50,sa,sa,11.64824841306148,11.64824841306148,0.0,0.0
173280875,50,ga,ga,11.068928196363366,11.068928196363366,0.0,0.0
144758095,50,ga,ga,143.43551473421363,143.43551473421363,0.0,0.0
113432902,50,ga,ga,15.881534085717416,15.881534085717416,0.0,0.0
163946147,50,aco,aco,81.73248811511479,81.73248811511479,0.0,0.0
132012601,50,aco,aco,38.27786018925789,38.27786018925789,0.0,0.0
635250181,50,sa,sa,122.7370631298479,122.7370631298479,0.0,0.0
28133833,50,aco,aco,19.21068533369747,19.21068533369747,0.0,0.0
165083069,50,ga,ga,8.92615204621351,8.92615204621351,0.0,0.0
158630538,50,aco,aco,26.06890110520453,26.06890110520453,0.0,0.0
80362434,50,aco,aco,58.07519459661552,58.07519459661552,0.0,0.0
94304688,50,aco,aco,18.304524316004777,18.304524316004777,0.0,0.0
113642335,50,aco,aco,112.20163446286196,112.20163446286196,0.0,0.0
12416385,50,ga,ga,16.08582852164056,16.08582852164056,0.0,0.0
40709786,50,ga,ga,23.07079284665273,23.07079284665273,0.0,0.0
37817616,50,ga,ga,42.89839440203271,42.89839440203271,0.0,0.0
14560580,50,aco,aco,113.4008645830493,113.4008645830493,0.0,0.0
184689987,50,aco,aco,16.114350760616002,16.114350760616002,0.0,0.0
133269199,50,ga,ga,62.92529811927753,62.92529811927753,0.0,0.0
135453286,50,ga,ga,10.01847466367481,10.01847466367481,0.0,0.0
516282264,50,sa,sa,289.5076835233276,289.5076835233276,0.0,0.0
7469777,50,aco,aco,8.767325145888561,8.767325145888561,0.0,0.0
141098004,50,aco,aco,28.190699933825613,28.190699933825613,0.0,0.0
192458954,50,ga,ga,55.49039528157305,55.49039528157305,0.0,0.0
94105228,50,aco,aco,92.50867637407026,92.50867637407026,0.0,0.0
555875074,50,sa,sa,608.2782736102341,608.2782736102341,0.0,0.0
45048041,50,aco,aco,25.989867149753664,25.989867149753664,0.0,0.0
184899420,50,ga,ga,109.55686566065,109.55686566065,0.0,0.0
42255601,50,aco,aco,77.10726559786774,77.10726559786774,0.0,0.0
115577097,50,ga,ga,12.272581740902758,12.272581740902758,0.0,0.0
1316436,50,aco,aco,20.766232269340392,20.766232269340392,0.0,0.0
102821630,50,ga,ga,27.14859145732052,27.14859145732052,0.0,0.0
20963246,50,ga,ga,7.842646689967056,7.842646689967056,0.0,0.0
111338572,50,aco,aco,16.555087761603716,16.555087761603716,0.0,0.0
28173725,50,aco,aco,18.53542861666996,18.53542861666996,0.0,0.0
176202964,50,aco,aco,79.04554488120644,79.04554488120644,0.0,0.0
546281048,50,sa,sa,359.10235058710145,359.10235058710145,0.0,0.0
169840190,50,aco,aco,23.83731442254385,23.83731442254385,0.0,0.0
28004184,50,aco,aco,63.31473956750053,63.31473956750053,0.0,0.0
31255382,50,ga,ga,56.05211101797664,56.05211101797664,0.0,0.0
346811075,50,sa,sa,337.5023715129244,337.5023715129244,0.0,0.0
9175160,50,ga,ga,6.303952595570295,6.303952595570295,0.0,0.0
97805211,50,ga,ga,15.583679616418594,15.583679616418594,0.0,0.0
111518086,50,aco,aco,3.945954805943349,3.945954805943349,0.0,0.0
714655207,50,sa,sa,325.4854392876604,325.4854392876604,0.0,0.0
131573789,50,aco,aco,64.1020193290992,64.1020193290992,0.0,0.0
195460827,50,ga,ga,18.902749016439536,18.902749016439536,0.0,0.0
155678530,50,aco,aco,21.16233408293649,21.16233408293649,0.0,0.0
31594464,50,aco,aco,39.4273458752503,39.4273458752503,0.0,0.0
165162853,50,sa,sa,193.99514487535,193.99514487535,0.0,0.0
67397534,50,ga,ga,91.51229983491312,91.51229983491312,0.0,0.0
75934422,50,sa,sa,164.60721137023947,164.60721137023947,0.0,0.0
101325680,50,aco,aco,27.826202585234856,27.826202585234856,0.0,0.0
98543213,50,aco,aco,71.7846422220358,71.7846422220358,0.0,0.0
32462115,50,aco,aco,9.256103587124429,9.256103587124429,0.0,0.0
150532462,50,aco,aco,24.178430931221904,24.178430931221904,0.0,0.0
26438423,50,aco,aco,10.98862632743754,10.98862632743754,0.0,0.0
186195910,50,aco,aco,32.59764976788462,32.59764976788462,0.0,0.0
77839265,50,sa,ga,31.252068601082883,32.46365590285718,1.2115873017742942,0.03876822738486862
23446523,50,ga,ga,9.853423657619944,9.853423657619944,0.0,0.0
180162245,50,aco,aco,20.337661469166832,20.337661469166832,0.0,0.0
7310209,50,aco,aco,45.99201624326973,45.99201624326973,0.0,0.0
158550754,50,ga,ga,32.33973006814952,32.33973006814952,0.0,0.0
105574178,50,aco,aco,27.709330185572124,27.709330185572124,0.0,0.0
75206393,50,aco,aco,34.55199051427792,34.55199051427792,0.0,0.0
22638710,50,aco,aco,39.27329199035916,39.27329199035916,0.0,0.0
157942401,50,ga,ga,26.474951109601985,26.474951109601985,0.0,0.0
73650605,50,ga,ga,74.09941899519445,74.09941899519445,0.0,0.0
149156188,50,aco,aco,11.35522268011048,11.35522268011048,0.0,0.0
98802511,50,aco,aco,14.15966982751242,14.15966982751242,0.0,0.0
414108879,50,sa,sa,57.26127339479592,57.26127339479592,0.0,0.0
109653135,50,aco,aco,46.27914566390851,46.27914566390851,0.0,0.0
146433559,50,aco,aco,25.789036959722523,25.789036959722523,0.0,0.0
64405634,50,aco,aco,15.85607911600998,15.85607911600998,0.0,0.0
35085014,50,aco,ga,48.86161365197057,55.3602204700953,6.498606818124728,0.13300024973413135
12755467,50,aco,aco,110.06310473866051,110.06310473866051,0.0,0.0
183981904,50,sa,sa,96.6754757682583,96.6754757682583,0.0,0.0
66450099,50,ga,ga,61.1953740726828,61.1953740726828,0.0,0.0
2912116,50,aco,aco,18.00004890777195,18.00004890777195,0.0,0.0
13264090,50,aco,aco,23.644122378458373,23.644122378458373,0.0,0.0
181857655,50,ga,ga,38.25462881959028,38.25462881959028,0.0,0.0
35972611,50,aco,aco,14.53881001900633,14.53881001900633,0.0,0.0
110251515,50,ga,ga,75.90633024415831,75.90633024415831,0.0,0.0
68554402,50,ga,ga,17.87077712168939,17.87077712168939,0.0,0.0
188958431,50,aco,aco,36.03619557037116,36.03619557037116,0.0,0.0
196557857,50,aco,aco,20.903299911586195,20.903299911586195,0.0,0.0
75964341,50,aco,aco,82.0672381128987,82.0672381128987,0.0,0.0
155558854,50,aco,aco,13.17078109569482,13.17078109569482,0.0,0.0
19367566,50,aco,aco,20.38614974805191,20.38614974805191,0.0,0.0
100208704,50,ga,ga,71.29215397472989,71.29215397472989,0.0,0.0
10481623,50,ga,ga,105.48502069050288,105.48502069050288,0.0,0.0
191361924,50,aco,aco,164.72236768050368,164.72236768050368,0.0,0.0
58940430,50,aco,aco,19.145733352699825,19.145733352699825,0.0,0.0
196507992,50,aco,aco,16.537407337349116,16.537407337349116,0.0,0.0
14700202,50,aco,aco,21.70267400758427,21.70267400758427,0.0,0.0
99869622,50,ga,ga,24.719110591874177,24.719110591874177,0.0,0.0
82845711,50,ga,ga,10.641863971692256,10.641863971692256,0.0,0.0
58760916,50,ga,ga,70.25914781680225,70.25914781680225,0.0,0.0
126098612,50,aco,aco,72.28810323516741,72.28810323516741,0.0,0.0
15268663,50,ga,ga,12.255655977019376,12.255655977019376,0.0,0.0
100398191,50,ga,ga,37.90043016858905,37.90043016858905,0.0,0.0
53525091,50,aco,aco,21.89341033459981,21.89341033459981,0.0,0.0
46444261,50,aco,aco,19.82162145030477,19.82162145030477,0.0,0.0
24403931,50,aco,aco,11.362672165758,11.362672165758,0.0,0.0
141776168,50,aco,aco,38.58362143733499,38.58362143733499,0.0,0.0
131653573,50,aco,aco,59.73695400257684,59.73695400257684,0.0,0.0
141437086,50,aco,aco,14.292090236092193,14.292090236092193,0.0,0.0
196787236,50,sa,sa,174.29439314619523,174.29439314619523,0.0,0.0
218847512,50,sa,sa,97.05435810359612,97.05435810359612,0.0,0.0
126337964,50,aco,ga,84.26243761757122,97.05331847089312,12.790880853321895,0.15179813467269804
164045877,50,aco,aco,41.95070577122473,41.95070577122473,0.0,0.0
149455378,50,ga,ga,16.128498953679838,16.128498953679838,0.0,0.0
123495659,50,sa,sa,143.7178024755103,143.7178024755103,0.0,0.0
17672156,50,aco,aco,40.29136183231557,40.29136183231557,0.0,0.0
3690010,50,ga,ga,46.65655850155593,46.65655850155593,0.0,0.0
129599135,50,aco,aco,9.114763461925705,9.114763461925705,0.0,0.0
42375277,50,ga,ga,11.827621064968074,11.827621064968074,0.0,0.0
78018779,50,aco,aco,25.498249938107715,25.498249938107715,0.0,0.0
22319574,50,aco,aco,32.41389630022592,32.41389630022592,0.0,0.0
149375594,50,aco,aco,79.26428341491453,79.26428341491453,0.0,0.0
20843570,50,aco,aco,132.31582633839778,132.31582633839778,0.0,0.0
158959647,50,aco,aco,119.19434290046344,119.19434290046344,0.0,0.0
37648075,50,aco,aco,41.1832220390617,41.1832220390617,0.0,0.0
184869501,50,ga,ga,89.97523797860676,89.97523797860676,0.0,0.0
728308244,50,sa,sa,213.83305342587045,213.83305342587045,0.0,0.0
125739584,50,aco,aco,40.122791688373184,40.122791688373184,0.0,0.0
129639027,50,aco,aco,29.32645288325846,29.32645288325846,0.0,0.0
139482378,50,aco,aco,10.40689056374741,10.40689056374741,0.0,0.0
142155142,50,ga,ga,7.6301300366142355,7.6301300366142355,0.0,0.0
82656224,50,aco,aco,11.370604960579296,11.370604960579296,0.0,0.0
703036662,50,sa,sa,88.93366491914409,88.93366491914409,0.0,0.0
106790884,50,aco,aco,25.766625328263743,25.766625328263743,0.0,0.0
74867311,50,aco,aco,23.773222575581222,23.773222575581222,0.0,0.0
32731386,50,ga,ga,63.7064104785363,63.7064104785363,0.0,0.0
84092336,50,ga,ga,8.530199581406816,8.530199581406816,0.0,0.0
32631656,50,aco,aco,63.5543025201863,63.5543025201863,0.0,0.0
35114933,50,aco,aco,3.5395461386113003,3.5395461386113003,0.0,0.0
187691860,50,ga,ga,61.80531626875806,61.80531626875806,0.0,0.0
98672862,50,ga,ga,28.401128134586678,28.401128134586678,0.0,0.0
197784536,50,aco,aco,18.38749311418112,18.38749311418112,0.0,0.0
547467835,50,sa,sa,332.0148538890922,332.0148538890922,0.0,0.0
69092944,50,aco,aco,14.28471194260774,14.28471194260774,0.0,0.0
322676415,50,sa,sa,36.3725106496158,36.3725106496158,0.0,0.0
9903189,50,aco,aco,35.19516674221968,35.19516674221968,0.0,0.0
14480796,50,aco,aco,11.996474663798493,11.996474663798493,0.0,0.0
33718713,50,aco,aco,72.78814677052185,72.78814677052185,0.0,0.0
38605483,50,ga,ga,28.98897542072644,28.98897542072644,0.0,0.0
151978547,50,aco,aco,71.40691647458259,71.40691647458259,0.0,0.0
189337405,50,ga,ga,30.361943565808566,30.361943565808566,0.0,0.0
51789789,50,ga,ga,23.3776388619922,23.3776388619922,0.0,0.0
159697649,50,aco,aco,29.549506025998408,29.549506025998408,0.0,0.0
60685705,50,ga,ga,20.41644669552648,20.41644669552648,0.0,0.0
95631097,50,ga,ga,48.90690911139686,48.90690911139686,0.0,0.0
87433291,50,aco,aco,23.587030740973447,23.587030740973447,0.0,0.0
198313105,50,aco,aco,17.99592538295498,17.99592538295498,0.0,0.0
17662183,50,aco,aco,35.97918381975482,35.97918381975482,0.0,0.0
8477050,50,aco,aco,26.537557342253407,26.537557342253407,0.0,0.0
178187591,50,aco,aco,10.769456145148212,10.769456145148212,0.0,0.0
1146895,50,aco,aco,18.135009469417568,18.135009469417568,0.0,0.0
175823990,50,ga,ga,74.59799109706944,74.59799109706944,0.0,0.0
96907641,50,sa,sa,78.40895194136066,78.40895194136066,0.0,0.0
104696554,50,aco,ga,14.342361074905837,19.656481840354157,5.314120765448321,0.37051924280069837
165681449,50,aco,aco,6.337275299195012,6.337275299195012,0.0,0.0
185378124,50,ga,ga,17.42123174559976,17.42123174559976,0.0,0.0
170009731,50,aco,aco,32.79123251666524,32.79123251666524,0.0,0.0
67307777,50,aco,aco,27.08088348265417,27.08088348265417,0.0,0.0
37628129,50,aco,aco,25.81951535266808,25.81951535266808,0.0,0.0
102462602,50,aco,aco,41.60123968472493,41.60123968472493,0.0,0.0
195530638,50,ga,ga,29.366626126774,29.366626126774,0.0,0.0
20055703,50,ga,ga,24.3400219886311,24.3400219886311,0.0,0.0
189846028,50,aco,aco,55.57005492111763,55.57005492111763,0.0,0.0
128492132,50,aco,aco,11.432189352787606,11.432189352787606,0.0,0.0
176013477,50,aco,aco,67.54442513843253,67.54442513843253,0.0,0.0
78367834,50,aco,aco,86.72745315337202,86.72745315337202,0.0,0.0
74677824,50,aco,aco,19.070038544489822,19.070038544489822,0.0,0.0
159986866,50,aco,aco,7.647392120209197,7.647392120209197,0.0,0.0
86994479,50,aco,aco,25.51901864235701,25.51901864235701,0.0,0.0
100876895,50,ga,ga,59.74677787222362,59.74677787222362,0.0,0.0
114779257,50,ga,ga,98.95976727613248,98.95976727613248,0.0,0.0
75266231,50,ga,ga,74.65404337273358,74.65404337273358,0.0,0.0
86455937,50,ga,ga,142.28490038356313,142.28490038356313,0.0,0.0
111428329,50,ga,ga,47.42718059691336,47.42718059691336,0.0,0.0
125201042,50,aco,aco,34.300930160693994,34.300930160693994,0.0,0.0
103818930,50,aco,aco,84.21695700292719,84.21695700292719,0.0,0.0
137447886,50,aco,aco,42.29621086878159,42.29621086878159,0.0,0.0
103828903,50,ga,ga,22.608635117853023,22.608635117853023,0.0,0.0
119366837,50,aco,aco,16.2494538002876,16.2494538002876,0.0,0.0
140300164,50,aco,aco,28.01197546808377,28.01197546808377,0.0,0.0
149395540,50,ga,ga,20.53757907097152,20.53757907097152,0.0,0.0
103439956,50,aco,aco,21.95387847310536,21.95387847310536,0.0,0.0
141307437,50,ga,ga,57.70516861279536,57.70516861279536,0.0,0.0
191292113,50,ga,ga,77.29709579785492,77.29709579785492,0.0,0.0
92559413,50,aco,aco,45.35570204937805,45.35570204937805,0.0,0.0
88011725,50,aco,aco,58.69504870705465,58.69504870705465,0.0,0.0
181658195,50,ga,ga,27.81194875864127,27.81194875864127,0.0,0.0
121361437,50,aco,aco,4.436013747877071,4.436013747877071,0.0,0.0
124782176,50,ga,ga,8.672624705031431,8.672624705031431,0.0,0.0
25451096,50,aco,aco,17.880891395169055,17.880891395169055,0.0,0.0
132770549,50,aco,aco,110.65312869393529,110.65312869393529,0.0,0.0
99011944,50,aco,aco,12.670365599446736,12.670365599446736,0.0,0.0
61393788,50,aco,aco,18.88609459104121,18.88609459104121,0.0,0.0
5505096,50,aco,aco,11.844016727726917,11.844016727726917,0.0,0.0
99410864,50,aco,aco,50.1406501591732,50.1406501591732,0.0,0.0
25221717,50,ga,ga,56.86398659781965,56.86398659781965,0.0,0.0
150751868,50,ga,ga,48.41274595235794,48.41274595235794,0.0,0.0
615144613,50,sa,sa,274.07733014248817,274.07733014248817,0.0,0.0
25161879,50,aco,aco,44.1885953214187,44.1885953214187,0.0,0.0
36979884,50,ga,ga,30.11657569764809,30.11657569764809,0.0,0.0
119117512,50,ga,ga,57.01036578954939,57.01036578954939,0.0,0.0
180222083,50,aco,aco,12.827820418210578,12.827820418210578,0.0,0.0
73441172,50,ga,ga,67.30436835308544,67.30436835308544,0.0,0.0
96389045,50,ga,ga,11.85235374133902,11.85235374133902,0.0,0.0
459585759,50,sa,sa,75.01256747291957,75.01256747291957,0.0,0.0
89846757,50,aco,aco,99.84819944898548,99.84819944898548,0.0,0.0
61294058,50,ga,ga,40.83643550040695,40.83643550040695,0.0,0.0
188988350,50,ga,ga,37.157130771010976,37.157130771010976,0.0,0.0
121062247,50,aco,aco,29.62331556112061,29.62331556112061,0.0,0.0
68544429,50,aco,aco,15.661852147219337,15.661852147219337,0.0,0.0
160375813,50,aco,aco,60.49490705728751,60.49490705728751,0.0,0.0
199460,50,sa,sa,1530.5488303926631,1530.5488303926631,0.0,0.0
104118120,50,aco,aco,16.091194021392827,16.091194021392827,0.0,0.0
87054317,50,aco,aco,7.071011551471048,7.071011551471048,0.0,0.0
87712535,50,aco,aco,58.53218540277376,58.53218540277376,0.0,0.0
9863297,50,aco,aco,16.041033034270257,16.041033034270257,0.0,0.0
152547008,50,aco,aco,32.97699035945032,32.97699035945032,0.0,0.0
65033933,50,aco,aco,5.099109126806442,5.099109126806442,0.0,0.0
169939920,50,ga,ga,13.772063419013966,13.772063419013966,0.0,0.0
180441489,50,aco,aco,65.6982659792379,65.6982659792379,0.0,0.0
85508502,50,aco,aco,47.10902488038667,47.10902488038667,0.0,0.0
34965338,50,aco,aco,68.4062861110816,68.4062861110816,0.0,0.0
187641995,50,ga,ga,49.18937007370984,49.18937007370984,0.0,0.0
6233125,50,sa,sa,31.37717766942185,31.37717766942185,0.0,0.0
161921628,50,aco,aco,17.757325706905558,17.757325706905558,0.0,0.0
78547348,50,ga,ga,19.111092252173293,19.111092252173293,0.0,0.0
484568124,50,sa,sa,426.2462709842685,426.2462709842685,0.0,0.0
86366180,50,ga,ga,48.98757030585076,48.98757030585076,0.0,0.0
133029847,50,aco,aco,92.45677866649828,92.45677866649828,0.0,0.0
46823235,50,ga,ga,12.729767280777525,12.729767280777525,0.0,0.0
136580235,50,aco,aco,6.54829946223543,6.54829946223543,0.0,0.0
426425534,50,sa,sa,95.18255052855989,95.18255052855989,0.0,0.0
506000101,50,sa,sa,291.3402140521799,291.3402140521799,0.0,0.0
136779695,50,aco,aco,21.39039834110766,21.39039834110766,0.0,0.0
65542556,50,aco,aco,37.03529579550481,37.03529579550481,0.0,0.0
152646738,50,ga,ga,18.135527071625244,18.135527071625244,0.0,0.0
175804044,50,aco,aco,16.842355747363168,16.842355747363168,0.0,0.0
163676876,50,aco,aco,29.90417208632601,29.90417208632601,0.0,0.0
172762279,50,aco,aco,13.36218446437648,13.36218446437648,0.0,0.0
99540513,50,sa,sa,290.24292650593094,290.24292650593094,0.0,0.0
101535113,50,aco,aco,15.962037576347994,15.962037576347994,0.0,0.0
43572037,50,aco,aco,106.8132748409888,106.8132748409888,0.0,0.0
89198512,50,aco,aco,27.411698102392656,27.411698102392656,0.0,0.0
137986428,50,aco,aco,74.0294761108059,74.0294761108059,0.0,0.0
151729222,50,aco,aco,38.20667111718879,38.20667111718879,0.0,0.0
117013209,50,aco,aco,10.011004619341346,10.011004619341346,0.0,0.0
25002311,50,ga,ga,75.70876608608611,75.70876608608611,0.0,0.0
4148768,50,ga,ga,72.44619132709705,72.44619132709705,0.0,0.0
142723603,50,ga,ga,15.613958981699128,15.613958981699128,0.0,0.0
660950602,50,sa,sa,333.58357390415927,333.58357390415927,0.0,0.0
15597772,50,aco,aco,9.133642175553314,9.133642175553314,0.0,0.0
197774563,50,aco,aco,10.746277198186876,10.746277198186876,0.0,0.0
159139161,50,aco,aco,29.48363928398794,29.48363928398794,0.0,0.0
190234975,50,ga,ga,16.86807413290819,16.86807413290819,0.0,0.0
133987255,50,aco,aco,8.872294979880271,8.872294979880271,0.0,0.0
45786043,50,aco,aco,75.34027916366242,75.34027916366242,0.0,0.0
129080539,50,aco,aco,65.31652685338433,65.31652685338433,0.0,0.0
183024496,50,aco,aco,8.634113767455688,8.634113767455688,0.0,0.0
29679648,50,aco,aco,16.10536340376783,16.10536340376783,0.0,0.0
36860208,50,aco,aco,52.59798028776706,52.59798028776706,0.0,0.0
189756271,50,ga,ga,81.54246598418717,81.54246598418717,0.0,0.0
166977939,50,sa,ga,84.04090746555242,97.793004094156,13.752096628603582,0.1636357464873929
97256696,50,aco,aco,19.256344756005245,19.256344756005245,0.0,0.0
85538421,50,ga,ga,20.30831284305229,20.30831284305229,0.0,0.0
183752525,50,ga,ga,207.0291937601544,207.0291937601544,0.0,0.0
5485150,50,aco,aco,10.483347727736644,10.483347727736644,0.0,0.0
13682956,50,aco,aco,56.00219292979742,56.00219292979742,0.0,0.0
26119287,50,ga,aco,15.23470883391566,579.6365738102052,564.4018649762895,37.047105470096845
74627959,50,ga,ga,22.017337048569388,22.017337048569388,0.0,0.0
31883681,50,aco,aco,12.583710597895502,12.583710597895502,0.0,0.0
181668168,50,ga,ga,16.88972661752207,16.88972661752207,0.0,0.0
154571527,50,ga,ga,59.71720155095469,59.71720155095469,0.0,0.0
22688575,50,aco,aco,15.824738164229991,15.824738164229991,0.0,0.0
122957117,50,ga,ga,89.96277215710978,89.96277215710978,0.0,0.0
3680037,50,aco,aco,130.87059450868722,130.87059450868722,0.0,0.0
123944444,50,aco,aco,29.06208446154976,29.06208446154976,0.0,0.0
118778430,50,ga,ga,103.12622186220128,103.12622186220128,0.0,0.0
76682397,50,aco,aco,16.10954613553381,16.10954613553381,0.0,0.0
91651870,50,sa,sa,172.90848331668943,172.90848331668943,0.0,0.0
188439835,50,aco,aco,18.405086106333517,18.405086106333517,0.0,0.0
37039722,50,ga,ga,8.270654735156697,8.270654735156697,0.0,0.0
109922406,50,ga,ga,60.3717391848416,60.3717391848416,0.0,0.0
115188150,50,sa,sa,163.6945134607773,163.6945134607773,0.0,0.0
74438472,50,aco,aco,23.700609728756167,23.700609728756167,0.0,0.0
62790008,50,aco,aco,37.45522516573792,37.45522516573792,0.0,0.0
43302766,50,aco,aco,8.634850358956285,8.634850358956285,0.0,0.0
331921386,50,sa,sa,120.30912403056908,120.30912403056908,0.0,0.0
1665491,50,aco,aco,88.61123336610575,88.61123336610575,0.0,0.0
1884897,50,ga,ga,82.52099081172861,82.52099081172861,0.0,0.0
18739267,50,ga,ga,64.49953492014806,64.49953492014806,0.0,0.0
118249861,50,aco,aco,79.5746919171144,79.5746919171144,0.0,0.0
17323101,50,aco,aco,42.55924753593133,42.55924753593133,0.0,0.0
181708060,50,aco,aco,43.04157688400528,43.04157688400528,0.0,0.0
122478413,50,ga,ga,34.76998717254607,34.76998717254607,0.0,0.0
29011457,50,ga,ga,57.28910155366216,57.28910155366216,0.0,0.0
199350297,50,ga,ga,18.312400329215272,18.312400329215272,0.0,0.0
199180756,50,aco,aco,65.77496414766414,65.77496414766414,0.0,0.0
69372188,50,aco,aco,67.55642658379941,67.55642658379941,0.0,0.0
135762449,50,aco,aco,83.23768448185581,83.23768448185581,0.0,0.0
711753064,50,sa,sa,36.16105776401872,36.16105776401872,0.0,0.0
51311085,50,ga,ga,41.13520909084925,41.13520909084925,0.0,0.0
117102966,50,aco,aco,11.671179589887164,11.671179589887164,0.0,0.0
30307947,50,ga,ga,51.488926419552726,51.488926419552726,0.0,0.0
50224028,50,ga,ga,49.55396544641734,49.55396544641734,0.0,0.0
127185669,50,aco,aco,35.89101189059909,35.89101189059909,0.0,0.0
129469486,50,sa,sa,276.0205469845952,276.0205469845952,0.0,0.0
120623435,50,ga,ga,87.6114596494785,87.6114596494785,0.0,0.0
22199898,50,aco,aco,29.11470418627046,29.11470418627046,0.0,0.0
29779378,50,ga,ga,45.95865730569717,45.95865730569717,0.0,0.0
106850722,50,ga,ga,12.744357490061985,12.744357490061985,0.0,0.0
47451534,50,aco,aco,26.17807548742643,26.17807548742643,0.0,0.0
572460173,50,sa,sa,190.0671833045912,190.0671833045912,0.0,0.0
593862231,50,sa,sa,97.76063033783645,97.76063033783645,0.0,0.0
60755516,50,ga,ga,47.14542112021852,47.14542112021852,0.0,0.0
22967819,50,ga,ga,34.280438010891494,34.280438010891494,0.0,0.0
191691033,50,ga,ga,88.15774344895529,88.15774344895529,0.0,0.0
196837101,50,aco,aco,15.52745573353259,15.52745573353259,0.0,0.0
96458856,50,aco,aco,15.012982189478484,15.012982189478484,0.0,0.0
151410086,50,aco,aco,85.98632378938669,85.98632378938669,0.0,0.0
75734962,50,aco,aco,8.130905173141867,8.130905173141867,0.0,0.0
189088080,50,ga,sa,44.03882964787881,106.15832855622104,62.11949890834222,1.4105619837091716
31564545,50,aco,aco,12.012446253090692,12.012446253090692,0.0,0.0
110570651,50,aco,aco,109.03692987250584,109.03692987250584,0.0,0.0
131962736,50,ga,ga,18.970795457678086,18.970795457678086,0.0,0.0
80063244,50,aco,aco,97.1085050558259,97.1085050558259,0.0,0.0
27375885,50,ga,ga,41.26504251876,41.26504251876,0.0,0.0
56048260,50,ga,ga,40.612712511865965,40.612712511865965,0.0,0.0
90455110,50,aco,aco,9.85314173568372,9.85314173568372,0.0,0.0
105624043,50,ga,ga,348.17777087503055,348.17777087503055,0.0,0.0
63208874,50,ga,ga,70.39612038739578,70.39612038739578,0.0,0.0
102382818,50,ga,ga,16.450938689214134,16.450938689214134,0.0,0.0
160814625,50,aco,aco,22.262291987164623,22.262291987164623,0.0,0.0
78627132,50,ga,ga,60.14620698362897,60.14620698362897,0.0,0.0
150033812,50,aco,aco,65.98231929361786,65.98231929361786,0.0,0.0
158530808,50,ga,ga,15.494576910690178,15.494576910690178,0.0,0.0
20045730,50,ga,ga,6.2064744423489415,6.2064744423489415,0.0,0.0
154810879,50,aco,aco,24.668266340733123,24.668266340733123,0.0,0.0
188419889,50,aco,aco,148.46417532879053,148.46417532879053,0.0,0.0
196807182,50,ga,ga,74.50412329974743,74.50412329974743,0.0,0.0
188489700,50,aco,aco,39.16403517789073,39.16403517789073,0.0,0.0
137029020,50,aco,aco,7.889677734418457,7.889677734418457,0.0,0.0
183553065,50,ga,ga,13.538145216673982,13.538145216673982,0.0,0.0
61164409,50,aco,aco,5.799948782774063,5.799948782774063,0.0,0.0
68584321,50,aco,aco,67.90010075710005,67.90010075710005,0.0,0.0
188579457,50,aco,aco,61.16632171302891,61.16632171302891,0.0,0.0
185467881,50,aco,aco,53.97533870354789,53.97533870354789,0.0,0.0
58900538,50,aco,aco,101.98399999803011,101.98399999803011,0.0,0.0
104836176,50,aco,aco,159.91814739309189,159.91814739309189,0.0,0.0
69840919,50,aco,aco,65.8249868812914,65.8249868812914,0.0,0.0
142863225,50,sa,ga,131.90242074878944,191.526109446951,59.62368869816157,0.4520287676275174
146014693,50,ga,ga,8.689576490906404,8.689576490906404,0.0,0.0
195381043,50,ga,ga,12.808662591449616,12.808662591449616,0.0,0.0
97506021,50,ga,ga,151.1502498399753,151.1502498399753,0.0,0.0
87692589,50,ga,ga,18.47529420269302,18.47529420269302,0.0,0.0
163327821,50,sa,sa,274.85299373868014,274.85299373868014,0.0,0.0
114081147,50,aco,aco,72.82174511859422,72.82174511859422,0.0,0.0
212235413,50,sa,sa,109.51225705291878,109.51225705291878,0.0,0.0
133648173,50,aco,aco,13.403038312631052,13.403038312631052,0.0,0.0
56846100,50,ga,ga,21.959338743802288,21.959338743802288,0.0,0.0
82367007,50,aco,aco,69.35816771920238,69.35816771920238,0.0,0.0
735787994,50,sa,sa,47.64801249911925,47.64801249911925,0.0,0.0
178726133,50,ga,ga,38.33386743605966,38.33386743605966,0.0,0.0
174986258,50,ga,ga,34.55245357980488,34.55245357980488,0.0,0.0
159398459,50,aco,aco,38.29990712619893,38.29990712619893,0.0,0.0
141756222,50,aco,aco,66.31439025231722,66.31439025231722,0.0,0.0
18769186,50,aco,aco,39.247520622880856,39.247520622880856,0.0,0.0
43222982,50,aco,aco,25.362349567679523,25.362349567679523,0.0,0.0
80531975,50,ga,ga,42.682853769241696,42.682853769241696,0.0,0.0
173211064,50,ga,ga,48.23492324874713,48.23492324874713,0.0,0.0
198113645,50,aco,aco,19.48440147776465,19.48440147776465,0.0,0.0
171246383,50,aco,aco,39.09419610520262,39.09419610520262,0.0,0.0
66081098,50,ga,ga,11.392251116073805,11.392251116073805,0.0,0.0
141018220,50,aco,aco,24.34050936106162,24.34050936106162,0.0,0.0
131055193,50,aco,aco,27.049864558470432,27.049864558470432,0.0,0.0
39203863,50,sa,sa,581.4335760985089,581.4335760985089,0.0,0.0
50632921,50,aco,aco,12.931415824975222,12.931415824975222,0.0,0.0
37737832,50,ga,ga,31.12216906087053,31.12216906087053,0.0,0.0
151449978,50,aco,aco,28.80706354470599,28.80706354470599,0.0,0.0
185029069,50,ga,ga,15.010011724613651,15.010011724613651,0.0,0.0
128093212,50,aco,aco,66.52502788254544,66.52502788254544,0.0,0.0
190953031,50,aco,aco,21.16158333354467,21.16158333354467,0.0,0.0
79484810,50,aco,aco,34.004240605549306,34.004240605549306,0.0,0.0
47950184,50,aco,aco,174.36697822438924,174.36697822438924,0.0,0.0
624389584,50,sa,sa,43.26457365758668,43.26457365758668,0.0,0.0
523652311,50,sa,sa,130.56329638335856,130.56329638335856,0.0,0.0
84581013,50,aco,aco,11.007746796561197,11.007746796561197,0.0,0.0
129050620,50,aco,aco,13.147819524967709,13.147819524967709,0.0,0.0
82716062,50,ga,ga,8.828176518644838,8.828176518644838,0.0,0.0
166658803,50,aco,aco,18.75417478474663,18.75417478474663,0.0,0.0
80252731,50,ga,ga,83.99423310979525,83.99423310979525,0.0,0.0
91322761,50,aco,aco,243.3631835931616,243.3631835931616,0.0,0.0
7968427,50,ga,ga,47.54882990835898,47.54882990835898,0.0,0.0
195730098,50,ga,ga,87.99923254049494,87.99923254049494,0.0,0.0
591139602,50,sa,sa,67.88978359177455,67.88978359177455,0.0,0.0
129309918,50,ga,ga,7.357771803190152,7.357771803190152,0.0,0.0
19866216,50,ga,ga,7.885428997135303,7.885428997135303,0.0,0.0
183792417,50,aco,aco,32.980850707800656,32.980850707800656,0.0,0.0
49077133,50,aco,aco,9.151279887253905,9.151279887253905,0.0,0.0
141447059,50,aco,aco,8.564049693816616,8.564049693816616,0.0,0.0
169201918,50,aco,aco,18.11431589520071,18.11431589520071,0.0,0.0
97027317,50,aco,aco,31.36317120177245,31.36317120177245,0.0,0.0
191720952,50,aco,aco,27.42343721087155,27.42343721087155,0.0,0.0
166858263,50,aco,aco,41.70830734169459,41.70830734169459,0.0,0.0
183323686,50,ga,ga,38.07590543549283,38.07590543549283,0.0,0.0
97904941,50,ga,ga,16.865451291002,16.865451291002,0.0,0.0
440916303,50,sa,sa,59.13760823117116,59.13760823117116,0.0,0.0
147301210,50,ga,ga,30.09855239629016,30.09855239629016,0.0,0.0
678164,50,sa,sa,58.64414762740999,58.64414762740999,0.0,0.0
8616672,50,aco,aco,37.85499064930266,37.85499064930266,0.0,0.0
4767094,50,ga,ga,64.61185967326001,64.61185967326001,0.0,0.0
84202039,50,aco,aco,19.72233258636312,19.72233258636312,0.0,0.0
471603224,50,sa,sa,256.1415855570511,256.1415855570511,0.0,0.0
22469169,50,sa,sa,70.66243227081104,70.66243227081104,0.0,0.0
21272409,50,aco,aco,16.819051284366424,16.819051284366424,0.0,0.0
610816331,50,sa,sa,61.829357669890335,61.829357669890335,0.0,0.0
197964050,50,sa,sa,31.0773911422993,31.0773911422993,0.0,0.0
196198829,50,aco,aco,106.10620075898574,106.10620075898574,0.0,0.0
79414999,50,sa,sa,279.5194164957483,279.5194164957483,0.0,0.0
142145169,50,aco,aco,15.945352837869654,15.945352837869654,0.0,0.0
57693805,50,ga,ga,50.282819201315455,50.282819201315455,0.0,0.0
171735060,50,ga,ga,1520.496005130886,1520.496005130886,0.0,0.0
11458977,50,aco,aco,36.869092407500446,36.869092407500446,0.0,0.0
95172339,50,ga,ga,19.27124921444423,19.27124921444423,0.0,0.0
587768728,50,sa,sa,270.65641640387,270.65641640387,0.0,0.0
272143224,50,sa,sa,163.66225581044858,163.66225581044858,0.0,0.0
186006423,50,ga,sa,96.43062555129342,127.572064820288,31.14143926899459,0.32294137978426596
160176353,50,aco,aco,26.295846304263524,26.295846304263524,0.0,0.0
156556154,50,aco,aco,41.22476084809416,41.22476084809416,0.0,0.0
26458369,50,aco,aco,26.934582296594563,26.934582296594563,0.0,0.0
136570262,50,aco,aco,54.38994714716017,54.38994714716017,0.0,0.0
85219285,50,aco,aco,67.6424891445099,67.6424891445099,0.0,0.0
37777724,50,ga,ga,13.442992421606696,13.442992421606696,0.0,0.0
162460170,50,ga,ga,24.05518069119929,24.05518069119929,0.0,0.0
49795189,50,ga,ga,11.39062519104029,11.39062519104029,0.0,0.0
79674297,50,aco,aco,25.519139886740803,25.519139886740803,0.0,0.0
12895089,50,aco,aco,30.83098975935068,30.83098975935068,0.0,0.0
106711100,50,ga,ga,36.02787068780802,36.02787068780802,0.0,0.0
70459245,50,aco,aco,26.610584756019165,26.610584756019165,0.0,0.0
126906425,50,aco,aco,23.92361414187813,23.92361414187813,0.0,0.0
85618205,50,ga,ga,18.066690432672747,18.066690432672747,0.0,0.0
140509597,50,aco,aco,52.13816417738684,52.13816417738684,0.0,0.0
34805770,50,aco,aco,32.92398460186473,32.92398460186473,0.0,0.0
104267715,50,ga,ga,18.384789956370632,18.384789956370632,0.0,0.0
75465691,50,sa,sa,79.36032237310872,79.36032237310872,0.0,0.0
2453358,50,ga,ga,10.36334736763638,10.36334736763638,0.0,0.0
75266231,50,sa,sa,321.4876878134196,321.4876878134196,0.0,0.0
173899201,50,aco,aco,20.20168633684304,20.20168633684304,0.0,0.0
750498169,50,sa,sa,176.20976175194716,176.20976175194716,0.0,0.0
10720975,50,aco,aco,79.90591943654603,79.90591943654603,0.0,0.0
71416653,50,aco,aco,12.341349363056809,12.341349363056809,0.0,0.0
161223518,50,ga,ga,26.36406955041162,26.36406955041162,0.0,0.0
166200045,50,ga,ga,31.183714341423205,31.183714341423205,0.0,0.0
148338402,50,ga,ga,25.37498187083369,25.37498187083369,0.0,0.0
123585416,50,aco,aco,33.83228176882674,33.83228176882674,0.0,0.0
108167158,50,aco,aco,57.36319831267424,57.36319831267424,0.0,0.0
101674735,50,ga,ga,17.518887856111764,17.518887856111764,0.0,0.0
183981904,50,ga,ga,55.86339998796278,55.86339998796278,0.0,0.0
102043736,50,aco,aco,69.24054578052193,69.24054578052193,0.0,0.0
71267058,50,aco,aco,17.765129360006313,17.765129360006313,0.0,0.0
37049695,50,aco,aco,21.50763474046962,21.50763474046962,0.0,0.0
160026758,50,aco,aco,112.80467198454976,112.80467198454976,0.0,0.0
2024519,50,aco,aco,73.19168702354831,73.19168702354831,0.0,0.0
44788743,50,ga,ga,8.050630324407072,8.050630324407072,0.0,0.0
131224734,50,aco,aco,8.020136431396885,8.020136431396885,0.0,0.0
126756830,50,ga,ga,34.23915857231735,34.23915857231735,0.0,0.0
155608719,50,aco,aco,12.648879041783744,12.648879041783744,0.0,0.0
18270536,50,ga,ga,50.066825491703206,50.066825491703206,0.0,0.0
25710394,50,aco,aco,60.927902676205456,60.927902676205456,0.0,0.0
480160058,50,sa,sa,55.85425532339136,55.85425532339136,0.0,0.0
98154266,50,ga,ga,24.37626877388348,24.37626877388348,0.0,0.0
130077839,50,ga,ga,79.47485178983563,79.47485178983563,0.0,0.0
192638468,50,aco,aco,56.953098834346505,56.953098834346505,0.0,0.0
142214980,50,aco,aco,7.718756228401036,7.718756228401036,0.0,0.0
46863127,50,aco,aco,15.60178286514324,15.60178286514324,0.0,0.0
45835908,50,ga,ga,40.978193156019415,40.978193156019415,0.0,0.0
180242029,50,ga,ga,75.55864400541155,75.55864400541155,0.0,0.0
160774733,50,ga,ga,24.1487593225024,24.1487593225024,0.0,0.0
130287272,50,ga,ga,39.24513659332851,39.24513659332851,0.0,0.0
60446353,50,aco,aco,28.78451085799576,28.78451085799576,0.0,0.0
83783173,50,aco,ga,19.79516190636194,27.537843838719034,7.742681932357094,0.3911401164073674
79983460,50,ga,ga,44.8884583020052,44.8884583020052,0.0,0.0
142982901,50,aco,aco,34.353378548896835,34.353378548896835,0.0,0.0
753659610,50,sa,sa,138.22977558199423,138.22977558199423,0.0,0.0
146892317,50,aco,aco,38.36856711038138,38.36856711038138,0.0,0.0
134236580,50,ga,ga,50.83363671996558,50.83363671996558,0.0,0.0
71626086,50,aco,aco,93.37923728631952,93.37923728631952,0.0,0.0
180022623,50,aco,aco,29.053364409482533,29.053364409482533,0.0,0.0
32661575,50,sa,sa,49.548215626862216,49.548215626862216,0.0,0.0
174976285,50,ga,ga,11.123833114071983,11.123833114071983,0.0,0.0
123605362,50,ga,ga,22.511474675057283,22.511474675057283,0.0,0.0
112515386,50,aco,aco,11.677557156188945,11.677557156188945,0.0,0.0
88031671,50,aco,aco,38.79504999339979,38.79504999339979,0.0,0.0
5265744,50,ga,ga,47.61413579884183,47.61413579884183,0.0,0.0
71945222,50,aco,aco,55.15903611551671,55.15903611551671,0.0,0.0
48199509,50,ga,ga,15.59110581077071,15.59110581077071,0.0,0.0
53405415,50,aco,aco,48.3490017371569,48.3490017371569,0.0,0.0
27326020,50,ga,ga,10.175922527368844,10.175922527368844,0.0,0.0
57344750,50,aco,aco,8.711604097436934,8.711604097436934,0.0,0.0
6891343,50,aco,aco,17.082187662161942,17.082187662161942,0.0,0.0
20773759,50,ga,ga,9.194323088862182,9.194323088862182,0.0,0.0
122927198,50,aco,aco,64.61835379319768,64.61835379319768,0.0,0.0
194483473,50,aco,aco,16.83150562312989,16.83150562312989,0.0,0.0
179543919,50,ga,aco,16.121584440419575,16.47059517545805,0.3490107350384761,0.021648662160243158
589553895,50,sa,sa,80.68312078188626,80.68312078188626,0.0,0.0
11020165,50,aco,aco,11.880189775096172,11.880189775096172,0.0,0.0
50283866,50,ga,ga,69.95649944258167,69.95649944258167,0.0,0.0
365590234,50,sa,sa,300.9593445090226,300.9593445090226,0.0,0.0
73870011,50,aco,aco,23.430087713173208,23.430087713173208,0.0,0.0
179663595,50,aco,aco,4.361211325033428,4.361211325033428,0.0,0.0
142813360,50,sa,sa,36.382830558756375,36.382830558756375,0.0,0.0
73261658,50,ga,ga,34.40611903984834,34.40611903984834,0.0,0.0
97645643,50,aco,aco,9.525429524252491,9.525429524252491,0.0,0.0
112335872,50,ga,ga,94.26466341854332,94.26466341854332,0.0,0.0
125609935,50,aco,aco,71.84033289228606,71.84033289228606,0.0,0.0
57963076,50,aco,aco,57.8650999556755,57.8650999556755,0.0,0.0
88899322,50,aco,aco,10.760384751852314,10.760384751852314,0.0,0.0
177619130,50,aco,aco,42.42648838312028,42.42648838312028,0.0,0.0
113602443,50,ga,ga,45.0261021526461,45.0261021526461,0.0,0.0
130257353,50,ga,ga,31.701557529173414,31.701557529173414,0.0,0.0
157344021,50,aco,aco,15.031273506282952,15.031273506282952,0.0,0.0
44160444,50,aco,aco,11.284357337262431,11.284357337262431,0.0,0.0
104656662,50,aco,aco,46.62785263096861,46.62785263096861,0.0,0.0
45067987,50,aco,aco,6.762117167493132,6.762117167493132,0.0,0.0
81060544,50,aco,aco,19.874761992121478,19.874761992121478,0.0,0.0
134017174,50,aco,aco,28.50673198635509,28.50673198635509,0.0,0.0
61553356,50,ga,ga,59.78957850130683,59.78957850130683,0.0,0.0
105763665,50,aco,aco,28.843226982736763,28.843226982736763,0.0,0.0
35743232,50,ga,ga,5.618041460164093,5.618041460164093,0.0,0.0
111488167,50,ga,ga,112.5986543726893,112.5986543726893,0.0,0.0
146543262,50,aco,aco,15.79294208525537,15.79294208525537,0.0,0.0
15488069,50,ga,ga,22.15850642890328,22.15850642890328,0.0,0.0
137198561,50,sa,sa,156.8873869687239,156.8873869687239,0.0,0.0
50104352,50,ga,ga,58.36904791317663,58.36904791317663,0.0,0.0
19876189,50,aco,aco,30.866303506691608,30.866303506691608,0.0,0.0
194333878,50,ga,ga,32.33619888692641,32.33619888692641,0.0,0.0
105514340,50,ga,ga,81.75937883457247,81.75937883457247,0.0,0.0
46414342,50,sa,sa,86.30656981538364,86.30656981538364,0.0,0.0
48269320,50,aco,aco,69.37422947078579,69.37422947078579,0.0,0.0
159169080,50,aco,aco,20.01564969559869,20.01564969559869,0.0,0.0
27256209,50,aco,aco,18.189097705732078,18.189097705732078,0.0,0.0
187971104,50,aco,aco,35.19956120366855,35.19956120366855,0.0,0.0
171755006,50,aco,aco,52.6873092276727,52.6873092276727,0.0,0.0
97067209,50,aco,aco,28.787336630639796,28.787336630639796,0.0,0.0
124961690,50,aco,aco,96.65518567113838,96.65518567113838,0.0,0.0
92180439,50,ga,ga,1860.438586808326,1860.438586808326,0.0,0.0
48917565,50,aco,aco,17.182982988881164,17.182982988881164,0.0,0.0
174916447,50,ga,ga,51.67817952118538,51.67817952118538,0.0,0.0
138734403,50,ga,ga,70.75076975546536,70.75076975546536,0.0,0.0
58721024,50,ga,ga,11.438402041121773,11.438402041121773,0.0,0.0
139681838,50,aco,aco,41.66313662880614,41.66313662880614,0.0,0.0
164335094,50,aco,aco,33.818059736336075,33.818059736336075,0.0,0.0
34157525,50,aco,aco,14.090426028707896,14.090426028707896,0.0,0.0
115417529,50,ga,ga,20.988830582017,20.988830582017,0.0,0.0
150831652,50,aco,aco,19.19348300428569,19.19348300428569,0.0,0.0
26219017,50,ga,ga,26.05523272079437,26.05523272079437,0.0,0.0
473308607,50,sa,sa,263.39106867972265,263.39106867972265,0.0,0.0
76004233,50,aco,aco,30.292111575238707,30.292111575238707,0.0,0.0
40749678,50,aco,aco,44.39105331738722,44.39105331738722,0.0,0.0
54881419,50,ga,ga,49.17099318788718,49.17099318788718,0.0,0.0
96099828,50,ga,ga,16.381183096862493,16.381183096862493,0.0,0.0
87024398,50,ga,ga,63.45820958608353,63.45820958608353,0.0,0.0
57803508,50,aco,aco,175.31567444205749,175.31567444205749,0.0,0.0
10591326,50,aco,aco,25.384131042778435,25.384131042778435,0.0,0.0
18759213,50,ga,ga,9.872233129554807,9.872233129554807,0.0,0.0
128212888,50,ga,ga,58.47116466043153,58.47116466043153,0.0,0.0
91731654,50,aco,aco,78.09194434594683,78.09194434594683,0.0,0.0
58232347,50,ga,ga,25.158212092687407,25.158212092687407,0.0,0.0
51450707,50,ga,ga,37.08894818046078,37.08894818046078,0.0,0.0
192768117,50,ga,ga,17.116854378826062,17.116854378826062,0.0,0.0
194194256,50,ga,ga,51.6094407773584,51.6094407773584,0.0,0.0
38495780,50,aco,aco,10.348241637468435,10.348241637468435,0.0,0.0
191471627,50,aco,aco,7.013290468388814,7.013290468388814,0.0,0.0
120902679,50,aco,aco,120.18617446175996,120.18617446175996,0.0,0.0
38565591,50,aco,aco,16.140981939333038,16.140981939333038,0.0,0.0
25371312,50,aco,aco,28.31888066688764,28.31888066688764,0.0,0.0
18210698,50,aco,aco,11.164665630249754,11.164665630249754,0.0,0.0
195740071,50,ga,ga,49.534370278132215,49.534370278132215,0.0,0.0
82297196,50,aco,aco,25.632653123410748,25.632653123410748,0.0,0.0
123166550,50,aco,aco,20.22395973327756,20.22395973327756,0.0,0.0
57125344,50,aco,aco,142.16653608826954,142.16653608826954,0.0,0.0
15757340,50,aco,ga,62.37741487745807,77.90389401540688,15.526479137948805,0.24891187248543314
76612586,50,aco,aco,9.529838966881233,9.529838966881233,0.0,0.0
101924060,50,aco,aco,38.91610228085029,38.91610228085029,0.0,0.0
157832698,50,aco,aco,13.618707097440936,13.618707097440936,0.0,0.0
78896403,50,aco,aco,13.54644499510382,13.54644499510382,0.0,0.0
195131718,50,aco,aco,17.297959724334465,17.297959724334465,0.0,0.0
65572475,50,aco,aco,40.24982569332159,40.24982569332159,0.0,0.0
93087982,50,aco,aco,22.58439672398724,22.58439672398724,0.0,0.0
93686362,50,ga,ga,5.9028388896521085,5.9028388896521085,0.0,0.0
51540464,50,ga,ga,26.9118252328556,26.9118252328556,0.0,0.0
78178347,50,ga,ga,37.13510418771671,37.13510418771671,0.0,0.0
81070517,50,aco,aco,10.503477874381463,10.503477874381463,0.0,0.0
105594124,50,sa,sa,176.49649022600244,176.49649022600244,0.0,0.0
147630319,50,aco,aco,14.891375307831186,14.891375307831186,0.0,0.0
81549221,50,ga,ga,93.02622372336236,93.02622372336236,0.0,0.0
16475396,50,aco,aco,11.664196744270068,11.664196744270068,0.0,0.0
183832309,50,aco,aco,15.559435002133403,15.559435002133403,0.0,0.0
35424096,50,aco,aco,17.000029692415087,17.000029692415087,0.0,0.0
12605872,50,aco,aco,34.470372384816955,34.470372384816955,0.0,0.0
185517746,50,aco,aco,116.88087688024676,116.88087688024676,0.0,0.0
83852984,50,aco,aco,18.540501928111254,18.540501928111254,0.0,0.0
325658342,50,sa,sa,46.41203940433864,46.41203940433864,0.0,0.0
212055899,50,sa,sa,44.97074570571375,44.97074570571375,0.0,0.0
34337039,50,aco,aco,11.856985134046228,11.856985134046228,0.0,0.0
125580016,50,ga,ga,11.271634188599265,11.271634188599265,0.0,0.0
84062417,50,aco,ga,21.34236352717029,24.297757119777,2.955393592606711,0.1384754593297173
74667851,50,aco,aco,164.66851899057087,164.66851899057087,0.0,0.0
158580673,50,aco,aco,33.51413189973773,33.51413189973773,0.0,0.0
71456545,50,aco,aco,22.01986466246064,22.01986466246064,0.0,0.0
194912312,50,aco,aco,26.18170946807539,26.18170946807539,0.0,0.0
109433729,50,aco,aco,9.425127634924326,9.425127634924326,0.0,0.0
39363431,50,ga,ga,21.15863678638579,21.15863678638579,0.0,0.0
163038604,50,aco,aco,22.324479967373527,22.324479967373527,0.0,0.0
4088930,50,aco,aco,12.43426963017921,12.43426963017921,0.0,0.0
29490161,50,aco,aco,26.62722537389341,26.62722537389341,0.0,0.0
94913041,50,aco,aco,50.9375944961578,50.9375944961578,0.0,0.0
190354651,50,aco,aco,20.170861759775747,20.170861759775747,0.0,0.0
60097298,50,ga,ga,24.931984974282067,24.931984974282067,0.0,0.0
16206125,50,aco,aco,14.440034345750814,14.440034345750814,0.0,0.0
117422102,50,ga,ga,22.36296975487422,22.36296975487422,0.0,0.0
68634186,50,ga,ga,11.784500785752968,11.784500785752968,0.0,0.0
144977501,50,aco,aco,30.790406526753408,30.790406526753408,0.0,0.0
436388561,50,sa,sa,123.65860643868126,123.65860643868126,0.0,0.0
18170806,50,ga,ga,74.31376101120406,74.31376101120406,0.0,0.0
147191507,50,ga,ga,104.07162665920865,104.07162665920865,0.0,0.0
153085550,50,aco,aco,34.71301919446619,34.71301919446619,0.0,0.0
48847754,50,ga,ga,33.411816568881314,33.411816568881314,0.0,0.0
19746540,50,ga,ga,17.191059991346012,17.191059991346012,0.0,0.0
146523316,50,aco,aco,88.57620122002693,88.57620122002693,0.0,0.0
47002749,50,ga,ga,38.055917575402674,38.055917575402674,0.0,0.0
14032011,50,ga,ga,24.474982567822167,24.474982567822167,0.0,0.0
164065823,50,aco,aco,21.281434985947595,21.281434985947595,0.0,0.0
124044174,50,ga,ga,47.11303919651347,47.11303919651347,0.0,0.0
173240983,50,ga,ga,27.935552237218943,27.935552237218943,0.0,0.0
120533678,50,aco,aco,10.850742892189054,10.850742892189054,0.0,0.0
213551849,50,sa,sa,227.7455314135154,227.7455314135154,0.0,0.0
19965946,50,ga,ga,13.809202040098905,13.809202040098905,0.0,0.0
15278636,50,ga,ga,99.33728532492016,99.33728532492016,0.0,0.0
135403421,50,ga,ga,37.410538932130905,37.410538932130905,0.0,0.0
124453067,50,ga,ga,1169.8847592023174,1169.8847592023174,0.0,0.0
104935906,50,aco,aco,79.38142695791491,79.38142695791491,0.0,0.0
153454551,50,ga,ga,13.630118351521068,13.630118351521068,0.0,0.0
145176961,50,ga,ga,12.50510914752028,12.50510914752028,0.0,0.0
172862009,50,aco,aco,43.59963432822019,43.59963432822019,0.0,0.0
30666975,50,ga,ga,26.55910453079928,26.55910453079928,0.0,0.0
9404539,50,aco,aco,20.660551407036536,20.660551407036536,0.0,0.0
62809954,50,ga,ga,96.03212815751776,96.03212815751776,0.0,0.0
118888133,50,aco,aco,43.78446020874775,43.78446020874775,0.0,0.0
50922138,50,ga,ga,18.565531315793063,18.565531315793063,0.0,0.0
22389385,50,ga,ga,14.07915477229159,14.07915477229159,0.0,0.0
136211234,50,aco,aco,38.97941166189721,38.97941166189721,0.0,0.0
60226947,50,aco,aco,46.71660046021112,46.71660046021112,0.0,0.0
332948605,50,sa,sa,175.7628272361031,175.7628272361031,0.0,0.0
34725986,50,aco,aco,36.41701887838162,36.41701887838162,0.0,0.0
39243755,50,ga,ga,67.27741394785404,67.27741394785404,0.0,0.0
103439956,50,sa,sa,30.784809858059965,30.784809858059965,0.0,0.0
34267228,50,aco,aco,22.43489238554948,22.43489238554948,0.0,0.0
92220331,50,aco,aco,60.48858171049082,60.48858171049082,0.0,0.0
50463380,50,aco,aco,123.46114915224597,123.46114915224597,0.0,0.0
189935785,50,ga,ga,42.15692046448597,42.15692046448597,0.0,0.0
19297755,50,aco,aco,38.937026959685134,38.937026959685134,0.0,0.0
152048358,50,sa,sa,109.52188755990628,109.52188755990628,0.0,0.0
98652916,50,aco,aco,57.11500519410546,57.11500519410546,0.0,0.0
78936295,50,aco,aco,81.2591065205794,81.2591065205794,0.0,0.0
45307339,50,aco,ga,54.93698859963692,74.68328904086235,19.74630044122543,0.35943543584323684
108775511,50,aco,aco,21.194179019560597,21.194179019560597,0.0,0.0
81379680,50,ga,ga,48.76438278211944,48.76438278211944,0.0,0.0
43671767,50,aco,aco,23.37333075061145,23.37333075061145,0.0,0.0
146563208,50,ga,ga,47.88572104897605,47.88572104897605,0.0,0.0
60895138,50,aco,aco,12.990583335235064,12.990583335235064,0.0,0.0
72553575,50,ga,ga,75.58469089893016,75.58469089893016,0.0,0.0
181688114,50,ga,ga,55.55818499049824,55.55818499049824,0.0,0.0
54662013,50,ga,ga,76.80591799786568,76.80591799786568,0.0,0.0
116674127,50,aco,aco,49.81017674492347,49.81017674492347,0.0,0.0
143162415,50,aco,aco,56.58281387821778,56.58281387821778,0.0,0.0
185567611,50,aco,aco,36.926201270991214,36.926201270991214,0.0,0.0
171106761,50,aco,aco,35.04358061906777,35.04358061906777,0.0,0.0
94464256,50,aco,aco,141.16669611007734,141.16669611007734,0.0,0.0
32492034,50,ga,ga,43.09094940628594,43.09094940628594,0.0,0.0
147749995,50,aco,aco,37.58655531647442,37.58655531647442,0.0,0.0
181209410,50,aco,aco,11.135353044779656,11.135353044779656,0.0,0.0
138614727,50,aco,aco,13.693526673459006,13.693526673459006,0.0,0.0
108984944,50,aco,aco,17.52423719821727,17.52423719821727,0.0,0.0
250072975,50,sa,sa,110.88384383994504,110.88384383994504,0.0,0.0
50543164,50,aco,aco,47.01924999609341,47.01924999609341,0.0,0.0
55549610,50,ga,ga,13.346805330649309,13.346805330649309,0.0,0.0
148069131,50,aco,aco,68.79866911113797,68.79866911113797,0.0,0.0
103659362,50,aco,aco,9.28480411164407,9.28480411164407,0.0,0.0
67956022,50,aco,aco,45.39707799230031,45.39707799230031,0.0,0.0
64036633,50,ga,ga,62.74949872524371,62.74949872524371,0.0,0.0
4886770,50,sa,sa,76.09794973972343,76.09794973972343,0.0,0.0
6013719,50,ga,ga,63.01048377275789,63.01048377275789,0.0,0.0
30796624,50,ga,ga,8.219032007237583,8.219032007237583,0.0,0.0
23965119,50,aco,aco,90.30047187212382,90.30047187212382,0.0,0.0
1974654,50,ga,ga,19.91399616852976,19.91399616852976,0.0,0.0
114559851,50,aco,aco,55.49309663997079,55.49309663997079,0.0,0.0
46294666,50,ga,ga,19.642981891001323,19.642981891001323,0.0,0.0
155239718,50,ga,ga,36.1163441983972,36.1163441983972,0.0,0.0
89826811,50,aco,aco,8.719274233354005,8.719274233354005,0.0,0.0
37408723,50,aco,aco,5.545663835826415,5.545663835826415,0.0,0.0
89467783,50,aco,aco,39.132399002110176,39.132399002110176,0.0,0.0
3510496,50,ga,ga,48.89466014627553,48.89466014627553,0.0,0.0
95960206,50,aco,aco,80.06098036556851,80.06098036556851,0.0,0.0
69312350,50,aco,aco,11.839801978074153,11.839801978074153,0.0,0.0
509041866,50,sa,sa,65.54382564525962,65.54382564525962,0.0,0.0
58242320,50,aco,aco,88.3075900283629,88.3075900283629,0.0,0.0
189457081,50,ga,ga,127.3748161302164,127.3748161302164,0.0,0.0
144688284,50,ga,ga,33.472267497879855,33.472267497879855,0.0,0.0
166469316,50,aco,aco,9.076042192162364,9.076042192162364,0.0,0.0
37478534,50,ga,ga,29.57667123776056,29.57667123776056,0.0,0.0
92320061,50,aco,aco,110.8129101270694,110.8129101270694,0.0,0.0
41308166,50,aco,aco,36.83616295645756,36.83616295645756,0.0,0.0
198741944,50,aco,aco,29.11208403234269,29.11208403234269,0.0,0.0
142055412,50,aco,ga,91.77967754677326,92.86275078520517,1.0830732384319077,0.011800795855705051
154581500,50,aco,aco,28.816730075030957,28.816730075030957,0.0,0.0
13084576,50,aco,aco,9.170392912734972,9.170392912734972,0.0,0.0
167925374,50,aco,aco,29.9317313830706,29.9317313830706,0.0,0.0
101874195,50,aco,aco,199.21529381555305,199.21529381555305,0.0,0.0
1326409,50,aco,aco,49.95408308638835,49.95408308638835,0.0,0.0
186544965,50,aco,aco,9.566408183882364,9.566408183882364,0.0,0.0
7908589,50,aco,aco,20.528016984347,20.528016984347,0.0,0.0
102771765,50,aco,aco,34.12600835543292,34.12600835543292,0.0,0.0
143042739,50,aco,aco,81.6898667140321,81.6898667140321,0.0,0.0
126188369,50,aco,aco,46.48880176402869,46.48880176402869,0.0,0.0
126457640,50,aco,aco,45.67843992264735,45.67843992264735,0.0,0.0
109034809,50,aco,aco,82.85702087116823,82.85702087116823,0.0,0.0
141476978,50,ga,ga,32.85939469361375,32.85939469361375,0.0,0.0
193236848,50,aco,aco,16.958866573612713,16.958866573612713,0.0,0.0
44918392,50,aco,aco,136.85934569923296,136.85934569923296,0.0,0.0
168473889,50,aco,aco,29.102004903290208,29.102004903290208,0.0,0.0
2802413,50,ga,ga,51.25252557340466,51.25252557340466,0.0,0.0
84162147,50,sa,sa,358.39659533415346,358.39659533415346,0.0,0.0
190594003,50,ga,ga,9.93478576212854,9.93478576212854,0.0,0.0
34267228,50,sa,sa,32.625267933601826,32.625267933601826,0.0,0.0
41457761,50,aco,aco,27.01043377301092,27.01043377301092,0.0,0.0
29689621,50,aco,aco,113.51738364888276,113.51738364888276,0.0,0.0
91941087,50,ga,ga,13.142250389056066,13.142250389056066,0.0,0.0
34366958,50,ga,ga,25.867012621680765,25.867012621680765,0.0,0.0
34376931,50,aco,aco,34.98455255449894,34.98455255449894,0.0,0.0
81150301,50,aco,aco,87.485024413226,87.485024413226,0.0,0.0
21352193,50,aco,aco,13.649437114574766,13.649437114574766,0.0,0.0
69661405,50,aco,aco,13.842264992754927,13.842264992754927,0.0,0.0
157822725,50,ga,ga,16.99644437642758,16.99644437642758,0.0,0.0
191351951,50,ga,ga,99.06798308628828,99.06798308628828,0.0,0.0
58691105,50,ga,ga,47.60124286817772,47.60124286817772,0.0,0.0
169451243,50,ga,ga,10.642049514605102,10.642049514605102,0.0,0.0
12655737,50,ga,ga,17.88178511545693,17.88178511545693,0.0,0.0
125540124,50,aco,aco,68.70150452460183,68.70150452460183,0.0,0.0
193306659,50,aco,aco,42.80546445599845,42.80546445599845,0.0,0.0
202940577,50,sa,sa,148.91021130775368,148.91021130775368,0.0,0.0
88649997,50,aco,aco,106.10392245920754,106.10392245920754,0.0,0.0
29869135,50,aco,aco,12.620992651298376,12.620992651298376,0.0,0.0
25052176,50,aco,aco,19.484967618182036,19.484967618182036,0.0,0.0
24413904,50,ga,ga,27.67513219564559,27.67513219564559,0.0,0.0
11528788,50,aco,aco,25.909036610789418,25.909036610789418,0.0,0.0
101963952,50,sa,sa,498.99337818440375,498.99337818440375,0.0,0.0
262140305,50,sa,sa,57.73193569071508,57.73193569071508,0.0,0.0
106561505,50,aco,aco,10.02959251752092,10.02959251752092,0.0,0.0
10711002,50,aco,aco,179.33496510889577,179.33496510889577,0.0,0.0
110949625,50,ga,ga,49.30595001193704,49.30595001193704,0.0,0.0
702398390,50,sa,sa,429.3729003526613,429.3729003526613,0.0,0.0
321699061,50,sa,sa,337.2879256221749,337.2879256221749,0.0,0.0
133339010,50,aco,aco,16.724187882877917,16.724187882877917,0.0,0.0
163148307,50,aco,aco,52.5035212037263,52.5035212037263,0.0,0.0
88480456,50,aco,aco,13.487576217094327,13.487576217094327,0.0,0.0
189167864,50,ga,ga,26.595865949790408,26.595865949790408,0.0,0.0
4916689,50,aco,aco,127.0956721610136,127.0956721610136,0.0,0.0
190225002,50,aco,ga,50.39185815793235,60.38119394974913,9.989335791816785,0.1982331304495532
123076793,50,aco,aco,86.84090689947143,86.84090689947143,0.0,0.0
14151687,50,ga,ga,48.22763234727477,48.22763234727477,0.0,0.0
169959866,50,ga,ga,25.41871002666288,25.41871002666288,0.0,0.0
10521515,50,ga,ga,77.9747999908026,77.9747999908026,0.0,0.0
152686630,50,ga,ga,26.22775822339452,26.22775822339452,0.0,0.0
26518207,50,aco,aco,123.73224870547529,123.73224870547529,0.0,0.0
734391774,50,sa,sa,135.4667261922831,135.4667261922831,0.0,0.0
56776289,50,aco,aco,20.70940969593834,20.70940969593834,0.0,0.0
168045050,50,aco,aco,63.99909281822071,63.99909281822071,0.0,0.0
4667364,50,ga,ga,13.802337641044948,13.802337641044948,0.0,0.0
396217317,50,sa,sa,156.16228135641674,156.16228135641674,0.0,0.0
110361218,50,aco,aco,23.40603542609901,23.40603542609901,0.0,0.0
29210917,50,aco,aco,7.104552375030854,7.104552375030854,0.0,0.0
41906546,50,aco,aco,16.83816948700625,16.83816948700625,0.0,0.0
127355210,50,aco,aco,21.631413049830652,21.631413049830652,0.0,0.0
153833525,50,aco,aco,34.2744897239137,34.2744897239137,0.0,0.0
174627230,50,aco,aco,7.385764488300406,7.385764488300406,0.0,0.0
424690232,50,sa,sa,73.23324255583768,73.23324255583768,0.0,0.0
44928365,50,aco,aco,73.53775886037386,73.53775886037386,0.0,0.0
31584491,50,aco,aco,10.569700717992983,10.569700717992983,0.0,0.0
141167815,50,aco,aco,9.705210973853475,9.705210973853475,0.0,0.0
83394226,50,ga,ga,99.16926385449536,99.16926385449536,0.0,0.0
127155750,50,ga,ga,88.74433037838119,88.74433037838119,0.0,0.0
137407994,50,aco,aco,23.215511149956736,23.215511149956736,0.0,0.0
76193720,50,aco,aco,30.628764100260344,30.628764100260344,0.0,0.0
151260491,50,aco,aco,50.16020613574578,50.16020613574578,0.0,0.0
9743621,50,aco,aco,54.607006590963984,54.607006590963984,0.0,0.0
181199437,50,ga,ga,8.891683303193268,8.891683303193268,0.0,0.0
156725695,50,aco,aco,27.111389764428868,27.111389764428868,0.0,0.0
98632970,50,aco,aco,22.27828769565585,22.27828769565585,0.0,0.0
17492642,50,aco,aco,17.78544964285565,17.78544964285565,0.0,0.0
118259834,50,aco,aco,9.247147880669122,9.247147880669122,0.0,0.0
31793924,50,ga,ga,9.017892423272947,9.017892423272947,0.0,0.0
311047897,50,sa,sa,46.9610801211109,46.9610801211109,0.0,0.0
148697430,50,ga,ga,24.355081647889385,24.355081647889385,0.0,0.0
46643721,50,aco,aco,19.29433860402195,19.29433860402195,0.0,0.0
25620637,50,ga,ga,35.81700593677851,35.81700593677851,0.0,0.0
9364647,50,ga,ga,47.68598100002394,47.68598100002394,0.0,0.0
143262145,50,aco,aco,10.765664171552826,10.765664171552826,0.0,0.0
367365428,50,sa,sa,54.51502666938969,54.51502666938969,0.0,0.0
186963831,50,ga,ga,112.77373399343942,112.77373399343942,0.0,0.0
120194596,50,ga,ga,48.54747851854962,48.54747851854962,0.0,0.0
125121258,50,aco,aco,81.9841905334718,81.9841905334718,0.0,0.0
506379075,50,sa,sa,413.60182270670623,413.60182270670623,0.0,0.0
142175088,50,aco,aco,53.36614006694059,53.36614006694059,0.0,0.0
164743987,50,ga,ga,8.343635080732344,8.343635080732344,0.0,0.0
807813,50,ga,ga,43.08695630403125,43.08695630403125,0.0,0.0
51021868,50,ga,ga,11.016101532817451,11.016101532817451,0.0,0.0
57723724,50,ga,ga,9.315898324093974,9.315898324093974,0.0,0.0
91552140,50,aco,aco,20.727391601522356,20.727391601522356,0.0,0.0
1785167,50,aco,aco,7.942189822999467,7.942189822999467,0.0,0.0
186036342,50,aco,aco,6.024868646726939,6.024868646726939,0.0,0.0
18091022,50,ga,ga,37.17431977243052,37.17431977243052,0.0,0.0
44988203,50,ga,ga,86.46722301681467,86.46722301681467,0.0,0.0
12456277,50,aco,aco,51.02183609845888,51.02183609845888,0.0,0.0
120693246,50,aco,aco,26.724724157158185,26.724724157158185,0.0,0.0
130456813,50,aco,aco,28.7887179682908,28.7887179682908,0.0,0.0
193196956,50,aco,aco,11.580152976088208,11.580152976088208,0.0,0.0
2762521,50,sa,ga,27.24648859261301,29.213378989071167,1.966890396458158,0.07218876626147767
80561894,50,aco,aco,55.90861564516604,55.90861564516604,0.0,0.0
120613462,50,aco,aco,49.1352790311569,49.1352790311569,0.0,0.0
58880592,50,aco,aco,5.966804426533772,5.966804426533772,0.0,0.0
4228552,50,aco,aco,59.45674900778543,59.45674900778543,0.0,0.0
35543772,50,aco,aco,8.522880145694652,8.522880145694652,0.0,0.0
65672205,50,ga,ga,20.44730699058323,20.44730699058323,0.0,0.0
124622608,50,ga,ga,9.24724461846441,9.24724461846441,0.0,0.0
48259347,50,aco,aco,24.51151330345825,24.51151330345825,0.0,0.0
7559534,50,ga,sa,136.59508026176712,281.14513821776103,144.5500579559939,1.058237658918477
135592908,50,aco,aco,14.238011181597624,14.238011181597624,0.0,0.0
107060155,50,aco,aco,12.251503799244094,12.251503799244094,0.0,0.0
24693148,50,aco,aco,12.28268079533741,12.28268079533741,0.0,0.0
524190853,50,sa,sa,71.87006249208486,71.87006249208486,0.0,0.0
157912482,50,aco,aco,15.90792857318549,15.90792857318549,0.0,0.0
193147091,50,aco,aco,113.63443597913552,113.63443597913552,0.0,0.0
178985431,50,ga,aco,58.39104792646655,61.60576002420325,3.214712097736701,0.05505487933330253
182535819,50,aco,aco,13.503773951963888,13.503773951963888,0.0,0.0
92898495,50,aco,aco,28.307724710745127,28.307724710745127,0.0,0.0
169501108,50,ga,ga,51.33661477883834,51.33661477883834,0.0,0.0
182924766,50,aco,aco,41.74087442322806,41.74087442322806,0.0,0.0
23546253,50,sa,sa,162.71336372498678,162.71336372498678,0.0,0.0
95581232,50,aco,aco,23.06386524328691,23.06386524328691,0.0,0.0
131663546,50,aco,aco,10.893805517380084,10.893805517380084,0.0,0.0
559365624,50,sa,sa,285.44438040795893,285.44438040795893,0.0,0.0
22878062,50,aco,aco,33.14438579308369,33.14438579308369,0.0,0.0
66350369,50,aco,aco,85.72203224760038,85.72203224760038,0.0,0.0
87542994,50,ga,ga,56.43288954001639,56.43288954001639,0.0,0.0
39333512,50,aco,aco,22.35949971037852,22.35949971037852,0.0,0.0
81389653,50,aco,aco,18.264341238550152,18.264341238550152,0.0,0.0
72693197,50,sa,sa,177.89586035074612,177.89586035074612,0.0,0.0
97416264,50,aco,aco,31.72228787827025,31.72228787827025,0.0,0.0
92709008,50,ga,ga,18.432653627979768,18.432653627979768,0.0,0.0
3739875,50,aco,aco,45.76195937276725,45.76195937276725,0.0,0.0
29919000,50,aco,aco,45.50056708975433,45.50056708975433,0.0,0.0
359297271,50,sa,sa,105.8237595713776,105.8237595713776,0.0,0.0
81758654,50,aco,aco,14.855695930246272,14.855695930246272,0.0,0.0
71665978,50,sa,sa,44.74680518726767,44.74680518726767,0.0,0.0
160525408,50,ga,ga,18.38339941396375,18.38339941396375,0.0,0.0
73949795,50,ga,ga,28.811790945162304,28.811790945162304,0.0,0.0
62690278,50,aco,aco,13.473690803927957,13.473690803927957,0.0,0.0
27565372,50,ga,ga,11.399611669293826,11.399611669293826,0.0,0.0
154112769,50,aco,aco,40.87390115237864,40.87390115237864,0.0,0.0
71725816,50,ga,ga,52.8855113337992,52.8855113337992,0.0,0.0
1625599,50,aco,aco,22.389546938987056,22.389546938987056,0.0,0.0
133039820,50,aco,aco,26.9177132725426,26.9177132725426,0.0,0.0
28802024,50,ga,ga,52.0537745874567,52.0537745874567,0.0,0.0
44100606,50,aco,aco,28.42563312733184,28.42563312733184,0.0,0.0
121082193,50,aco,aco,12.11850635004138,12.11850635004138,0.0,0.0
62959549,50,ga,ga,17.670460624620972,17.670460624620972,0.0,0.0
556463481,50,sa,sa,227.4154366354666,227.4154366354666,0.0,0.0
46165017,50,aco,ga,23.505621745794667,27.56751930854139,4.061897562746722,0.17280536574079033
33140279,50,aco,aco,63.76508828551111,63.76508828551111,0.0,0.0
109992217,50,aco,aco,36.5272334822157,36.5272334822157,0.0,0.0
4418039,50,ga,ga,17.662194920315887,17.662194920315887,0.0,0.0
166688722,50,aco,aco,14.618672102685832,14.618672102685832,0.0,0.0
105354772,50,ga,ga,66.87144954935307,66.87144954935307,0.0,0.0
163188199,50,aco,aco,14.535617086934131,14.535617086934131,0.0,0.0
29879108,50,aco,aco,8.336867729842703,8.336867729842703,0.0,0.0
4457931,50,ga,ga,120.6435544645956,120.6435544645956,0.0,0.0
99999271,50,ga,ga,99.46887800142218,99.46887800142218,0.0,0.0
60137190,50,aco,aco,35.9923665094362,35.9923665094362,0.0,0.0
136789668,50,sa,sa,58.27427595905304,58.27427595905304,0.0,0.0
180720733,50,ga,ga,28.22988974460525,28.22988974460525,0.0,0.0
47232128,50,ga,ga,26.95426200932109,26.95426200932109,0.0,0.0
128891052,50,aco,aco,15.575122845039846,15.575122845039846,0.0,0.0
108695727,50,aco,aco,27.365121795231623,27.365121795231623,0.0,0.0
131284572,50,sa,sa,142.2846771757453,142.2846771757453,0.0,0.0
180930166,50,ga,ga,102.31592928526966,102.31592928526966,0.0,0.0
107498967,50,aco,aco,21.950950904580008,21.950950904580008,0.0,0.0
77240885,50,ga,ga,22.413414190914036,22.413414190914036,0.0,0.0
190683760,50,aco,aco,33.89785273591056,33.89785273591056,0.0,0.0
181468708,50,aco,aco,109.56692095117717,109.56692095117717,0.0,0.0
32611710,50,aco,aco,21.04118999888855,21.04118999888855,0.0,0.0
78507456,50,aco,aco,17.037285070766615,17.037285070766615,0.0,0.0
144488824,50,aco,aco,68.83064742690227,68.83064742690227,0.0,0.0
48369050,50,ga,ga,74.3924744679631,74.3924744679631,0.0,0.0
718823921,50,sa,sa,43.89614664211732,43.89614664211732,0.0,0.0
25321447,50,ga,ga,20.978402854100956,20.978402854100956,0.0,0.0
151799033,50,sa,sa,118.7852571669496,118.7852571669496,0.0,0.0
36201990,50,aco,aco,42.0445670501769,42.0445670501769,0.0,0.0
181598357,50,ga,ga,41.68690904381776,41.68690904381776,0.0,0.0
252526333,50,sa,sa,69.04472769421614,69.04472769421614,0.0,0.0
101475275,50,aco,aco,22.692809904263324,22.692809904263324,0.0,0.0
702936932,50,sa,sa,33.11477294159779,33.11477294159779,0.0,0.0
20185352,50,aco,aco,57.6050671587343,57.6050671587343,0.0,0.0
107548832,50,aco,aco,19.182415909930818,19.182415909930818,0.0,0.0
149774514,50,aco,aco,35.87585862090971,35.87585862090971,0.0,0.0
173949066,50,ga,sa,188.01877435959324,1383.1214888863176,1195.1027145267244,6.356294570036096
119476540,50,aco,aco,40.364147605800845,40.364147605800845,0.0,0.0
159198999,50,ga,ga,65.83641803950461,65.83641803950461,0.0,0.0
30956192,50,aco,aco,21.251732688323717,21.251732688323717,0.0,0.0
46384423,50,aco,aco,33.19806159940359,33.19806159940359,0.0,0.0
27814697,50,ga,ga,16.197451965940335,16.197451965940335,0.0,0.0
167586292,50,ga,ga,177.57778173730335,177.57778173730335,0.0,0.0
10182433,50,ga,ga,6.538150990504871,6.538150990504871,0.0,0.0
106631316,50,aco,aco,60.39420266198746,60.39420266198746,0.0,0.0
23835470,50,sa,sa,24.600290906843483,24.600290906843483,0.0,0.0
140649219,50,aco,aco,50.25659465503686,50.25659465503686,0.0,0.0
20444650,50,ga,ga,34.00143786939256,34.00143786939256,0.0,0.0
45805989,50,ga,ga,58.79113986308602,58.79113986308602,0.0,0.0
290084651,50,sa,sa,148.22768461715376,148.22768461715376,0.0,0.0
8197806,50,aco,aco,19.501194107521016,19.501194107521016,0.0,0.0
162729441,50,aco,aco,39.7915809485978,39.7915809485978,0.0,0.0
55210528,50,ga,ga,97.69958784830791,97.69958784830791,0.0,0.0
135882125,50,ga,ga,22.178413355112717,22.178413355112717,0.0,0.0
57264966,50,aco,aco,10.991523250637725,10.991523250637725,0.0,0.0
129120431,50,aco,aco,93.44334498537516,93.44334498537516,0.0,0.0
6033665,50,ga,ga,45.0296992064214,45.0296992064214,0.0,0.0
166190072,50,aco,aco,72.30183702969514,72.30183702969514,0.0,0.0
188429862,50,aco,aco,110.30483739791788,110.30483739791788,0.0,0.0
149824379,50,aco,aco,11.75984794266903,11.75984794266903,0.0,0.0
192738198,50,aco,aco,11.776335138884624,11.776335138884624,0.0,0.0
37468561,50,aco,aco,28.184913718100237,28.184913718100237,0.0,0.0
75864611,50,ga,ga,91.09117579922996,91.09117579922996,0.0,0.0
80312569,50,aco,aco,68.26316124981135,68.26316124981135,0.0,0.0
67616940,50,aco,aco,50.16884871122853,50.16884871122853,0.0,0.0
92788792,50,ga,ga,10.981681983952278,10.981681983952278,0.0,0.0
131314491,50,aco,aco,20.35943378861717,20.35943378861717,0.0,0.0
90475056,50,aco,aco,64.50875074591325,64.50875074591325,0.0,0.0
36561018,50,ga,ga,22.267022783909557,22.267022783909557,0.0,0.0
453701689,50,sa,sa,467.9718588887702,467.9718588887702,0.0,0.0
140828733,50,aco,aco,28.677148317367596,28.677148317367596,0.0,0.0
30367785,50,aco,aco,20.18865644077806,20.18865644077806,0.0,0.0
631031602,50,sa,sa,34.86466275356536,34.86466275356536,0.0,0.0
146234099,50,ga,ga,12.21348659890259,12.21348659890259,0.0,0.0
181568438,50,ga,ga,26.09294447161536,26.09294447161536,0.0,0.0
135104231,50,aco,aco,25.307869580928763,25.307869580928763,0.0,0.0
72693197,50,aco,aco,44.14279637599562,44.14279637599562,0.0,0.0
128731484,50,ga,ga,92.02318775181624,92.02318775181624,0.0,0.0
161363140,50,aco,aco,53.83834313522262,53.83834313522262,0.0,0.0
609479949,50,sa,sa,396.7059712841593,396.7059712841593,0.0,0.0
112046655,50,ga,ga,11.372887336186992,11.372887336186992,0.0,0.0
130127704,50,aco,aco,21.5880731467386,21.5880731467386,0.0,0.0
25032230,50,aco,aco,191.04049295183296,191.04049295183296,0.0,0.0
45965557,50,ga,ga,49.31338261177231,49.31338261177231,0.0,0.0
67636886,50,aco,aco,102.0506410916218,102.0506410916218,0.0,0.0
371933062,50,sa,sa,352.6546034143265,352.6546034143265,0.0,0.0
157114642,50,aco,aco,91.5344133452911,91.5344133452911,0.0,0.0
194124445,50,aco,aco,18.94018623253886,18.94018623253886,0.0,0.0
9344701,50,ga,ga,26.84214049190684,26.84214049190684,0.0,0.0
53345577,50,aco,aco,47.78977475379121,47.78977475379121,0.0,0.0
103230523,50,aco,aco,10.79648704315671,10.79648704315671,0.0,0.0
483012336,50,sa,sa,58.20515677754887,58.20515677754887,0.0,0.0
58800808,50,ga,ga,21.489167466719262,21.489167466719262,0.0,0.0
49855027,50,aco,aco,14.904313301923796,14.904313301923796,0.0,0.0
146822506,50,aco,aco,57.14690779483106,57.14690779483106,0.0,0.0
48209482,50,aco,aco,37.05118488839364,37.05118488839364,0.0,0.0
253962445,50,sa,sa,79.14360025589764,79.14360025589764,0.0,0.0
189865974,50,aco,aco,28.579115588337256,28.579115588337256,0.0,0.0
158470970,50,ga,ga,149.33300933007774,149.33300933007774,0.0,0.0
63388388,50,aco,aco,56.87913737776732,56.87913737776732,0.0,0.0
51460680,50,ga,ga,24.396356296116544,24.396356296116544,0.0,0.0
104527013,50,aco,aco,32.92217365459364,32.92217365459364,0.0,0.0
39273674,50,aco,aco,10.459494657979056,10.459494657979056,0.0,0.0
64774635,50,ga,ga,24.68086707064584,24.68086707064584,0.0,0.0
19227944,50,aco,aco,66.21981352325346,66.21981352325346,0.0,0.0
112395710,50,aco,aco,104.7774716685368,104.7774716685368,0.0,0.0
46843181,50,aco,aco,58.244972270824725,58.244972270824725,0.0,0.0
689363679,50,sa,sa,151.49149991560444,151.49149991560444,0.0,0.0
21202598,50,aco,aco,10.648842627664594,10.648842627664594,0.0,0.0
120324245,50,aco,aco,77.63911689719986,77.63911689719986,0.0,0.0
39024349,50,ga,ga,33.55367837459581,33.55367837459581,0.0,0.0
106890614,50,aco,aco,27.353171261829026,27.353171261829026,0.0,0.0
106142639,50,aco,aco,53.135261760318976,53.135261760318976,0.0,0.0
75565421,50,aco,aco,74.08295848280756,74.08295848280756,0.0,0.0
146672911,50,ga,ga,65.08528225156834,65.08528225156834,0.0,0.0
115936125,50,ga,ga,21.60728479992788,21.60728479992788,0.0,0.0
114809176,50,sa,sa,63.60448565932461,63.60448565932461,0.0,0.0
23586145,50,ga,ga,52.37033844966032,52.37033844966032,0.0,0.0
98353726,50,ga,ga,29.336071220909474,29.336071220909474,0.0,0.0
41258301,50,ga,ga,16.247969162317954,16.247969162317954,0.0,0.0
218169348,50,sa,sa,182.3459488633039,182.3459488633039,0.0,0.0
5475177,50,aco,aco,35.12831029295708,35.12831029295708,0.0,0.0
187502373,50,aco,aco,13.854720195770351,13.854720195770351,0.0,0.0
61593248,50,aco,aco,14.648450366835563,14.648450366835563,0.0,0.0
99171512,50,aco,aco,17.811670475153,17.811670475153,0.0,0.0
103220550,50,ga,ga,29.564408337754863,29.564408337754863,0.0,0.0
175056069,50,ga,ga,11.983738602460246,11.983738602460246,0.0,0.0
44888473,50,aco,aco,34.935683482453385,34.935683482453385,0.0,0.0
184061688,50,aco,aco,29.481307427824277,29.481307427824277,0.0,0.0
163846417,50,ga,ga,11.43618883372895,11.43618883372895,0.0,0.0
168144780,50,sa,sa,100.1408944779426,100.1408944779426,0.0,0.0
132222034,50,aco,aco,25.40156821133816,25.40156821133816,0.0,0.0
19846270,50,aco,aco,67.00827310840822,67.00827310840822,0.0,0.0
134555716,50,ga,ga,27.35467946405264,27.35467946405264,0.0,0.0
97964779,50,aco,aco,112.09691827004669,112.09691827004669,0.0,0.0
142484251,50,ga,ga,45.83432312003063,45.83432312003063,0.0,0.0
117202696,50,aco,aco,11.859923388869545,11.859923388869545,0.0,0.0
33240009,50,ga,ga,58.17632514150755,58.17632514150755,0.0,0.0
107309480,50,ga,ga,44.76964315480272,44.76964315480272,0.0,0.0
79624432,50,aco,aco,8.079083257467639,8.079083257467639,0.0,0.0
84311742,50,aco,aco,18.0708880156584,18.0708880156584,0.0,0.0
159518135,50,aco,aco,19.41624071287061,19.41624071287061,0.0,0.0
29829243,50,ga,ga,27.262836448241416,27.262836448241416,0.0,0.0
148976674,50,aco,aco,73.98617900726268,73.98617900726268,0.0,0.0
154401986,50,aco,aco,19.661677033952067,19.661677033952067,0.0,0.0
169919974,50,ga,ga,101.3063335467793,101.3063335467793,0.0,0.0
143661065,50,aco,aco,5.901598924456808,5.901598924456808,0.0,0.0
329956705,50,sa,sa,82.62769701706985,82.62769701706985,0.0,0.0
18011238,50,ga,aco,46.50262584359591,621.2233846250534,574.7207587814576,12.35888830696224
128920971,50,ga,ga,38.6687377127724,38.6687377127724,0.0,0.0
123565470,50,aco,ga,23.72133520252051,28.717147018377297,4.995811815856786,0.21060415753182207
7439858,50,ga,ga,83.88467855055518,83.88467855055518,0.0,0.0
140340056,50,ga,ga,19.48866023052905,19.48866023052905,0.0,0.0
25201771,50,aco,aco,30.25710890889425,30.25710890889425,0.0,0.0
736326536,50,sa,sa,44.8235911531422,44.8235911531422,0.0,0.0
151639465,50,aco,aco,50.86168445551546,50.86168445551546,0.0,0.0
96159666,50,ga,ga,15.441867678748135,15.441867678748135,0.0,0.0
65642286,50,aco,aco,43.242555884152125,43.242555884152125,0.0,0.0
75744935,50,aco,aco,20.596566431188386,20.596566431188386,0.0,0.0
117122912,50,ga,ga,79.51253517255412,79.51253517255412,0.0,0.0
96937560,50,aco,aco,12.00668215852324,12.00668215852324,0.0,0.0
160385786,50,ga,ga,146.22874250422726,146.22874250422726,0.0,0.0
62999441,50,aco,aco,39.50466009352572,39.50466009352572,0.0,0.0
15717448,50,aco,aco,60.78620421411577,60.78620421411577,0.0,0.0
135333610,50,ga,aco,59.67643830264947,71.19835892132693,11.521920618677456,0.19307319515692198
180072488,50,ga,ga,15.077185758048898,15.077185758048898,0.0,0.0
63308604,50,sa,sa,46.495424162814885,46.495424162814885,0.0,0.0
184211283,50,aco,aco,47.2051381097542,47.2051381097542,0.0,0.0
13752767,50,aco,aco,13.67064291472617,13.67064291472617,0.0,0.0
22538980,50,ga,ga,47.87023519666124,47.87023519666124,0.0,0.0
106681181,50,aco,aco,13.300692165210805,13.300692165210805,0.0,0.0
15109095,50,ga,ga,102.23824300258664,102.23824300258664,0.0,0.0
96059936,50,ga,ga,52.96307585111597,52.96307585111597,0.0,0.0
52497872,50,ga,ga,79.93548300805794,79.93548300805794,0.0,0.0
189965704,50,aco,aco,104.10246617975284,104.10246617975284,0.0,0.0
40999003,50,aco,aco,12.064192882472438,12.064192882472438,0.0,0.0
14041984,50,aco,aco,37.7174460479415,37.7174460479415,0.0,0.0
126726911,50,aco,aco,9.032757094239953,9.032757094239953,0.0,0.0
530763060,50,sa,sa,101.03487072571632,101.03487072571632,0.0,0.0
30088541,50,aco,aco,53.22770213006441,53.22770213006441,0.0,0.0
93337307,50,aco,aco,17.644711228355657,17.644711228355657,0.0,0.0
322427090,50,sa,sa,37.52624977115256,37.52624977115256,0.0,0.0
177080588,50,ga,ga,65.95063152757616,65.95063152757616,0.0,0.0
23815524,50,aco,aco,5.124482583729479,5.124482583729479,0.0,0.0
129649,50,aco,aco,39.831454836014274,39.831454836014274,0.0,0.0
191850601,50,ga,ga,72.4254078345128,72.4254078345128,0.0,0.0
140350029,50,aco,aco,20.519933804338518,20.519933804338518,0.0,0.0
60107271,50,ga,ga,24.81691898897521,24.81691898897521,0.0,0.0
23456496,50,ga,ga,86.83274747624368,86.83274747624368,0.0,0.0
22538980,50,sa,sa,89.93669702089196,89.93669702089196,0.0,0.0
68953322,50,aco,aco,65.49170369268327,65.49170369268327,0.0,0.0
44080660,50,ga,ga,69.05519417072769,69.05519417072769,0.0,0.0
109703000,50,aco,aco,32.48256209414724,32.48256209414724,0.0,0.0
29919,50,ga,sa,763.3872847111153,880.7858050478196,117.39852033670434,0.15378631880295315
167376859,50,aco,aco,7.859122867702377,7.859122867702377,0.0,0.0
144648392,50,aco,aco,19.67179517770972,19.67179517770972,0.0,0.0
47481453,50,aco,aco,62.07883272791271,62.07883272791271,0.0,0.0
32920873,50,aco,aco,13.50576856417995,13.50576856417995,0.0,0.0
92130574,50,ga,ga,25.360376511052035,25.360376511052035,0.0,0.0
87044344,50,aco,aco,26.917662868660564,26.917662868660564,0.0,0.0
40550218,50,aco,aco,64.37475560695945,64.37475560695945,0.0,0.0
167197345,50,aco,aco,15.77164812434405,15.77164812434405,0.0,0.0
38595510,50,ga,sa,70.39683260494284,131.08527231796182,60.68843971301898,0.8620904871330504
37668021,50,ga,ga,26.08366528077874,26.08366528077874,0.0,0.0
65891611,50,ga,ga,91.49299912036074,91.49299912036074,0.0,0.0
91621951,50,aco,aco,101.82379965313508,101.82379965313508,0.0,0.0
184839582,50,aco,aco,50.50406349775774,50.50406349775774,0.0,0.0
186834182,50,aco,aco,44.95889317147503,44.95889317147503,0.0,0.0
14720148,50,aco,aco,14.443315381138117,14.443315381138117,0.0,0.0
166748560,50,ga,ga,43.11859495101608,43.11859495101608,0.0,0.0
116694073,50,ga,ga,20.865620293753256,20.865620293753256,0.0,0.0
182685414,50,aco,aco,29.690072454769165,29.690072454769165,0.0,0.0
59129917,50,aco,aco,47.33030202706248,47.33030202706248,0.0,0.0
289486271,50,sa,sa,262.9100281316299,262.9100281316299,0.0,0.0
96249423,50,ga,ga,65.21228874373669,65.21228874373669,0.0,0.0
28532753,50,aco,aco,25.98047276094439,25.98047276094439,0.0,0.0
106162585,50,ga,ga,111.7353922760675,111.7353922760675,0.0,0.0
422944957,50,sa,sa,62.0593836339151,62.0593836339151,0.0,0.0
78188320,50,aco,aco,142.4364878309729,142.4364878309729,0.0,0.0
44449661,50,aco,aco,45.39395828310567,45.39395828310567,0.0,0.0
155030285,50,aco,aco,41.34567947029707,41.34567947029707,0.0,0.0
102053709,50,ga,ga,23.60227733144946,23.60227733144946,0.0,0.0
83414172,50,aco,aco,16.45843154043272,16.45843154043272,0.0,0.0
76712316,50,aco,aco,131.98408961546434,131.98408961546434,0.0,0.0
180501327,50,aco,aco,49.19234378165433,49.19234378165433,0.0,0.0
30647029,50,aco,aco,69.73816102657447,69.73816102657447,0.0,0.0
95242150,50,aco,aco,124.19909641802874,124.19909641802874,0.0,0.0
106591424,50,aco,aco,8.658502760674887,8.658502760674887,0.0,0.0
195171610,50,aco,aco,13.847208715489094,13.847208715489094,0.0,0.0
60396488,50,aco,aco,41.23442519541721,41.23442519541721,0.0,0.0
63129090,50,ga,ga,8.037357794057613,8.037357794057613,0.0,0.0
9105349,50,ga,ga,158.14438101196825,158.14438101196825,0.0,0.0
27864562,50,aco,aco,5.802108697218086,5.802108697218086,0.0,0.0
152357521,50,aco,aco,30.518920205608605,30.518920205608605,0.0,0.0
20454623,50,aco,aco,68.55412936910541,68.55412936910541,0.0,0.0
8496996,50,ga,ga,22.155373443012444,22.155373443012444,0.0,0.0
76203693,50,aco,aco,41.46299154815249,41.46299154815249,0.0,0.0
141467005,50,aco,aco,35.53194908632289,35.53194908632289,0.0,0.0
155269637,50,aco,aco,19.651425756580014,19.651425756580014,0.0,0.0
181967358,50,ga,ga,14.633539692732056,14.633539692732056,0.0,0.0
19217971,50,ga,ga,27.845512833520463,27.845512833520463,0.0,0.0
171086815,50,ga,ga,24.06668685667923,24.06668685667923,0.0,0.0
123096739,50,aco,aco,17.911146813779602,17.911146813779602,0.0,0.0
154860744,50,aco,aco,14.265586747192136,14.265586747192136,0.0,0.0
9843351,50,ga,ga,62.50846570658225,62.50846570658225,0.0,0.0
5734475,50,ga,ga,98.0161164119045,98.0161164119045,0.0,0.0
125021528,50,aco,aco,14.905735881444542,14.905735881444542,0.0,0.0
96329207,50,ga,ga,26.694965881699037,26.694965881699037,0.0,0.0
177050669,50,aco,aco,50.71912841240569,50.71912841240569,0.0,0.0
128282699,50,aco,aco,34.662693944323465,34.662693944323465,0.0,0.0
127434994,50,aco,aco,45.07538946966234,45.07538946966234,0.0,0.0
151549708,50,ga,ga,24.23889881520854,24.23889881520854,0.0,0.0
135792368,50,aco,aco,28.281402938868386,28.281402938868386,0.0,0.0
6292963,50,ga,ga,84.3281306043696,84.3281306043696,0.0,0.0
141985601,50,ga,ga,12.833178872311638,12.833178872311638,0.0,0.0
65552529,50,aco,aco,8.373920569179894,8.373920569179894,0.0,0.0
124602662,50,aco,aco,7.839502180367628,7.839502180367628,0.0,0.0
160784706,50,aco,aco,50.51436613158393,50.51436613158393,0.0,0.0
95820584,50,aco,aco,14.32060525445853,14.32060525445853,0.0,0.0
368661918,50,sa,sa,156.04493669662014,156.04493669662014,0.0,0.0
55749070,50,aco,aco,123.54786995586204,123.54786995586204,0.0,0.0
53924011,50,aco,aco,75.34140631879633,75.34140631879633,0.0,0.0
45576610,50,aco,aco,179.7036551129774,179.7036551129774,0.0,0.0
12915035,50,ga,ga,91.35137702044622,91.35137702044622,0.0,0.0
41846708,50,ga,ga,63.011238832044704,63.011238832044704,0.0,0.0
541573792,50,sa,sa,112.59425211735274,112.59425211735274,0.0,0.0
111956898,50,ga,ga,102.02638910321254,102.02638910321254,0.0,0.0
102811657,50,ga,ga,36.93851302081487,36.93851302081487,0.0,0.0
21850843,50,ga,ga,9.120586667158948,9.120586667158948,0.0,0.0
46015422,50,ga,ga,23.255769945911126,23.255769945911126,0.0,0.0
11728248,50,aco,aco,10.651619459903689,10.651619459903689,0.0,0.0
127873806,50,ga,ga,10.13213083259214,10.13213083259214,0.0,0.0
6482450,50,aco,aco,57.410658783338775,57.410658783338775,0.0,0.0
693183338,50,sa,sa,33.535710051883434,33.535710051883434,0.0,0.0
42056141,50,ga,ga,15.592676951422511,15.592676951422511,0.0,0.0
3171414,50,ga,ga,27.214127904656312,27.214127904656312,0.0,0.0
112146385,50,aco,aco,17.064429304624415,17.064429304624415,0.0,0.0
49924838,50,ga,ga,16.554048128595554,16.554048128595554,0.0,0.0
192877820,50,aco,aco,39.693320903344215,39.693320903344215,0.0,0.0
20514461,50,aco,aco,29.94538285237976,29.94538285237976,0.0,0.0
18888862,50,ga,ga,52.24033403077352,52.24033403077352,0.0,0.0
175494881,50,aco,aco,14.016172903959871,14.016172903959871,0.0,0.0
76971614,50,ga,ga,25.910785199018925,25.910785199018925,0.0,0.0
30278028,50,aco,aco,51.41556249630473,51.41556249630473,0.0,0.0
121012382,50,aco,aco,27.417028779717043,27.417028779717043,0.0,0.0
85638151,50,ga,ga,18.193503044498627,18.193503044498627,0.0,0.0
187721779,50,aco,aco,49.61279803887543,49.61279803887543,0.0,0.0
124074093,50,aco,aco,51.5185311282432,51.5185311282432,0.0,0.0
39183917,50,ga,ga,24.630022517732503,24.630022517732503,0.0,0.0
158441051,50,ga,ga,40.3495657879958,40.3495657879958,0.0,0.0
112086547,50,aco,aco,27.881594573522253,27.881594573522253,0.0,0.0
36321666,50,aco,aco,148.39264579120106,148.39264579120106,0.0,0.0
124193769,50,ga,ga,31.21293952342973,31.21293952342973,0.0,0.0
168773079,50,ga,ga,7.5558478974491905,7.5558478974491905,0.0,0.0
88370753,50,ga,ga,13.033992910593293,13.033992910593293,0.0,0.0
100408164,50,aco,aco,19.90577221785077,19.90577221785077,0.0,0.0
140200434,50,aco,aco,43.6715613943021,43.6715613943021,0.0,0.0
623970718,50,sa,sa,155.57977520698012,155.57977520698012,0.0,0.0
77978887,50,sa,sa,234.9684083649164,234.9684083649164,0.0,0.0
177529373,50,aco,aco,31.749824365107514,31.749824365107514,0.0,0.0
18220671,50,ga,ga,20.46481189282868,20.46481189282868,0.0,0.0
5365474,50,ga,sa,121.83746460854904,1439.7469170619472,1317.9094524533982,10.81694745280282
13633091,50,aco,aco,54.27803682851226,54.27803682851226,0.0,0.0
71007760,50,aco,aco,20.32861663414044,20.32861663414044,0.0,0.0
131364356,50,aco,aco,14.739934123625911,14.739934123625911,0.0,0.0
55070906,50,aco,aco,28.042173691513025,28.042173691513025,0.0,0.0
149275864,50,ga,ga,70.51329533507067,70.51329533507067,0.0,0.0
113921579,50,ga,sa,36.580334339373685,202.0907649984506,165.51043065907692,4.524574027223359
133717984,50,sa,sa,159.27594259759744,159.27594259759744,0.0,0.0
132162196,50,aco,aco,23.517476729440084,23.517476729440084,0.0,0.0
95351853,50,aco,aco,61.46312885476499,61.46312885476499,0.0,0.0
368183214,50,sa,sa,125.13806071538428,125.13806071538428,0.0,0.0
18619591,50,aco,aco,39.91339094500107,39.91339094500107,0.0,0.0
101953979,50,aco,aco,31.11480940200888,31.11480940200888,0.0,0.0
186465181,50,ga,ga,23.258083578325596,23.258083578325596,0.0,0.0
16934154,50,aco,aco,32.22855985669952,32.22855985669952,0.0,0.0
69950622,50,aco,aco,41.3617662926629,41.3617662926629,0.0,0.0
3749848,50,ga,aco,168.4090480721664,179.11067183698717,10.701623764820766,0.06354542043509992
187632022,50,aco,aco,46.41967647158981,46.41967647158981,0.0,0.0
125490259,50,ga,ga,33.80316053032541,33.80316053032541,0.0,0.0
726203941,50,sa,sa,120.26953781371648,120.26953781371648,0.0,0.0
159847244,50,ga,ga,18.90698360652197,18.90698360652197,0.0,0.0
42026222,50,sa,sa,111.78344006164184,111.78344006164184,0.0,0.0
48478753,50,aco,aco,23.10309866991862,23.10309866991862,0.0,0.0
17791832,50,ga,ga,40.800287826086105,40.800287826086105,0.0,0.0
29111187,50,ga,ga,39.66985440136189,39.66985440136189,0.0,0.0
53864173,50,sa,sa,149.33224557563443,149.33224557563443,0.0,0.0
38126779,50,aco,aco,32.48992678704759,32.48992678704759,0.0,0.0
242064656,50,sa,sa,116.88479737287804,116.88479737287804,0.0,0.0
172842063,50,aco,aco,89.58897182288595,89.58897182288595,0.0,0.0
187023669,50,ga,ga,57.45945786177987,57.45945786177987,0.0,0.0
47980103,50,ga,ga,36.43280685725111,36.43280685725111,0.0,0.0
23865389,50,aco,aco,9.949894634486522,9.949894634486522,0.0,0.0
138844106,50,ga,ga,56.00733208843874,56.00733208843874,0.0,0.0
183223956,50,aco,aco,33.73151551559032,33.73151551559032,0.0,0.0
155469097,50,ga,ga,26.087280086071686,26.087280086071686,0.0,0.0
196547884,50,ga,ga,63.806693024508434,63.806693024508434,0.0,0.0
52098952,50,aco,aco,44.72723974119586,44.72723974119586,0.0,0.0
183563038,50,ga,ga,17.209918965540506,17.209918965540506,0.0,0.0
686950213,50,sa,sa,60.19733522349754,60.19733522349754,0.0,0.0
88251077,50,aco,aco,12.280010086742571,12.280010086742571,0.0,0.0
168922674,50,ga,ga,26.8306992385641,26.8306992385641,0.0,0.0
160535381,50,aco,aco,39.43122774653356,39.43122774653356,0.0,0.0
7519642,50,aco,aco,28.07052793222393,28.07052793222393,0.0,0.0
154910609,50,aco,aco,28.128402061580207,28.128402061580207,0.0,0.0
54751770,50,aco,aco,13.723697408257168,13.723697408257168,0.0,0.0
141995574,50,aco,aco,32.23438593208987,32.23438593208987,0.0,0.0
80202866,50,ga,ga,12.697311911411855,12.697311911411855,0.0,0.0
193595876,50,ga,ga,23.79577879793578,23.79577879793578,0.0,0.0
187981077,50,aco,aco,60.96732180018768,60.96732180018768,0.0,0.0
118678700,50,ga,ga,165.05065923964858,165.05065923964858,0.0,0.0
34177471,50,aco,aco,19.80939375294223,19.80939375294223,0.0,0.0
98972052,50,aco,aco,16.9649404940314,16.9649404940314,0.0,0.0
165781179,50,aco,aco,41.36538820894757,41.36538820894757,0.0,0.0
279852353,50,sa,sa,735.8999661873285,735.8999661873285,0.0,0.0
135912044,50,aco,aco,38.08498047985644,38.08498047985644,0.0,0.0
186175964,50,ga,ga,34.842696608584674,34.842696608584674,0.0,0.0
111787357,50,aco,aco,119.57066319907366,119.57066319907366,0.0,0.0
47461507,50,aco,aco,4.287549130307575,4.287549130307575,0.0,0.0
119316972,50,aco,aco,43.87047146136423,43.87047146136423,0.0,0.0
8995646,50,aco,aco,14.68399826929954,14.68399826929954,0.0,0.0
24493688,50,sa,sa,83.9479508443854,83.9479508443854,0.0,0.0
157653184,50,aco,aco,12.393234875112576,12.393234875112576,0.0,0.0
175644476,50,sa,sa,64.04788093174298,64.04788093174298,0.0,0.0
79953541,50,ga,ga,64.84589707713491,64.84589707713491,0.0,0.0
9554134,50,aco,aco,13.049741719642592,13.049741719642592,0.0,0.0
145835179,50,sa,sa,51.389629444053455,51.389629444053455,0.0,0.0
7878670,50,ga,ga,33.39040031286962,33.39040031286962,0.0,0.0
117382210,50,aco,aco,101.55748570965623,101.55748570965623,0.0,0.0
167157453,50,aco,aco,45.8030468629061,45.8030468629061,0.0,0.0
184051715,50,aco,aco,27.741161502963124,27.741161502963124,0.0,0.0
186415316,50,aco,aco,26.207498244274188,26.207498244274188,0.0,0.0
139612027,50,aco,aco,14.466093242993862,14.466093242993862,0.0,0.0
106671208,50,aco,aco,7.603839255936476,7.603839255936476,0.0,0.0
386922481,50,sa,sa,66.23669296232178,66.23669296232178,0.0,0.0
110271461,50,aco,aco,120.35116135352612,120.35116135352612,0.0,0.0
165212718,50,ga,ga,59.41689577822186,59.41689577822186,0.0,0.0
31893654,50,aco,aco,4.951440643078528,4.951440643078528,0.0,0.0
61284085,50,aco,aco,75.69082708033902,75.69082708033902,0.0,0.0
51759870,50,ga,ga,37.98073120828811,37.98073120828811,0.0,0.0
18709348,50,aco,aco,35.151676853301495,35.151676853301495,0.0,0.0
169092215,50,ga,ga,13.000062427705014,13.000062427705014,0.0,0.0
124582716,50,aco,aco,10.471033526727618,10.471033526727618,0.0,0.0
13423658,50,aco,aco,20.400757265431235,20.400757265431235,0.0,0.0
76512856,50,aco,aco,68.06182041046125,68.06182041046125,0.0,0.0
158730268,50,aco,aco,12.239127581101386,12.239127581101386,0.0,0.0
67946049,50,aco,aco,32.5806958099451,32.5806958099451,0.0,0.0
579730490,50,sa,sa,160.3283716730719,160.3283716730719,0.0,0.0
139891271,50,aco,aco,36.83239499488797,36.83239499488797,0.0,0.0
150362921,50,aco,aco,8.37935588163546,8.37935588163546,0.0,0.0
175883828,50,ga,ga,43.33375944014567,43.33375944014567,0.0,0.0
148936782,50,aco,aco,21.498892507248133,21.498892507248133,0.0,0.0
21451923,50,aco,aco,22.20177342312728,22.20177342312728,0.0,0.0
703435582,50,sa,sa,72.97168848253897,72.97168848253897,0.0,0.0
4078957,50,aco,aco,141.27902776412228,141.27902776412228,0.0,0.0
65901584,50,aco,aco,6.375332509010693,6.375332509010693,0.0,0.0
27156479,50,sa,sa,198.23434826966752,198.23434826966752,0.0,0.0
149026539,50,ga,ga,33.78192085512188,33.78192085512188,0.0,0.0
122059547,50,ga,ga,67.13855262356667,67.13855262356667,0.0,0.0
198632241,50,ga,ga,99.69541091199586,99.69541091199586,0.0,0.0
65303204,50,aco,aco,24.020087774516547,24.020087774516547,0.0,0.0
134266499,50,aco,aco,23.571542351654298,23.571542351654298,0.0,0.0
93905768,50,aco,aco,60.82392273717974,60.82392273717974,0.0,0.0
66180828,50,aco,aco,70.94039138004699,70.94039138004699,0.0,0.0
190085380,50,sa,sa,140.33925878332963,140.33925878332963,0.0,0.0
198881566,50,ga,sa,58.4130698992045,431.8427946979664,373.42972479876187,6.39291387087066
6681910,50,ga,ga,76.61926243182272,76.61926243182272,0.0,0.0
101834303,50,ga,ga,17.297678836024495,17.297678836024495,0.0,0.0
151529762,50,aco,aco,18.20317746394373,18.20317746394373,0.0,0.0
137019047,50,aco,aco,35.26352565770779,35.26352565770779,0.0,0.0
693113527,50,sa,sa,77.80829171275093,77.80829171275093,0.0,0.0
114699473,50,aco,aco,33.42038090896949,33.42038090896949,0.0,0.0
120962517,50,ga,ga,40.15578271961191,40.15578271961191,0.0,0.0
169122134,50,ga,ga,43.28752171876007,43.28752171876007,0.0,0.0
167885482,50,ga,ga,33.82489183947352,33.82489183947352,0.0,0.0
118997836,50,aco,aco,32.81926617207242,32.81926617207242,0.0,0.0
169361486,50,aco,aco,129.05260516163185,129.05260516163185,0.0,0.0
8457104,50,aco,aco,36.038677522647866,36.038677522647866,0.0,0.0
183114253,50,aco,aco,12.356232165997492,12.356232165997492,0.0,0.0
143431686,50,ga,ga,24.463948791600405,24.463948791600405,0.0,0.0
42933765,50,aco,aco,116.65157571029047,116.65157571029047,0.0,0.0
49655567,50,ga,ga,38.32935514465975,38.32935514465975,0.0,0.0
191062734,50,ga,ga,105.42756904547264,105.42756904547264,0.0,0.0
135233880,50,aco,aco,78.21135218972788,78.21135218972788,0.0,0.0
25660529,50,ga,ga,12.50472644221893,12.50472644221893,0.0,0.0
110341272,50,aco,aco,97.27407913692232,97.27407913692232,0.0,0.0
97216804,50,aco,aco,110.94409221934788,110.94409221934788,0.0,0.0
39213836,50,aco,aco,85.28242175312374,85.28242175312374,0.0,0.0
175225610,50,aco,aco,79.23724330115336,79.23724330115336,0.0,0.0
49775243,50,ga,ga,26.776119388583147,26.776119388583147,0.0,0.0
3370874,50,aco,aco,29.71722636882064,29.71722636882064,0.0,0.0
156526235,50,ga,ga,29.52172090235861,29.52172090235861,0.0,0.0
5834205,50,aco,aco,25.42453633443332,25.42453633443332,0.0,0.0
117222642,50,ga,ga,25.08762806491591,25.08762806491591,0.0,0.0
90883949,50,ga,ga,52.59083622350855,52.59083622350855,0.0,0.0
101515167,50,aco,aco,44.388931995283706,44.388931995283706,0.0,0.0
13154387,50,aco,aco,9.315349032943342,9.315349032943342,0.0,0.0
84162147,50,aco,aco,90.69053054088084,90.69053054088084,0.0,0.0
127953590,50,aco,ga,174.98090598374873,489.30772880588927,314.32682282214057,1.7963492705388868
62600521,50,ga,ga,13.14821147548766,13.14821147548766,0.0,0.0
78657051,50,ga,ga,11.99364830698394,11.99364830698394,0.0,0.0
6632045,50,ga,ga,24.769998593862912,24.769998593862912,0.0,0.0
199011215,50,aco,aco,200.23580647454645,200.23580647454645,0.0,0.0
127026101,50,aco,aco,95.96828700586836,95.96828700586836,0.0,0.0
88440564,50,ga,ga,33.16447233900392,33.16447233900392,0.0,0.0
151350248,50,aco,aco,16.14746512210224,16.14746512210224,0.0,0.0
156356694,50,aco,aco,11.043740528061448,11.043740528061448,0.0,0.0
7210479,50,aco,aco,80.26632681086714,80.26632681086714,0.0,0.0
153294983,50,ga,ga,103.34074913078383,103.34074913078383,0.0,0.0
51809735,50,ga,ga,33.77555991035095,33.77555991035095,0.0,0.0
78248158,50,aco,aco,20.73083915804777,20.73083915804777,0.0,0.0
194952204,50,ga,ga,41.05688071165051,41.05688071165051,0.0,0.0
165860963,50,aco,aco,49.44806627154915,49.44806627154915,0.0,0.0
140709057,50,aco,aco,16.089545815405028,16.089545815405028,0.0,0.0
133837660,50,sa,sa,65.97633123033478,65.97633123033478,0.0,0.0
12556007,50,aco,aco,62.71695025535556,62.71695025535556,0.0,0.0
122089466,50,aco,aco,5.016767195355179,5.016767195355179,0.0,0.0
66769235,50,aco,aco,158.67734139526814,158.67734139526814,0.0,0.0
47291966,50,ga,ga,51.1456728793497,51.1456728793497,0.0,0.0
595128802,50,sa,sa,297.21378954504047,297.21378954504047,0.0,0.0
32701467,50,aco,aco,55.25213320544458,55.25213320544458,0.0,0.0
96678262,50,sa,sa,138.90512241492806,138.90512241492806,0.0,0.0
189875947,50,ga,ga,33.978984960838304,33.978984960838304,0.0,0.0
106471748,50,aco,aco,8.008938354513656,8.008938354513656,0.0,0.0
176801344,50,ga,ga,45.57128697312466,45.57128697312466,0.0,0.0
60576002,50,aco,aco,24.012898661404453,24.012898661404453,0.0,0.0
165601665,50,ga,aco,12.78906342472122,13.044451048993665,0.2553876242724442,0.019969220246322396
49196809,50,aco,aco,62.092534444915,62.092534444915,0.0,0.0
177778698,50,aco,aco,27.83601221960369,27.83601221960369,0.0,0.0
172552846,50,ga,sa,151.0697059322016,569.7400682255397,418.67036229333814,2.771372061061883
178117780,50,ga,ga,30.11914776009048,30.11914776009048,0.0,0.0
112535332,50,ga,ga,46.96894964796787,46.96894964796787,0.0,0.0
81100436,50,ga,aco,27.677651566452624,32.716574002009054,5.0389224355564295,0.18205744166762974
85468610,50,ga,sa,143.59823587766274,216.5465777233224,72.94834184565966,0.5080030503146804
59588675,50,sa,sa,177.5739757289836,177.5739757289836,0.0,0.0
47541291,50,aco,aco,35.77349262666256,35.77349262666256,0.0,0.0
149674784,50,aco,aco,21.260745113580672,21.260745113580672,0.0,0.0
40340785,50,aco,aco,22.099489792419703,22.099489792419703,0.0,0.0
81260004,50,aco,aco,13.282813105639775,13.282813105639775,0.0,0.0
104746419,50,aco,aco,72.79331545542547,72.79331545542547,0.0,0.0
24443823,50,aco,aco,257.24338904591895,257.24338904591895,0.0,0.0
490182923,50,sa,sa,174.31983926845567,174.31983926845567,0.0,0.0
33479361,50,aco,aco,65.33563220906177,65.33563220906177,0.0,0.0
50902192,50,ga,ga,19.40263663279881,19.40263663279881,0.0,0.0
631939145,50,sa,sa,171.8119115279157,171.8119115279157,0.0,0.0
74039552,50,aco,aco,51.457405338586696,51.457405338586696,0.0,0.0
114460121,50,aco,aco,17.25875929417283,17.25875929417283,0.0,0.0
14101822,50,aco,aco,16.166323219940764,16.166323219940764,0.0,0.0
402211090,50,sa,sa,197.9587347894018,197.9587347894018,0.0,0.0
137358129,50,ga,ga,30.23218589685878,30.23218589685878,0.0,0.0
113213496,50,aco,aco,11.186245076369376,11.186245076369376,0.0,0.0
48029968,50,aco,aco,54.53755065150611,54.53755065150611,0.0,0.0
158151834,50,aco,aco,15.053115675192238,15.053115675192238,0.0,0.0
314039797,50,sa,sa,122.90666699722227,122.90666699722227,0.0,0.0
77330642,50,ga,ga,42.320299920145686,42.320299920145686,0.0,0.0
46155044,50,aco,aco,183.1304830666072,183.1304830666072,0.0,0.0
134505851,50,aco,aco,41.563683966100605,41.563683966100605,0.0,0.0
79095863,50,ga,ga,23.73940646174842,23.73940646174842,0.0,0.0
145386394,50,ga,ga,69.69934261065465,69.69934261065465,0.0,0.0
20544380,50,aco,aco,39.54399525645324,39.54399525645324,0.0,0.0
83483983,50,ga,ga,13.030866092242563,13.030866092242563,0.0,0.0
30377758,50,ga,ga,12.28163877841439,12.28163877841439,0.0,0.0
163726741,50,aco,aco,46.70420081850891,46.70420081850891,0.0,0.0
123884606,50,ga,ga,59.03896148005046,59.03896148005046,0.0,0.0
151160761,50,ga,ga,14.03935706887488,14.03935706887488,0.0,0.0
24932500,50,ga,ga,25.993612382978043,25.993612382978043,0.0,0.0
63737443,50,ga,ga,51.45062372004711,51.45062372004711,0.0,0.0
84840311,50,aco,aco,41.25097143597642,41.25097143597642,0.0,0.0
3211306,50,aco,aco,47.99226780412125,47.99226780412125,0.0,0.0
112495440,50,aco,aco,20.15083129574178,20.15083129574178,0.0,0.0
63557929,50,ga,ga,86.50576551434462,86.50576551434462,0.0,0.0
9813432,50,ga,ga,22.39948016366508,22.39948016366508,0.0,0.0
111009463,50,aco,aco,23.876349540240163,23.876349540240163,0.0,0.0
130965436,50,aco,aco,8.738400797391094,8.738400797391094,0.0,0.0
186864101,50,aco,aco,21.448083583169986,21.448083583169986,0.0,0.0
47581183,50,aco,aco,30.622954523302862,30.622954523302862,0.0,0.0
33997957,50,aco,aco,33.90986527399318,33.90986527399318,0.0,0.0
125220988,50,aco,aco,152.94848494482466,152.94848494482466,0.0,0.0
88640024,50,aco,aco,33.93241517807653,33.93241517807653,0.0,0.0
171236410,50,aco,aco,17.72642509894708,17.72642509894708,0.0,0.0
34815743,50,ga,ga,48.78953057879947,48.78953057879947,0.0,0.0
158750214,50,aco,aco,63.47063425825447,63.47063425825447,0.0,0.0
197295859,50,aco,aco,9.912021224328376,9.912021224328376,0.0,0.0
156316802,50,aco,aco,11.216129204615946,11.216129204615946,0.0,0.0
131454113,50,aco,aco,43.89993475029567,43.89993475029567,0.0,0.0
191332005,50,ga,ga,10.58361150837072,10.58361150837072,0.0,0.0
148148915,50,aco,aco,34.53059578350885,34.53059578350885,0.0,0.0
46663667,50,ga,ga,25.60552966291488,25.60552966291488,0.0,0.0
116015909,50,aco,aco,16.85811932371341,16.85811932371341,0.0,0.0
54103525,50,ga,ga,36.71612333385677,36.71612333385677,0.0,0.0
87293669,50,ga,ga,8.824718726885791,8.824718726885791,0.0,0.0
181508600,50,aco,aco,13.291831963821922,13.291831963821922,0.0,0.0
197575103,50,ga,ga,8.112567539747397,8.112567539747397,0.0,0.0
61124517,50,ga,ga,145.52546507906072,145.52546507906072,0.0,0.0
27405804,50,aco,aco,11.148391185230023,11.148391185230023,0.0,0.0
18948700,50,sa,sa,117.2996826452798,117.2996826452798,0.0,0.0
150293110,50,aco,aco,51.20676081311159,51.20676081311159,0.0,0.0
123036901,50,aco,aco,116.5210003914101,116.5210003914101,0.0,0.0
31165625,50,aco,aco,67.86564041396427,67.86564041396427,0.0,0.0
190424462,50,aco,aco,11.52327057120328,11.52327057120328,0.0,0.0
46424315,50,aco,ga,27.09755374593465,30.052807848558427,2.955254102623776,0.10905981146239603
46314612,50,aco,aco,27.83026409748508,27.83026409748508,0.0,0.0
156137288,50,ga,ga,34.55988522321164,34.55988522321164,0.0,0.0
174387878,50,ga,ga,25.381913852538453,25.381913852538453,0.0,0.0
724169449,50,sa,sa,120.58481447379592,120.58481447379592,0.0,0.0
93397145,50,aco,aco,36.619592952904526,36.619592952904526,0.0,0.0
60526137,50,aco,aco,13.21552330741709,13.21552330741709,0.0,0.0
98483375,50,aco,aco,12.526342169054535,12.526342169054535,0.0,0.0
151370194,50,aco,aco,111.95353722024552,111.95353722024552,0.0,0.0
155628665,50,ga,ga,38.50925072580237,38.50925072580237,0.0,0.0
192907739,50,aco,aco,35.42334395571926,35.42334395571926,0.0,0.0
101624870,50,ga,ga,35.03561193857185,35.03561193857185,0.0,0.0
36830289,50,aco,aco,11.20487961752865,11.20487961752865,0.0,0.0
708083,50,ga,ga,117.14176797686284,117.14176797686284,0.0,0.0
148837052,50,aco,aco,27.624908317116,27.624908317116,0.0,0.0
76103963,50,ga,ga,24.129874848201148,24.129874848201148,0.0,0.0
87333561,50,aco,aco,56.12380068451542,56.12380068451542,0.0,0.0
108835349,50,ga,ga,95.0730827786898,95.0730827786898,0.0,0.0
191052761,50,ga,ga,23.5564339766902,23.5564339766902,0.0,0.0
90185839,50,aco,aco,31.551834497202485,31.551834497202485,0.0,0.0
150422759,50,ga,ga,14.134656573609853,14.134656573609853,0.0,0.0
106342099,50,aco,aco,22.77735617939648,22.77735617939648,0.0,0.0
181997277,50,ga,ga,15.042744135734896,15.042744135734896,0.0,0.0
93746200,50,ga,ga,60.32315290665464,60.32315290665464,0.0,0.0
693342906,50,sa,sa,137.14813709657767,137.14813709657767,0.0,0.0
89617378,50,ga,ga,63.552649205103336,63.552649205103336,0.0,0.0
186644695,50,aco,aco,47.72946623647615,47.72946623647615,0.0,0.0
55340177,50,ga,ga,21.485642956106226,21.485642956106226,0.0,0.0
25520907,50,aco,aco,32.88200194821067,32.88200194821067,0.0,0.0
62032060,50,aco,aco,139.8531434614603,139.8531434614603,0.0,0.0
39493080,50,aco,aco,64.21513674577224,64.21513674577224,0.0,0.0
104955852,50,ga,ga,9.897932211984724,9.897932211984724,0.0,0.0
131095085,50,aco,aco,52.171547848248665,52.171547848248665,0.0,0.0
163597092,50,ga,ga,23.932856958616327,23.932856958616327,0.0,0.0
119227215,50,aco,aco,35.24372912805435,35.24372912805435,0.0,0.0
3969254,50,aco,aco,14.560073124161404,14.560073124161404,0.0,0.0
139901244,50,aco,aco,42.899784905050296,42.899784905050296,0.0,0.0
27904454,50,ga,ga,6.797049835942963,6.797049835942963,0.0,0.0
126956290,50,aco,aco,5.0507165333215305,5.0507165333215305,0.0,0.0
133827687,50,ga,ga,14.290648318140589,14.290648318140589,0.0,0.0
107578751,50,ga,ga,41.36916308938345,41.36916308938345,0.0,0.0
191481600,50,aco,aco,77.14179120422703,77.14179120422703,0.0,0.0
30387731,50,ga,ga,31.298364573428703,31.298364573428703,0.0,0.0
269271,50,aco,aco,38.60888486310954,38.60888486310954,0.0,0.0
56157963,50,aco,aco,132.05636219589823,132.05636219589823,0.0,0.0
123326118,50,aco,aco,39.64300835825708,39.64300835825708,0.0,0.0
63019387,50,aco,aco,35.712583296147145,35.712583296147145,0.0,0.0
158062077,50,aco,aco,38.61098673406141,38.61098673406141,0.0,0.0
53634794,50,sa,sa,177.3471347720873,177.3471347720873,0.0,0.0
119745811,50,ga,ga,96.89951271789532,96.89951271789532,0.0,0.0
72184574,50,ga,ga,37.524235193850565,37.524235193850565,0.0,0.0
162390359,50,aco,aco,63.08995292216305,63.08995292216305,0.0,0.0
126467613,50,aco,aco,19.167135636566904,19.167135636566904,0.0,0.0
71117463,50,aco,aco,296.27012994267915,296.27012994267915,0.0,0.0
142404467,50,aco,aco,32.71858117727357,32.71858117727357,0.0,0.0
279244,50,sa,sa,6339.677291532697,6339.677291532697,0.0,0.0
3560361,50,aco,aco,24.97545994794136,24.97545994794136,0.0,0.0
46753424,50,sa,sa,89.95901443491105,89.95901443491105,0.0,0.0
128023401,50,aco,aco,111.48660997041456,111.48660997041456,0.0,0.0
64964122,50,aco,aco,23.186795327655368,23.186795327655368,0.0,0.0
404873881,50,sa,sa,232.3435448898248,232.3435448898248,0.0,0.0
83803119,50,ga,ga,19.59408637977193,19.59408637977193,0.0,0.0
170279002,50,ga,ga,12.202041127626009,12.202041127626009,0.0,0.0
187173264,50,aco,aco,68.18750910707735,68.18750910707735,0.0,0.0
137637373,50,aco,aco,33.88338374666306,33.88338374666306,0.0,0.0
138225780,50,aco,aco,9.978573878611204,9.978573878611204,0.0,0.0
32053222,50,aco,aco,8.80166248232395,8.80166248232395,0.0,0.0
31744059,50,ga,ga,10.909262665427391,10.909262665427391,0.0,0.0
125530151,50,ga,ga,30.413633963817304,30.413633963817304,0.0,0.0
173470362,50,aco,aco,55.09468838060034,55.09468838060034,0.0,0.0
109882514,50,ga,ga,4.325642112348562,4.325642112348562,0.0,0.0
56018341,50,aco,aco,25.08780745843263,25.08780745843263,0.0,0.0
35733259,50,aco,aco,8.037818413959029,8.037818413959029,0.0,0.0
49416215,50,aco,aco,8.445076430964573,8.445076430964573,0.0,0.0
16046557,50,ga,ga,19.91487074695577,19.91487074695577,0.0,0.0
63916957,50,aco,aco,5.234117498409632,5.234117498409632,0.0,0.0
137427940,50,ga,ga,58.6987333178219,58.6987333178219,0.0,0.0
179454162,50,aco,aco,35.02335206518774,35.02335206518774,0.0,0.0
104886041,50,aco,aco,29.62545803509788,29.62545803509788,0.0,0.0
333706553,50,sa,sa,239.4265958091584,239.4265958091584,0.0,0.0
179284621,50,ga,ga,27.09202530281071,27.09202530281071,0.0,0.0
28393131,50,ga,ga,15.64984551778782,15.64984551778782,0.0,0.0
96538640,50,aco,aco,12.389826838445028,12.389826838445028,0.0,0.0
583998934,50,sa,sa,772.6487258699703,772.6487258699703,0.0,0.0
63936903,50,aco,aco,25.702631262408936,25.702631262408936,0.0,0.0
135293718,50,ga,ga,46.780370181377215,46.780370181377215,0.0,0.0
191371897,50,ga,ga,185.3927447056022,185.3927447056022,0.0,0.0
68913430,50,aco,aco,45.96882280332719,45.96882280332719,0.0,0.0
33868308,50,ga,ga,15.59025269641705,15.59025269641705,0.0,0.0
49406242,50,ga,ga,16.640766617129234,16.640766617129234,0.0,0.0
74927149,50,aco,aco,58.77301983219249,58.77301983219249,0.0,0.0
26697721,50,ga,ga,87.57132680463167,87.57132680463167,0.0,0.0
138634673,50,aco,aco,67.47052328254472,67.47052328254472,0.0,0.0
128631754,50,aco,aco,12.379492450778557,12.379492450778557,0.0,0.0
39862081,50,aco,aco,22.226083116135836,22.226083116135836,0.0,0.0
62181655,50,ga,ga,38.49271363185144,38.49271363185144,0.0,0.0
133737930,50,ga,ga,14.863812197858966,14.863812197858966,0.0,0.0
122717765,50,aco,aco,24.4453756594428,24.4453756594428,0.0,0.0
46813262,50,ga,sa,42.49459732115273,58.01131074967585,15.516713428523119,0.3651455574753568
137627400,50,aco,aco,17.339011476813237,17.339011476813237,0.0,0.0
136061639,50,ga,ga,14.276045506966636,14.276045506966636,0.0,0.0
33539199,50,aco,aco,14.783345700697488,14.783345700697488,0.0,0.0
51959330,50,ga,ga,68.02740178423691,68.02740178423691,0.0,0.0
115626962,50,ga,ga,95.41104442246736,95.41104442246736,0.0,0.0
7788913,50,ga,ga,17.748255693003422,17.748255693003422,0.0,0.0
123236361,50,aco,aco,78.78904607606445,78.78904607606445,0.0,0.0
35553745,50,ga,ga,22.984106195537684,22.984106195537684,0.0,0.0
96418964,50,aco,aco,46.6037539537823,46.6037539537823,0.0,0.0
166698695,50,ga,ga,31.4253755838197,31.4253755838197,0.0,0.0
13812605,50,aco,aco,10.546684424978269,10.546684424978269,0.0,0.0
105843449,50,ga,ga,56.33093751387271,56.33093751387271,0.0,0.0
534143907,50,sa,sa,55.36723317324141,55.36723317324141,0.0,0.0
128960863,50,aco,aco,17.726927159027763,17.726927159027763,0.0,0.0
160585246,50,ga,ga,11.626823666807898,11.626823666807898,0.0,0.0
21930627,50,ga,ga,21.99343274313593,21.99343274313593,0.0,0.0
356365209,50,sa,sa,70.25344431761798,70.25344431761798,0.0,0.0
108705700,50,aco,aco,23.893614227853504,23.893614227853504,0.0,0.0
15667583,50,ga,sa,59.99544464610173,408.8891596347048,348.89371498860305,5.815336765093428
158251564,50,aco,aco,5.426709701859317,5.426709701859317,0.0,0.0
116634235,50,aco,aco,18.93521721200495,18.93521721200495,0.0,0.0
90295542,50,aco,aco,48.23948092943252,48.23948092943252,0.0,0.0
150502543,50,ga,ga,14.57383094858151,14.57383094858151,0.0,0.0
70778381,50,aco,aco,86.9559111442047,86.9559111442047,0.0,0.0
116813749,50,sa,sa,98.73751839987692,98.73751839987692,0.0,0.0
2353628,50,aco,aco,12.478203455183468,12.478203455183468,0.0,0.0
139791541,50,sa,sa,41.47221649312357,41.47221649312357,0.0,0.0
85927368,50,aco,ga,90.54237211524033,121.57620597928064,31.033833864040318,0.34275481345398306
43163144,50,aco,aco,16.62249944381617,16.62249944381617,0.0,0.0
55978449,50,aco,aco,13.609748510239676,13.609748510239676,0.0,0.0
496286399,50,sa,sa,93.97823490410184,93.97823490410184,0.0,0.0
119745811,50,sa,sa,336.8682309849046,336.8682309849046,0.0,0.0
149694730,50,aco,aco,91.93684378939018,91.93684378939018,0.0,0.0
108476321,50,ga,ga,14.44183742068262,14.44183742068262,0.0,0.0
18160833,50,aco,aco,52.55695631543021,52.55695631543021,0.0,0.0
164524581,50,ga,ga,31.756410627815608,31.756410627815608,0.0,0.0
133448713,50,aco,aco,12.5324406043119,12.5324406043119,0.0,0.0
194493446,50,aco,aco,10.51465201902758,10.51465201902758,0.0,0.0
1466031,50,aco,ga,58.63787967657006,63.66328884259229,5.025409166022229,0.08570243661164016
184081634,50,ga,ga,15.39032657193142,15.39032657193142,0.0,0.0
271185816,50,sa,sa,142.49510515286914,142.49510515286914,0.0,0.0
7739048,50,aco,aco,14.328362818083264,14.328362818083264,0.0,0.0
1116976,50,aco,aco,13.11068204029777,13.11068204029777,0.0,0.0
279952083,50,sa,sa,99.03971222361876,99.03971222361876,0.0,0.0
144738149,50,aco,aco,27.904951484151336,27.904951484151336,0.0,0.0
19437377,50,aco,aco,110.11938206328622,110.11938206328622,0.0,0.0
5624772,50,ga,ga,7.360822254728819,7.360822254728819,0.0,0.0
106212450,50,ga,ga,212.698294285977,212.698294285977,0.0,0.0
60516164,50,ga,ga,494.8586602553413,494.8586602553413,0.0,0.0
164833744,50,aco,aco,77.61140207131481,77.61140207131481,0.0,0.0
198492619,50,ga,ga,9.677690091945417,9.677690091945417,0.0,0.0
26478315,50,aco,aco,49.38361334444416,49.38361334444416,0.0,0.0
142314710,50,ga,ga,16.3259182913585,16.3259182913585,0.0,0.0
89747027,50,aco,aco,37.93208496404858,37.93208496404858,0.0,0.0
170159326,50,aco,aco,34.96477184891038,34.96477184891038,0.0,0.0
87752427,50,ga,aco,14.209678745809509,24.054527940425597,9.844849194616089,0.6928270069102986
155309529,50,aco,aco,33.91495870787605,33.91495870787605,0.0,0.0
68684051,50,aco,aco,76.55958213444447,76.55958213444447,0.0,0.0
177758752,50,ga,ga,45.63088436793812,45.63088436793812,0.0,0.0
49835081,50,aco,aco,15.170809107612632,15.170809107612632,0.0,0.0
94354553,50,aco,aco,238.53832939358043,238.53832939358043,0.0,0.0
56327504,50,aco,aco,105.14905487646588,105.14905487646588,0.0,0.0
104197904,50,aco,aco,11.967551858150848,11.967551858150848,0.0,0.0
152816279,50,aco,aco,29.17618901309806,29.17618901309806,0.0,0.0
2134222,50,aco,aco,25.30810800858334,25.30810800858334,0.0,0.0
186205883,50,aco,aco,31.5501971982385,31.5501971982385,0.0,0.0
173779525,50,aco,aco,9.76919171906462,9.76919171906462,0.0,0.0
14640364,50,ga,ga,57.29318019984586,57.29318019984586,0.0,0.0
48867700,50,aco,aco,24.365342174208287,24.365342174208287,0.0,0.0
120713192,50,aco,aco,163.44298287880065,163.44298287880065,0.0,0.0
68783781,50,ga,ga,72.69815839870218,72.69815839870218,0.0,0.0
72922576,50,aco,aco,5.2980480286879805,5.2980480286879805,0.0,0.0
81419572,50,ga,ga,72.52903696624678,72.52903696624678,0.0,0.0
1914816,50,aco,aco,10.057047257205202,10.057047257205202,0.0,0.0
439490164,50,sa,sa,1134.577194069659,1134.577194069659,0.0,0.0
68763835,50,ga,ga,33.43567599223833,33.43567599223833,0.0,0.0
170657976,50,ga,ga,93.9941350472341,93.9941350472341,0.0,0.0
70090244,50,aco,aco,18.63724256116548,18.63724256116548,0.0,0.0
75655178,50,ga,ga,42.96865498561611,42.96865498561611,0.0,0.0
2563061,50,aco,aco,26.32528604899305,26.32528604899305,0.0,0.0
16744667,50,aco,aco,30.14936447025199,30.14936447025199,0.0,0.0
37917346,50,aco,aco,14.58537531677392,14.58537531677392,0.0,0.0
158002239,50,ga,ga,7.376171238390114,7.376171238390114,0.0,0.0
35015203,50,aco,aco,39.3626501230496,39.3626501230496,0.0,0.0
560552411,50,sa,sa,153.60732332591377,153.60732332591377,0.0,0.0
15158960,50,aco,aco,8.646354329654123,8.646354329654123,0.0,0.0
144827906,50,aco,aco,12.11829577104742,12.11829577104742,0.0,0.0
174657149,50,aco,aco,23.26264085210817,23.26264085210817,0.0,0.0
64854419,50,ga,ga,52.42378647726255,52.42378647726255,0.0,0.0
97715454,50,aco,aco,32.30441494444989,32.30441494444989,0.0,0.0
124772203,50,ga,ga,171.4433359272712,171.4433359272712,0.0,0.0
497213888,50,sa,sa,199.36777169029668,199.36777169029668,0.0,0.0
69721243,50,ga,ga,18.558065620994277,18.558065620994277,0.0,0.0
132750603,50,aco,aco,21.61651309000421,21.61651309000421,0.0,0.0
133279172,50,aco,aco,19.6135458010946,19.6135458010946,0.0,0.0
192369197,50,aco,aco,122.9415174680337,122.9415174680337,0.0,0.0
100258569,50,ga,ga,17.73476082171424,17.73476082171424,0.0,0.0
67497264,50,aco,aco,28.890056747213123,28.890056747213123,0.0,0.0
60486245,50,aco,aco,31.68253375972831,31.68253375972831,0.0,0.0
9973,50,sa,sa,3593.9925795217537,3593.9925795217537,0.0,0.0
36959938,50,aco,aco,84.79820992521806,84.79820992521806,0.0,0.0
192798036,50,ga,ga,34.82120233343086,34.82120233343086,0.0,0.0
114031282,50,aco,aco,16.022463096135997,16.022463096135997,0.0,0.0
84411472,50,aco,aco,8.777111684146453,8.777111684146453,0.0,0.0
159717595,50,ga,ga,12.366156293115472,12.366156293115472,0.0,0.0
106980371,50,aco,aco,55.43348509046475,55.43348509046475,0.0,0.0
189985650,50,aco,aco,33.566243779664845,33.566243779664845,0.0,0.0
4627472,50,aco,aco,6.331746126225584,6.331746126225584,0.0,0.0
157124615,50,aco,aco,8.911094930609565,8.911094930609565,0.0,0.0
105793584,50,aco,aco,24.60538647528213,24.60538647528213,0.0,0.0
3869524,50,aco,aco,132.89922741455783,132.89922741455783,0.0,0.0
162998712,50,aco,aco,21.09064555890812,21.09064555890812,0.0,0.0
82237358,50,aco,aco,17.291411681339248,17.291411681339248,0.0,0.0
105454502,50,ga,ga,27.406767362832063,27.406767362832063,0.0,0.0
54781689,50,aco,aco,45.83108699662185,45.83108699662185,0.0,0.0
181618303,50,aco,aco,23.528051424185044,23.528051424185044,0.0,0.0
71466518,50,aco,aco,47.54744239040254,47.54744239040254,0.0,0.0
195779963,50,sa,sa,257.80238106257474,257.80238106257474,0.0,0.0
25231690,50,ga,ga,71.62820215685137,71.62820215685137,0.0,0.0
112415656,50,aco,aco,27.38674856367179,27.38674856367179,0.0,0.0
685823264,50,sa,sa,96.91058479113298,96.91058479113298,0.0,0.0
668320649,50,sa,sa,282.6813887039218,282.6813887039218,0.0,0.0
139721730,50,ga,ga,17.877889739768932,17.877889739768932,0.0,0.0
25600691,50,aco,aco,10.385617993372447,10.385617993372447,0.0,0.0
66360342,50,ga,ga,31.55496264377935,31.55496264377935,0.0,0.0
33060495,50,ga,ga,61.5752455910849,61.5752455910849,0.0,0.0
44010849,50,sa,sa,83.88940251550787,83.88940251550787,0.0,0.0
126407775,50,aco,aco,13.832759179421998,13.832759179421998,0.0,0.0
145625746,50,aco,aco,7.113694605260278,7.113694605260278,0.0,0.0
98074482,50,aco,aco,11.864988118986904,11.864988118986904,0.0,0.0
9095376,50,aco,aco,39.44775695498205,39.44775695498205,0.0,0.0
178157672,50,ga,ga,12.285325589173793,12.285325589173793,0.0,0.0
123046874,50,ga,ga,102.0305120092363,102.0305120092363,0.0,0.0
42145898,50,ga,ga,85.75413485690082,85.75413485690082,0.0,0.0
78268104,50,ga,ga,45.58205395635619,45.58205395635619,0.0,0.0
51360950,50,ga,ga,87.57397553124838,87.57397553124838,0.0,0.0
141397194,50,aco,aco,50.744198411106936,50.744198411106936,0.0,0.0
98184185,50,ga,ga,15.946656092131956,15.946656092131956,0.0,0.0
147430859,50,ga,ga,13.48952586140332,13.48952586140332,0.0,0.0
147141642,50,aco,aco,4.353878092064493,4.353878092064493,0.0,0.0
110939652,50,aco,aco,29.62832214279428,29.62832214279428,0.0,0.0
148158888,50,aco,aco,25.853849993743516,25.853849993743516,0.0,0.0
193605849,50,ga,ga,12.204318943421832,12.204318943421832,0.0,0.0
116185450,50,aco,aco,50.07674134706866,50.07674134706866,0.0,0.0
198253267,50,aco,aco,76.87310600833952,76.87310600833952,0.0,0.0
25979665,50,ga,ga,55.51792422689884,55.51792422689884,0.0,0.0
57105398,50,ga,ga,23.88245190887436,23.88245190887436,0.0,0.0
151629492,50,aco,aco,46.38081491472299,46.38081491472299,0.0,0.0
183712633,50,aco,aco,29.80854992353311,29.80854992353311,0.0,0.0
551437089,50,sa,sa,331.3564662103961,331.3564662103961,0.0,0.0
164993312,50,aco,aco,16.71803827756955,16.71803827756955,0.0,0.0
126936344,50,aco,aco,15.607356617242583,15.607356617242583,0.0,0.0
513300337,50,sa,sa,73.38930200058462,73.38930200058462,0.0,0.0
30507407,50,sa,sa,462.3855932292302,462.3855932292302,0.0,0.0
58361996,50,aco,aco,7.895680216342759,7.895680216342759,0.0,0.0
120054974,50,sa,sa,86.91145072656448,86.91145072656448,0.0,0.0
159637811,50,aco,aco,90.1755592813604,90.1755592813604,0.0,0.0
36461288,50,aco,aco,34.544545742268724,34.544545742268724,0.0,0.0
6951181,50,ga,ga,16.378537082303293,16.378537082303293,0.0,0.0
196278613,50,aco,aco,10.135210210521056,10.135210210521056,0.0,0.0
196138991,50,aco,aco,23.55314829258298,23.55314829258298,0.0,0.0
32851062,50,aco,aco,33.26644181203885,33.26644181203885,0.0,0.0
167895455,50,sa,sa,79.56262262203629,79.56262262203629,0.0,0.0
194892366,50,aco,aco,36.08984219767424,36.08984219767424,0.0,0.0
135941963,50,aco,aco,6.366825106178313,6.366825106178313,0.0,0.0
82676170,50,aco,aco,120.9696169644052,120.9696169644052,0.0,0.0
76991560,50,aco,aco,18.825991534985704,18.825991534985704,0.0,0.0
157593346,50,ga,ga,35.18578737832831,35.18578737832831,0.0,0.0
82416872,50,ga,ga,12.25340789830952,12.25340789830952,0.0,0.0
164424851,50,aco,aco,144.17743311233454,144.17743311233454,0.0,0.0
134096958,50,ga,ga,37.72798008385753,37.72798008385753,0.0,0.0
180102407,50,ga,ga,18.14224205621055,18.14224205621055,0.0,0.0
751016765,50,sa,sa,81.74642104528328,81.74642104528328,0.0,0.0
705559831,50,sa,sa,581.9229315155546,581.9229315155546,0.0,0.0
63488118,50,ga,ga,23.42069227359901,23.42069227359901,0.0,0.0
83813092,50,aco,aco,5.1941282923376,5.1941282923376,0.0,0.0
95690935,50,aco,aco,49.68611440841866,49.68611440841866,0.0,0.0
41816789,50,aco,aco,51.02402574696634,51.02402574696634,0.0,0.0
144788014,50,ga,ga,6.065549518340998,6.065549518340998,0.0,0.0
151360221,50,ga,ga,77.70568190399517,77.70568190399517,0.0,0.0
73999660,50,aco,aco,8.27125919360282,8.27125919360282,0.0,0.0
119147431,50,aco,aco,46.720658414180704,46.720658414180704,0.0,0.0
79016079,50,ga,ga,18.204995476525724,18.204995476525724,0.0,0.0
196468100,50,ga,ga,96.6280550954414,96.6280550954414,0.0,0.0
462088982,50,sa,sa,257.4058428104093,257.4058428104093,0.0,0.0
102841576,50,ga,ga,14.89777123523146,14.89777123523146,0.0,0.0
152806306,50,aco,aco,70.74178646085556,70.74178646085556,0.0,0.0
679440544,50,sa,sa,117.30070980589932,117.30070980589932,0.0,0.0
73341442,50,aco,aco,127.16181696922445,127.16181696922445,0.0,0.0
150592300,50,aco,aco,38.33268409502742,38.33268409502742,0.0,0.0
156197126,50,ga,ga,9.429967324544156,9.429967324544156,0.0,0.0
178775998,50,aco,aco,8.595835541261593,8.595835541261593,0.0,0.0
107947752,50,ga,ga,51.6599934269438,51.6599934269438,0.0,0.0
27116587,50,ga,ga,50.63681673862483,50.63681673862483,0.0,0.0
7240398,50,aco,aco,11.271781196585517,11.271781196585517,0.0,0.0
157304129,50,aco,aco,6.475444792159445,6.475444792159445,0.0,0.0
51989249,50,aco,aco,49.95795469395372,49.95795469395372,0.0,0.0
168683322,50,ga,ga,18.4419021325136,18.4419021325136,0.0,0.0
177678968,50,aco,aco,152.59088320375565,152.59088320375565,0.0,0.0
47670940,50,ga,ga,91.86565859371832,91.86565859371832,0.0,0.0
147002020,50,ga,ga,60.63656367467636,60.63656367467636,0.0,0.0
173410524,50,aco,aco,73.67221868916735,73.67221868916735,0.0,0.0
129688892,50,aco,aco,80.03172318867524,80.03172318867524,0.0,0.0
75156528,50,ga,ga,45.43701886968434,45.43701886968434,0.0,0.0
474485421,50,sa,sa,140.96378239289757,140.96378239289757,0.0,0.0
62590548,50,ga,ga,21.04329175398133,21.04329175398133,0.0,0.0
152467224,50,ga,ga,11.351474667718122,11.351474667718122,0.0,0.0
4507796,50,sa,sa,209.77090267383164,209.77090267383164,0.0,0.0
125729611,50,aco,aco,179.81134896618653,179.81134896618653,0.0,0.0
87313615,50,aco,aco,18.46595794075177,18.46595794075177,0.0,0.0
11708302,50,aco,aco,14.918310794458783,14.918310794458783,0.0,0.0
185238502,50,ga,ga,37.1524803060478,37.1524803060478,0.0,0.0
6442558,50,ga,ga,26.617459282703063,26.617459282703063,0.0,0.0
117581670,50,aco,aco,21.348344795092864,21.348344795092864,0.0,0.0
117920752,50,sa,sa,138.2189698612409,138.2189698612409,0.0,0.0
70359515,50,aco,aco,28.67608125462158,28.67608125462158,0.0,0.0
134515824,50,aco,aco,19.645066467908983,19.645066467908983,0.0,0.0
90245677,50,sa,sa,20.6769412611402,20.6769412611402,0.0,0.0
173161199,50,aco,aco,13.500185328732158,13.500185328732158,0.0,0.0
24044903,50,aco,aco,144.82965767258182,144.82965767258182,0.0,0.0
116295153,50,ga,ga,24.359888996547543,24.359888996547543,0.0,0.0
62979495,50,aco,aco,27.685966933845005,27.685966933845005,0.0,0.0
732476958,50,sa,sa,88.60253418256883,88.60253418256883,0.0,0.0
92349980,50,aco,aco,56.60478652043912,56.60478652043912,0.0,0.0
62829900,50,ga,ga,53.37828483260359,53.37828483260359,0.0,0.0
10312082,50,aco,aco,178.82939253487336,178.82939253487336,0.0,0.0
7489723,50,ga,ga,49.96118612688843,49.96118612688843,0.0,0.0
595577587,50,sa,sa,104.52967271864556,104.52967271864556,0.0,0.0
89218458,50,ga,ga,23.214567035464565,23.214567035464565,0.0,0.0
164853690,50,aco,aco,15.879457390790202,15.879457390790202,0.0,0.0
485385910,50,sa,sa,191.1148653674481,191.1148653674481,0.0,0.0
47680913,50,aco,aco,18.11823288036012,18.11823288036012,0.0,0.0
155429205,50,ga,ga,30.502522444176144,30.502522444176144,0.0,0.0
3879497,50,aco,aco,16.20967961158829,16.20967961158829,0.0,0.0
49665540,50,aco,aco,16.05961825931337,16.05961825931337,0.0,0.0
16624991,50,ga,ga,24.98595592404201,24.98595592404201,0.0,0.0
162938874,50,ga,ga,7.438301064713778,7.438301064713778,0.0,0.0
126597262,50,aco,aco,219.60560213006573,219.60560213006573,0.0,0.0
67198074,50,aco,aco,60.8779903878832,60.8779903878832,0.0,0.0
178237456,50,aco,aco,7.925521358211478,7.925521358211478,0.0,0.0
62540683,50,aco,aco,55.85631437587704,55.85631437587704,0.0,0.0
85319015,50,ga,ga,9.519330227937296,9.519330227937296,0.0,0.0
61363869,50,ga,ga,23.192048829448368,23.192048829448368,0.0,0.0
80701516,50,sa,sa,119.29066209509332,119.29066209509332,0.0,0.0
114101093,50,ga,ga,33.99326092854558,33.99326092854558,0.0,0.0
30507407,50,aco,aco,172.94732850323487,172.94732850323487,0.0,0.0
95421664,50,ga,ga,33.23693306112713,33.23693306112713,0.0,0.0
152247818,50,aco,aco,12.771317493746633,12.771317493746633,0.0,0.0
522016739,50,sa,sa,27.803663584402628,27.803663584402628,0.0,0.0
102602224,50,aco,aco,39.82400885713831,39.82400885713831,0.0,0.0
10950354,50,aco,aco,30.923030206288324,30.923030206288324,0.0,0.0
55998395,50,sa,sa,29.565486123382254,29.565486123382254,0.0,0.0
154102796,50,ga,ga,62.73019913760199,62.73019913760199,0.0,0.0
126766803,50,ga,ga,53.81047526519853,53.81047526519853,0.0,0.0
188010996,50,aco,aco,14.735688823977656,14.735688823977656,0.0,0.0
158281483,50,aco,aco,16.8838323757806,16.8838323757806,0.0,0.0
90913868,50,ga,ga,21.709752154813888,21.709752154813888,0.0,0.0
163537254,50,aco,aco,66.08442699271285,66.08442699271285,0.0,0.0
113273334,50,ga,ga,16.20161788510994,16.20161788510994,0.0,0.0
75635232,50,aco,aco,27.566039018067983,27.566039018067983,0.0,0.0
140848679,50,ga,ga,8.845143671869074,8.845143671869074,0.0,0.0
165831044,50,aco,aco,4.960297850413971,4.960297850413971,0.0,0.0
20524434,50,aco,aco,55.53115947150278,55.53115947150278,0.0,0.0
53475226,50,aco,aco,73.09594725409202,73.09594725409202,0.0,0.0
112744765,50,aco,aco,30.41788666609898,30.41788666609898,0.0,0.0
168723214,50,ga,ga,10.673039192985527,10.673039192985527,0.0,0.0
14660310,50,aco,aco,62.05503264566829,62.05503264566829,0.0,0.0
3699983,50,aco,aco,13.548737082338397,13.548737082338397,0.0,0.0
105524313,50,aco,aco,41.881809916380654,41.881809916380654,0.0,0.0
129579189,50,aco,aco,34.740232483668464,34.740232483668464,0.0,0.0
140878598,50,ga,ga,9.741398290084636,9.741398290084636,0.0,0.0
143252172,50,ga,ga,19.120290377389207,19.120290377389207,0.0,0.0
146273991,50,ga,ga,9.890217273531803,9.890217273531803,0.0,0.0
14331201,50,aco,aco,15.617825025159284,15.617825025159284,0.0,0.0
164265283,50,ga,ga,31.780018393094142,31.780018393094142,0.0,0.0
17891562,50,ga,ga,21.13302239178078,21.13302239178078,0.0,0.0
40540245,50,aco,aco,32.65938684977676,32.65938684977676,0.0,0.0
508623,50,aco,aco,819.4710660208001,819.4710660208001,0.0,0.0
85807692,50,ga,ga,73.24137911148519,73.24137911148519,0.0,0.0
175076015,50,ga,ga,14.411299145411432,14.411299145411432,0.0,0.0
46553964,50,aco,aco,15.441585646334095,15.441585646334095,0.0,0.0
193745471,50,aco,aco,33.60341830078484,33.60341830078484,0.0,0.0
178736106,50,ga,ga,11.360679330654817,11.360679330654817,0.0,0.0
135443313,50,ga,ga,19.32808102918891,19.32808102918891,0.0,0.0
719442247,50,sa,sa,25.77289544135661,25.77289544135661,0.0,0.0
77789400,50,aco,aco,34.99604645007837,34.99604645007837,0.0,0.0
19596945,50,ga,ga,12.387310537136203,12.387310537136203,0.0,0.0
166918101,50,aco,aco,27.14022529034768,27.14022529034768,0.0,0.0
421458980,50,sa,sa,66.35490327079552,66.35490327079552,0.0,0.0
681744307,50,sa,sa,89.59596622243654,89.59596622243654,0.0,0.0
39503053,50,aco,aco,113.4684909283582,113.4684909283582,0.0,0.0
8088103,50,aco,aco,15.284141180547124,15.284141180547124,0.0,0.0
39762351,50,aco,aco,6.397932560433279,6.397932560433279,0.0,0.0
109244242,50,aco,aco,22.028340787290432,22.028340787290432,0.0,0.0
4747148,50,ga,ga,24.002889483343463,24.002889483343463,0.0,0.0
49057187,50,aco,aco,119.38780061199998,119.38780061199998,0.0,0.0
390173679,50,sa,sa,105.21621463931328,105.21621463931328,0.0,0.0
110800030,50,aco,aco,140.547968635695,140.547968635695,0.0,0.0
146313883,50,aco,aco,51.78839747952841,51.78839747952841,0.0,0.0
69292404,50,aco,aco,48.68701413403394,48.68701413403394,0.0,0.0
162689549,50,ga,ga,7.867562379373421,7.867562379373421,0.0,0.0
31385031,50,aco,aco,17.459877589588817,17.459877589588817,0.0,0.0
93726254,50,ga,ga,181.92395487635008,181.92395487635008,0.0,0.0
100846976,50,aco,aco,38.52905190625907,38.52905190625907,0.0,0.0
17751940,50,aco,aco,34.624784109676085,34.624784109676085,0.0,0.0
11768140,50,ga,ga,71.2188547467867,71.2188547467867,0.0,0.0
55280339,50,aco,aco,13.007025348783248,13.007025348783248,0.0,0.0
28811997,50,aco,aco,15.6933012817885,15.6933012817885,0.0,0.0
89697162,50,ga,ga,38.17140110723911,38.17140110723911,0.0,0.0
185128799,50,aco,aco,17.93343352193335,17.93343352193335,0.0,0.0
45077960,50,ga,ga,40.60975035940717,40.60975035940717,0.0,0.0
104925933,50,aco,aco,14.112840731605626,14.112840731605626,0.0,0.0
13403712,50,ga,ga,29.456583705656147,29.456583705656147,0.0,0.0
45107879,50,ga,ga,47.28241955374545,47.28241955374545,0.0,0.0
147371021,50,ga,ga,112.4075207953012,112.4075207953012,0.0,0.0
166409478,50,aco,aco,48.26680083058818,48.26680083058818,0.0,0.0
80651651,50,ga,ga,134.9792992872762,134.9792992872762,0.0,0.0
178526673,50,aco,aco,68.89574337006239,68.89574337006239,0.0,0.0
757948,50,ga,ga,132.35478359918196,132.35478359918196,0.0,0.0
87742454,50,ga,ga,49.63470213907283,49.63470213907283,0.0,0.0
79913649,50,ga,ga,59.31622041107363,59.31622041107363,0.0,0.0
673716042,50,sa,sa,265.92477120068907,265.92477120068907,0.0,0.0
438193674,50,sa,sa,141.55079707157523,141.55079707157523,0.0,0.0
90335434,50,aco,aco,21.164890303909463,21.164890303909463,0.0,0.0
85498529,50,ga,ga,14.893853097702229,14.893853097702229,0.0,0.0
45476880,50,aco,aco,8.525084916856857,8.525084916856857,0.0,0.0
103001144,50,aco,aco,14.105800233815016,14.105800233815016,0.0,0.0
171745033,50,aco,aco,51.53260887804853,51.53260887804853,0.0,0.0
519274164,50,sa,sa,127.23557386720498,127.23557386720498,0.0,0.0
151739195,50,ga,ga,6.885275840028736,6.885275840028736,0.0,0.0
148138942,50,aco,aco,28.897607326979674,28.897607326979674,0.0,0.0
113562551,50,ga,ga,77.1114071925323,77.1114071925323,0.0,0.0
118638808,50,ga,ga,14.22423491950455,14.22423491950455,0.0,0.0
192139818,50,aco,aco,29.063359719926,29.063359719926,0.0,0.0
139741676,50,ga,ga,7.710359189533109,7.710359189533109,0.0,0.0
126587289,50,aco,aco,16.024328030222918,16.024328030222918,0.0,0.0
71705870,50,ga,ga,32.26186805508436,32.26186805508436,0.0,0.0
42145898,50,sa,sa,85.30659668790366,85.30659668790366,0.0,0.0
68215320,50,ga,ga,17.656304294328084,17.656304294328084,0.0,0.0
170877382,50,aco,aco,98.24173308352712,98.24173308352712,0.0,0.0
13553307,50,aco,aco,24.46215069137384,24.46215069137384,0.0,0.0
19906108,50,aco,aco,28.442657955094155,28.442657955094155,0.0,0.0
116614289,50,aco,aco,25.047973487986276,25.047973487986276,0.0,0.0
98303861,50,aco,aco,136.82692190947995,136.82692190947995,0.0,0.0
134396148,50,aco,aco,16.84125920852615,16.84125920852615,0.0,0.0
153374767,50,sa,sa,268.7260388338218,268.7260388338218,0.0,0.0
137916617,50,aco,aco,8.431206622780023,8.431206622780023,0.0,0.0
36231909,50,aco,aco,28.269434371408657,28.269434371408657,0.0,0.0
398810297,50,sa,sa,42.48781712156389,42.48781712156389,0.0,0.0
144428986,50,ga,ga,90.6292897105515,90.6292897105515,0.0,0.0
159966920,50,aco,aco,37.26657720894352,37.26657720894352,0.0,0.0
28592591,50,ga,ga,28.69099736459745,28.69099736459745,0.0,0.0
26827370,50,aco,aco,39.82772193354637,39.82772193354637,0.0,0.0
125420448,50,aco,aco,11.840048607215955,11.840048607215955,0.0,0.0
56616721,50,aco,aco,44.61715516848832,44.61715516848832,0.0,0.0
40939165,50,aco,aco,13.352048669341908,13.352048669341908,0.0,0.0
136291018,50,ga,ga,33.276786147644586,33.276786147644586,0.0,0.0
100827030,50,aco,aco,5.031189917005334,5.031189917005334,0.0,0.0
186385397,50,aco,aco,16.3837693887252,16.3837693887252,0.0,0.0
36052395,50,aco,aco,15.361123988077969,15.361123988077969,0.0,0.0
75934422,50,aco,aco,53.71151127522329,53.71151127522329,0.0,0.0
89497702,50,aco,aco,28.72418631535502,28.72418631535502,0.0,0.0
92818711,50,ga,ga,32.95081139672855,32.95081139672855,0.0,0.0
188260321,50,aco,aco,53.0136733187426,53.0136733187426,0.0,0.0
180491354,50,ga,ga,27.503413557221307,27.503413557221307,0.0,0.0
47561237,50,ga,ga,55.49417074825346,55.49417074825346,0.0,0.0
117332345,50,ga,ga,18.77990200449545,18.77990200449545,0.0,0.0
177549319,50,aco,aco,46.72662525447265,46.72662525447265,0.0,0.0
87453237,50,aco,aco,15.348191580500554,15.348191580500554,0.0,0.0
10760867,50,aco,aco,25.652782330464145,25.652782330464145,0.0,0.0
64914257,50,ga,ga,21.594526805773107,21.594526805773107,0.0,0.0
153823552,50,aco,aco,54.68382414103034,54.68382414103034,0.0,0.0
137836833,50,aco,aco,68.04600668998208,68.04600668998208,0.0,0.0
11498869,50,aco,aco,11.296044665388637,11.296044665388637,0.0,0.0
584268205,50,sa,sa,107.86932060011048,107.86932060011048,0.0,0.0
119975190,50,ga,ga,20.922948153164256,20.922948153164256,0.0,0.0
99440783,50,aco,aco,54.71077103863857,54.71077103863857,0.0,0.0
28861862,50,aco,aco,54.28642989520791,54.28642989520791,0.0,0.0
48349104,50,aco,aco,46.005501066567206,46.005501066567206,0.0,0.0
113073874,50,aco,aco,25.860788331235703,25.860788331235703,0.0,0.0
177260102,50,ga,ga,93.99424963774658,93.99424963774658,0.0,0.0
38525699,50,ga,ga,15.0934232194576,15.0934232194576,0.0,0.0
143920363,50,aco,aco,31.319209474925685,31.319209474925685,0.0,0.0
68155482,50,aco,aco,36.98285101838143,36.98285101838143,0.0,0.0
39812216,50,aco,aco,26.27335168598972,26.27335168598972,0.0,0.0
137697211,50,ga,ga,51.51608820343791,51.51608820343791,0.0,0.0
184640122,50,aco,aco,146.57507427009523,146.57507427009523,0.0,0.0
87303642,50,ga,ga,35.92878488888823,35.92878488888823,0.0,0.0
44738878,50,aco,aco,32.62621158213735,32.62621158213735,0.0,0.0
547218510,50,sa,sa,145.31295687847685,145.31295687847685,0.0,0.0
187253048,50,ga,ga,22.82259701863024,22.82259701863024,0.0,0.0
40869354,50,ga,ga,68.00799960535404,68.00799960535404,0.0,0.0
573038607,50,sa,sa,170.17625212769454,170.17625212769454,0.0,0.0
230336408,50,sa,sa,43.83443079815437,43.83443079815437,0.0,0.0
89068863,50,aco,aco,85.01218869418277,85.01218869418277,0.0,0.0
109503540,50,ga,ga,18.73899145294489,18.73899145294489,0.0,0.0
49067160,50,aco,aco,155.5963065282368,155.5963065282368,0.0,0.0
25500961,50,ga,ga,31.780705877921392,31.780705877921392,0.0,0.0
170628057,50,ga,aco,117.1752259456574,120.1418071238039,2.966581178146498,0.025317477770619497
5315609,50,aco,aco,18.379039104774236,18.379039104774236,0.0,0.0
198372943,50,ga,ga,24.9829393033666,24.9829393033666,0.0,0.0
42435115,50,ga,ga,68.57956796230462,68.57956796230462,0.0,0.0
92659143,50,aco,aco,68.1605277629606,68.1605277629606,0.0,0.0
132910171,50,aco,aco,14.377761293595846,14.377761293595846,0.0,0.0
5654691,50,aco,aco,33.5434364312988,33.5434364312988,0.0,0.0
633435095,50,sa,sa,71.88931065477765,71.88931065477765,0.0,0.0
57933157,50,aco,aco,74.77191603143119,74.77191603143119,0.0,0.0
186365451,50,aco,aco,126.11789211509009,126.11789211509009,0.0,0.0
89906595,50,sa,sa,14.779487813284172,14.779487813284172,0.0,0.0
33519253,50,ga,ga,25.0675978871463,25.0675978871463,0.0,0.0
76153828,50,sa,sa,97.91536695913835,97.91536695913835,0.0,0.0
101096301,50,ga,ga,15.649831178460545,15.649831178460545,0.0,0.0
33728686,50,aco,aco,20.69077800065878,20.69077800065878,0.0,0.0
148348375,50,ga,ga,11.780864780458716,11.780864780458716,0.0,0.0
149255918,50,aco,aco,23.265561015427657,23.265561015427657,0.0,0.0
174647176,50,aco,aco,14.214735681058972,14.214735681058972,0.0,0.0
111129139,50,ga,ga,59.6354282163629,59.6354282163629,0.0,0.0
196597749,50,ga,ga,40.839509552891485,40.839509552891485,0.0,0.0
178107807,50,ga,sa,89.7447815262898,103.26763469523812,13.522853168948316,0.1506812199992591
115946098,50,aco,aco,55.69614366951862,55.69614366951862,0.0,0.0
104606797,50,ga,ga,74.60508810982925,74.60508810982925,0.0,0.0
31534626,50,aco,aco,146.5253630141893,146.5253630141893,0.0,0.0
102871495,50,aco,aco,34.05878961410113,34.05878961410113,0.0,0.0
126996182,50,ga,ga,43.27592799645533,43.27592799645533,0.0,0.0
7828805,50,ga,ga,22.84441201654852,22.84441201654852,0.0,0.0
115716719,50,aco,aco,20.41251368503201,20.41251368503201,0.0,0.0
12336601,50,aco,aco,28.71137375307473,28.71137375307473,0.0,0.0
15956800,50,aco,aco,18.49145849204839,18.49145849204839,0.0,0.0
147740022,50,aco,aco,42.017278714855046,42.017278714855046,0.0,0.0
182136899,50,aco,aco,32.17250848158496,32.17250848158496,0.0,0.0
31265355,50,aco,aco,15.583026128928664,15.583026128928664,0.0,0.0
129589162,50,aco,aco,31.967321222782623,31.967321222782623,0.0,0.0
8277590,50,aco,aco,8.322064836334045,8.322064836334045,0.0,0.0
180132326,50,ga,ga,16.470485753369957,16.470485753369957,0.0,0.0
329109,50,aco,aco,6.836722815796469,6.836722815796469,0.0,0.0
84870230,50,ga,ga,98.62378042438404,98.62378042438404,0.0,0.0
139731703,50,aco,aco,56.64963851664695,56.64963851664695,0.0,0.0
194792636,50,aco,aco,83.38913647853799,83.38913647853799,0.0,0.0
176552019,50,aco,aco,20.343341656346503,20.343341656346503,0.0,0.0
7948481,50,ga,ga,63.35959345388812,63.35959345388812,0.0,0.0
56237747,50,ga,ga,77.77998907226242,77.77998907226242,0.0,0.0
308813945,50,sa,sa,58.66101958249424,58.66101958249424,0.0,0.0
18150860,50,aco,ga,54.82345665984242,63.15198726904625,8.328530609203831,0.15191545948806232
182994577,50,ga,ga,46.44948554175081,46.44948554175081,0.0,0.0
57025614,50,aco,aco,30.53253302745436,30.53253302745436,0.0,0.0
148398240,50,aco,aco,52.38339362768944,52.38339362768944,0.0,0.0
747496296,50,sa,sa,177.60095972391065,177.60095972391065,0.0,0.0
827759,50,ga,ga,111.89345665781497,111.89345665781497,0.0,0.0
567413835,50,sa,sa,580.132444731552,580.132444731552,0.0,0.0
26548126,50,ga,ga,58.28691830869593,58.28691830869593,0.0,0.0
482433902,50,sa,sa,154.06789527070362,154.06789527070362,0.0,0.0
103529713,50,aco,aco,6.059994399603448,6.059994399603448,0.0,0.0
101086328,50,aco,aco,65.82330689114272,65.82330689114272,0.0,0.0
150692030,50,ga,ga,41.43384560814037,41.43384560814037,0.0,0.0
180042569,50,aco,aco,36.01323538935526,36.01323538935526,0.0,0.0
136719857,50,ga,ga,8.298704809486372,8.298704809486372,0.0,0.0
152407386,50,aco,aco,14.636831439506569,14.636831439506569,0.0,0.0
92978279,50,aco,aco,56.95905851255299,56.95905851255299,0.0,0.0
21571599,50,aco,aco,19.334665734420035,19.334665734420035,0.0,0.0
68594294,50,aco,aco,102.36082353593744,102.36082353593744,0.0,0.0
9933108,50,aco,aco,24.52195651569663,24.52195651569663,0.0,0.0
14899662,50,ga,ga,61.452952409229496,61.452952409229496,0.0,0.0
29938946,50,aco,ga,7.8943588924962675,8.156262692822558,0.2619038003262908,0.03317606963311931
121421275,50,aco,aco,31.419596504816845,31.419596504816845,0.0,0.0
182864928,50,sa,sa,81.9545920522526,81.9545920522526,0.0,0.0
162609765,50,aco,aco,27.628399285786795,27.628399285786795,0.0,0.0
117501886,50,aco,aco,46.1987772036217,46.1987772036217,0.0,0.0
188529592,50,ga,ga,68.52620361756931,68.52620361756931,0.0,0.0
153175307,50,ga,ga,82.03587366783995,82.03587366783995,0.0,0.0
190374597,50,aco,aco,40.84627055673054,40.84627055673054,0.0,0.0
23655956,50,aco,aco,51.24464636472301,51.24464636472301,0.0,0.0
119007809,50,aco,aco,16.982194912348554,16.982194912348554,0.0,0.0
139392621,50,ga,ga,99.92881688946396,99.92881688946396,0.0,0.0
613519014,50,sa,sa,215.79847759917345,215.79847759917345,0.0,0.0
172991658,50,aco,aco,20.97616576534178,20.97616576534178,0.0,0.0
179384351,50,ga,ga,35.16041623371951,35.16041623371951,0.0,0.0
47281993,50,ga,ga,19.054258696250606,19.054258696250606,0.0,0.0
33269928,50,aco,aco,18.20027838618351,18.20027838618351,0.0,0.0
4976527,50,ga,ga,5.5539270473329765,5.5539270473329765,0.0,0.0
158899809,50,aco,aco,22.749316902511097,22.749316902511097,0.0,0.0
83982633,50,ga,aco,14.102819858327305,194.1579038333173,180.05508397499,12.767310777828074
18898835,50,ga,ga,55.41589859718536,55.41589859718536,0.0,0.0
24573472,50,aco,aco,6.613772601644653,6.613772601644653,0.0,0.0
131115031,50,aco,aco,124.36830163333993,124.36830163333993,0.0,0.0
51390869,50,ga,ga,83.83554973305571,83.83554973305571,0.0,0.0
195041961,50,ga,ga,20.47562153762042,20.47562153762042,0.0,0.0
46683613,50,aco,aco,24.41948256436721,24.41948256436721,0.0,0.0
154312229,50,ga,ga,834.9934901701756,834.9934901701756,0.0,0.0
115377637,50,aco,aco,45.0426598470788,45.0426598470788,0.0,0.0
82616332,50,aco,aco,13.16116372605756,13.16116372605756,0.0,0.0
73481064,50,ga,ga,14.798116639802462,14.798116639802462,0.0,0.0
103210577,50,ga,ga,36.69097090203674,36.69097090203674,0.0,0.0
75286177,50,aco,aco,41.030910436601374,41.030910436601374,0.0,0.0
647596755,50,sa,sa,121.59759785514149,121.59759785514149,0.0,0.0
100797111,50,aco,aco,16.735609960468892,16.735609960468892,0.0,0.0
8387293,50,ga,ga,93.4576339030111,93.4576339030111,0.0,0.0
180621003,50,aco,aco,21.181694181282506,21.181694181282506,0.0,0.0
172742333,50,aco,aco,33.35339867004384,33.35339867004384,0.0,0.0
101934033,50,ga,ga,7.883451326693265,7.883451326693265,0.0,0.0
13533361,50,ga,ga,21.39488596462829,21.39488596462829,0.0,0.0
168733187,50,aco,aco,12.752968734226938,12.752968734226938,0.0,0.0
115896233,50,ga,ga,63.50549845473584,63.50549845473584,0.0,0.0
198442754,50,ga,ga,7.391240935700372,7.391240935700372,0.0,0.0
135114204,50,aco,ga,24.65192169850622,33.172377815107886,8.520456116601665,0.3456305038125267
178516700,50,aco,aco,20.83382028119981,20.83382028119981,0.0,0.0
183423416,50,aco,aco,19.44351763090888,19.44351763090888,0.0,0.0
31873708,50,aco,aco,102.3313909535365,102.3313909535365,0.0,0.0
83892876,50,aco,aco,24.705207802358245,24.705207802358245,0.0,0.0
166878209,50,aco,aco,12.951901745845166,12.951901745845166,0.0,0.0
157194426,50,aco,aco,8.400349580752458,8.400349580752458,0.0,0.0
164514608,50,aco,aco,8.240957905252175,8.240957905252175,0.0,0.0
122259007,50,aco,aco,43.62132169718184,43.62132169718184,0.0,0.0
183034469,50,ga,ga,17.382141795156826,17.382141795156826,0.0,0.0
74548175,50,aco,aco,58.720862337751896,58.720862337751896,0.0,0.0
110351245,50,aco,aco,93.30884999521749,93.30884999521749,0.0,0.0
5904016,50,ga,ga,12.2422619085519,12.2422619085519,0.0,0.0
87931941,50,aco,aco,28.919015360652004,28.919015360652004,0.0,0.0
54033714,50,ga,ga,78.84252548368848,78.84252548368848,0.0,0.0
95321934,50,aco,aco,32.81354474272712,32.81354474272712,0.0,0.0
155758314,50,aco,aco,43.20388018756723,43.20388018756723,0.0,0.0
489913652,50,sa,sa,79.70928891541111,79.70928891541111,0.0,0.0
58072779,50,ga,ga,9.948541476405808,9.948541476405808,0.0,0.0
81569167,50,aco,aco,71.08979894237507,71.08979894237507,0.0,0.0
158201699,50,aco,aco,52.84790262164766,52.84790262164766,0.0,0.0
91602005,50,ga,ga,37.66681139772805,37.66681139772805,0.0,0.0
15906935,50,aco,aco,31.838154856808245,31.838154856808245,0.0,0.0
159817325,50,aco,aco,64.95697013457317,64.95697013457317,0.0,0.0
112794630,50,sa,sa,32.8753342555355,32.8753342555355,0.0,0.0
169401378,50,ga,ga,116.8288063331737,116.8288063331737,0.0,0.0
46883073,50,aco,aco,23.74170601796887,23.74170601796887,0.0,0.0
162559900,50,sa,sa,49.9896414885244,49.9896414885244,0.0,0.0
6472477,50,ga,ga,86.23633664732391,86.23633664732391,0.0,0.0
31764005,50,aco,aco,9.937415664582655,9.937415664582655,0.0,0.0
100278515,50,aco,aco,16.249413168006605,16.249413168006605,0.0,0.0
36441342,50,aco,aco,85.49266725801508,85.49266725801508,0.0,0.0
16345747,50,aco,aco,39.89715477339097,39.89715477339097,0.0,0.0
121630708,50,aco,aco,20.58774782563093,20.58774782563093,0.0,0.0
226357181,50,sa,sa,253.7829313809953,253.7829313809953,0.0,0.0
10830678,50,ga,ga,18.96841260663857,18.96841260663857,0.0,0.0
62171682,50,sa,sa,73.63182814760388,73.63182814760388,0.0,0.0
197585076,50,aco,aco,13.731776199148904,13.731776199148904,0.0,0.0
132461386,50,aco,aco,18.31329712030743,18.31329712030743,0.0,0.0
157334048,50,ga,ga,14.329420649660186,14.329420649660186,0.0,0.0
9963027,50,aco,aco,11.105250177910092,11.105250177910092,0.0,0.0
937462,50,ga,sa,99.1069072958444,703.4463396291596,604.3394323333152,6.097853810827729
41078787,50,ga,ga,67.68793549317314,67.68793549317314,0.0,0.0
186923939,50,ga,ga,17.52938493624207,17.52938493624207,0.0,0.0
8267617,50,ga,ga,15.952014318463693,15.952014318463693,0.0,0.0
10012892,50,aco,aco,6.927255631083582,6.927255631083582,0.0,0.0
189307486,50,aco,aco,57.71698859448075,57.71698859448075,0.0,0.0
75954368,50,aco,aco,100.30236591825422,100.30236591825422,0.0,0.0
174677095,50,aco,aco,6.496177565542709,6.496177565542709,0.0,0.0
118000536,50,aco,aco,75.35256627271441,75.35256627271441,0.0,0.0
16056530,50,ga,ga,19.350293949226813,19.350293949226813,0.0,0.0
100807084,50,aco,aco,20.110294929646788,20.110294929646788,0.0,0.0
62321277,50,aco,aco,48.25538405453396,48.25538405453396,0.0,0.0
28452969,50,ga,ga,18.59264885599845,18.59264885599845,0.0,0.0
119765757,50,aco,aco,15.82690265737286,15.82690265737286,0.0,0.0
132920144,50,aco,aco,18.50145657041492,18.50145657041492,0.0,0.0
14819878,50,aco,aco,75.71888022547972,75.71888022547972,0.0,0.0
154092823,50,aco,aco,27.80173337461263,27.80173337461263,0.0,0.0
25251636,50,ga,ga,149.61287972928687,149.61287972928687,0.0,0.0
113313226,50,aco,aco,18.402934216261727,18.402934216261727,0.0,0.0
79215539,50,aco,aco,64.92635860611588,64.92635860611588,0.0,0.0
20334947,50,ga,ga,26.392171354799544,26.392171354799544,0.0,0.0
129569216,50,aco,aco,76.42612720238915,76.42612720238915,0.0,0.0
164574446,50,aco,aco,22.19671098321361,22.19671098321361,0.0,0.0
161163680,50,aco,aco,24.55682215570966,24.55682215570966,0.0,0.0
153095523,50,ga,ga,77.37036462679805,77.37036462679805,0.0,0.0
40141325,50,aco,aco,23.55336700252643,23.55336700252643,0.0,0.0
137228480,50,aco,aco,37.77513363871813,37.77513363871813,0.0,0.0
64106444,50,ga,ga,47.27800654378235,47.27800654378235,0.0,0.0
41437815,50,ga,ga,24.42815269956426,24.42815269956426,0.0,0.0
76163801,50,ga,ga,191.95285158523347,191.95285158523347,0.0,0.0
39582837,50,ga,ga,45.38757325500238,45.38757325500238,0.0,0.0
106551532,50,aco,aco,36.42018971110052,36.42018971110052,0.0,0.0
179504027,50,aco,aco,23.21065505157113,23.21065505157113,0.0,0.0
21382112,50,aco,aco,25.14085904056457,25.14085904056457,0.0,0.0
155848071,50,aco,aco,5.749156189602555,5.749156189602555,0.0,0.0
86894749,50,aco,aco,40.42488061012512,40.42488061012512,0.0,0.0
44479580,50,aco,aco,21.42802352157088,21.42802352157088,0.0,0.0
100019217,50,aco,aco,38.80792186552029,38.80792186552029,0.0,0.0
114180877,50,ga,ga,33.28747804604827,33.28747804604827,0.0,0.0
119207269,50,ga,ga,48.42215125373928,48.42215125373928,0.0,0.0
91921141,50,aco,aco,11.142158542444578,11.142158542444578,0.0,0.0
10601299,50,ga,ga,30.317823579085747,30.317823579085747,0.0,0.0
14291309,50,ga,ga,13.458632254516598,13.458632254516598,0.0,0.0
65961422,50,aco,aco,16.594857454999403,16.594857454999403,0.0,0.0
13004792,50,ga,ga,25.2987979436384,25.2987979436384,0.0,0.0
64016687,50,aco,aco,27.976734420717456,27.976734420717456,0.0,0.0
586163075,50,sa,sa,58.26165707243379,58.26165707243379,0.0,0.0
3530442,50,aco,aco,52.58792040512404,52.58792040512404,0.0,0.0
126397802,50,ga,ga,20.07109961259489,20.07109961259489,0.0,0.0
140808787,50,aco,aco,18.735882460808654,18.735882460808654,0.0,0.0
143381821,50,aco,aco,9.591883722564107,9.591883722564107,0.0,0.0
74069471,50,ga,ga,106.09804289598534,106.09804289598534,0.0,0.0
611424684,50,sa,sa,27.738225366733204,27.738225366733204,0.0,0.0
521817279,50,sa,sa,40.428521048719006,40.428521048719006,0.0,0.0
173560119,50,aco,aco,18.87189584160052,18.87189584160052,0.0,0.0
141905817,50,ga,ga,66.2798587709097,66.2798587709097,0.0,0.0
115906206,50,aco,aco,10.644478014681374,10.644478014681374,0.0,0.0
145286664,50,ga,ga,123.92761566509768,123.92761566509768,0.0,0.0
100946706,50,aco,aco,21.145361837642398,21.145361837642398,0.0,0.0
183174091,50,aco,aco,26.452381729316663,26.452381729316663,0.0,0.0
112345845,50,ga,ga,5.580709566649727,5.580709566649727,0.0,0.0
72733089,50,ga,ga,20.81669749230889,20.81669749230889,0.0,0.0
91971006,50,ga,ga,47.67240308497696,47.67240308497696,0.0,0.0
1615626,50,aco,aco,8.552285171923035,8.552285171923035,0.0,0.0
142633846,50,aco,aco,18.62817678030496,18.62817678030496,0.0,0.0
36022476,50,ga,ga,17.75874172718306,17.75874172718306,0.0,0.0
95720854,50,aco,aco,46.27386259973791,46.27386259973791,0.0,0.0
73620686,50,aco,aco,66.69141389541595,66.69141389541595,0.0,0.0
28732213,50,aco,aco,37.016006096061886,37.016006096061886,0.0,0.0
20604218,50,ga,ga,28.619836130990723,28.619836130990723,0.0,0.0
152048358,50,ga,ga,30.701134413549877,30.701134413549877,0.0,0.0
199250567,50,aco,aco,26.825718230893443,26.825718230893443,0.0,0.0
99131620,50,aco,aco,28.474137651003627,28.474137651003627,0.0,0.0
66280558,50,aco,aco,9.889624463160697,9.889624463160697,0.0,0.0
54691932,50,aco,aco,96.98515593586734,96.98515593586734,0.0,0.0
53106225,50,aco,aco,7.82102721259724,7.82102721259724,0.0,0.0
196208802,50,aco,aco,37.99434699375198,37.99434699375198,0.0,0.0
59578702,50,aco,aco,15.861602518531736,15.861602518531736,0.0,0.0
20654083,50,ga,ga,110.12522241809388,110.12522241809388,0.0,0.0
124642554,50,aco,aco,49.35416156676275,49.35416156676275,0.0,0.0
85877503,50,aco,aco,27.189846426839065,27.189846426839065,0.0,0.0
74637932,50,aco,aco,17.910983043429994,17.910983043429994,0.0,0.0
180690814,50,aco,aco,27.215490016438068,27.215490016438068,0.0,0.0
124113985,50,aco,aco,16.675099335938945,16.675099335938945,0.0,0.0
166110288,50,ga,ga,46.12901866627115,46.12901866627115,0.0,0.0
452475010,50,sa,sa,78.25383690387412,78.25383690387412,0.0,0.0
138993701,50,aco,aco,51.56115215929961,51.56115215929961,0.0,0.0
60675732,50,aco,aco,155.82860762698874,155.82860762698874,0.0,0.0
16565153,50,ga,ga,50.42010179764433,50.42010179764433,0.0,0.0
149604973,50,aco,aco,23.8700755842256,23.8700755842256,0.0,0.0
151569654,50,aco,aco,56.41946367309683,56.41946367309683,0.0,0.0
166000585,50,aco,aco,23.106507747405736,23.106507747405736,0.0,0.0
73860038,50,aco,aco,10.766015671794412,10.766015671794412,0.0,0.0
3400793,50,aco,aco,30.310232189386017,30.310232189386017,0.0,0.0
88570213,50,ga,ga,41.60459151594502,41.60459151594502,0.0,0.0
148128969,50,aco,aco,13.663122541138822,13.663122541138822,0.0,0.0
191192383,50,aco,aco,10.62072667633808,10.62072667633808,0.0,0.0
676159427,50,sa,sa,211.74869523904115,211.74869523904115,0.0,0.0
34406850,50,ga,ga,55.46570990792036,55.46570990792036,0.0,0.0
185198610,50,aco,aco,36.036903487224976,36.036903487224976,0.0,0.0
170687895,50,aco,aco,12.365081034233324,12.365081034233324,0.0,0.0
174557419,50,ga,ga,72.83603654338012,72.83603654338012,0.0,0.0
123625308,50,aco,aco,17.552354895498013,17.552354895498013,0.0,0.0
685254803,50,sa,sa,65.81278617298302,65.81278617298302,0.0,0.0
72633359,50,aco,aco,30.87742806368003,30.87742806368003,0.0,0.0
70030406,50,aco,aco,13.8277324480334,13.8277324480334,0.0,0.0
78966214,50,aco,aco,17.37612225567735,17.37612225567735,0.0,0.0
17063803,50,aco,aco,95.88320418528394,95.88320418528394,0.0,0.0
189417189,50,ga,ga,35.6686463002951,35.6686463002951,0.0,0.0
85408772,50,ga,ga,45.5684754920487,45.5684754920487,0.0,0.0
131783222,50,aco,aco,110.52687063747516,110.52687063747516,0.0,0.0
113532632,50,aco,aco,7.782227911292977,7.782227911292977,0.0,0.0
167356913,50,aco,aco,49.568329061231935,49.568329061231935,0.0,0.0
12356547,50,ga,ga,22.04850057692079,22.04850057692079,0.0,0.0
97206831,50,aco,aco,54.27791025503716,54.27791025503716,0.0,0.0
86066990,50,ga,ga,26.33782076553106,26.33782076553106,0.0,0.0
7419912,50,ga,ga,5.890116570189484,5.890116570189484,0.0,0.0
186116126,50,ga,ga,11.54734003632621,11.54734003632621,0.0,0.0
182326386,50,aco,aco,85.59824373378962,85.59824373378962,0.0,0.0
163008685,50,aco,aco,24.68960755782141,24.68960755782141,0.0,0.0
42445088,50,aco,aco,35.92018683267901,35.92018683267901,0.0,0.0
124163850,50,aco,aco,111.41885416199467,111.41885416199467,0.0,0.0
93427064,50,aco,aco,58.87425887997372,58.87425887997372,0.0,0.0
330365598,50,sa,sa,156.5817389687011,156.5817389687011,0.0,0.0
129798595,50,aco,aco,179.3342691792554,179.3342691792554,0.0,0.0
90694462,50,ga,ga,20.82462942969844,20.82462942969844,0.0,0.0
88699862,50,aco,aco,107.22118925540688,107.22118925540688,0.0,0.0
22529007,50,aco,aco,23.844476359618294,23.844476359618294,0.0,0.0
170368759,50,aco,aco,9.775278367249168,9.775278367249168,0.0,0.0
124802122,50,aco,aco,27.708617843523367,27.708617843523367,0.0,0.0
178047969,50,aco,aco,63.86928093366899,63.86928093366899,0.0,0.0
455237531,50,sa,sa,343.8676231413565,343.8676231413565,0.0,0.0
104257742,50,ga,ga,28.72273028855016,28.72273028855016,0.0,0.0
190474327,50,ga,ga,16.36092499822177,16.36092499822177,0.0,0.0
627451295,50,sa,sa,139.56788582605674,139.56788582605674,0.0,0.0
33818443,50,ga,ga,62.648679216149134,62.648679216149134,0.0,0.0
156366667,50,ga,ga,7.4597403546755,7.4597403546755,0.0,0.0
157094696,50,aco,aco,154.44563296720438,154.44563296720438,0.0,0.0
112924279,50,aco,aco,12.213530353763163,12.213530353763163,0.0,0.0
100677435,50,aco,aco,30.10507685800503,30.10507685800503,0.0,0.0
37119506,50,aco,aco,36.608408551546944,36.608408551546944,0.0,0.0
9723675,50,aco,aco,49.28637609856028,49.28637609856028,0.0,0.0
188649268,50,aco,aco,29.899618168612943,29.899618168612943,0.0,0.0
72304250,50,aco,aco,35.44408275253064,35.44408275253064,0.0,0.0
704662261,50,sa,sa,85.70828351824406,85.70828351824406,0.0,0.0
61752816,50,ga,ga,52.1723275739931,52.1723275739931,0.0,0.0
181289194,50,aco,aco,44.14448521802482,44.14448521802482,0.0,0.0
173001631,50,aco,aco,10.378490166309293,10.378490166309293,0.0,0.0
9025565,50,ga,ga,114.58904157535557,114.58904157535557,0.0,0.0
35962638,50,ga,ga,5.551736600017772,5.551736600017772,0.0,0.0
89397972,50,aco,aco,29.17494094273928,29.17494094273928,0.0,0.0
183652795,50,aco,aco,34.076857951371714,34.076857951371714,0.0,0.0
549452462,50,sa,sa,76.60393475282851,76.60393475282851,0.0,0.0
86346234,50,ga,ga,40.34076063906929,40.34076063906929,0.0,0.0
73012333,50,aco,aco,11.402811126709093,11.402811126709093,0.0,0.0
181019923,50,sa,sa,16.881623620087286,16.881623620087286,0.0,0.0
36112233,50,ga,ga,13.633409037972257,13.633409037972257,0.0,0.0
64206174,50,aco,aco,14.112226434873117,14.112226434873117,0.0,0.0
183313713,50,ga,ga,8.670723079431557,8.670723079431557,0.0,0.0
14490769,50,ga,ga,15.453161293029671,15.453161293029671,0.0,0.0
197365670,50,aco,aco,32.303739050813114,32.303739050813114,0.0,0.0
178696214,50,aco,aco,167.8752927525279,167.8752927525279,0.0,0.0
104367445,50,ga,ga,125.22712881567142,125.22712881567142,0.0,0.0
43871227,50,aco,ga,71.50765822661747,77.36020467850295,5.8525464518854875,0.08184503026707957
8526915,50,aco,aco,71.89847158381075,71.89847158381075,0.0,0.0
97476102,50,ga,ga,49.86558877618037,49.86558877618037,0.0,0.0
114440175,50,aco,aco,11.130948068585363,11.130948068585363,0.0,0.0
66629613,50,aco,aco,14.859567673734157,14.859567673734157,0.0,0.0
107149912,50,aco,aco,21.85369348715715,21.85369348715715,0.0,0.0
179743379,50,aco,aco,23.42525349222652,23.42525349222652,0.0,0.0
5076257,50,aco,aco,34.86143653032021,34.86143653032021,0.0,0.0
140030893,50,ga,ga,8.169903945758943,8.169903945758943,0.0,0.0
108197077,50,aco,aco,39.67493863291928,39.67493863291928,0.0,0.0
161482816,50,aco,aco,12.264794146514456,12.264794146514456,0.0,0.0
113093820,50,aco,aco,79.12660591644348,79.12660591644348,0.0,0.0
117661454,50,aco,aco,28.73590882918641,28.73590882918641,0.0,0.0
16575126,50,ga,ga,47.08180872283553,47.08180872283553,0.0,0.0
8606699,50,ga,ga,30.11809339118641,30.11809339118641,0.0,0.0
158131888,50,aco,aco,23.603789873036693,23.603789873036693,0.0,0.0
601322035,50,sa,sa,102.8882207927014,102.8882207927014,0.0,0.0
417679213,50,sa,sa,76.326459953062,76.326459953062,0.0,0.0
159657757,50,ga,ga,32.721917870177805,32.721917870177805,0.0,0.0
67965995,50,aco,aco,112.88845991280796,112.88845991280796,0.0,0.0
23805551,50,ga,ga,31.30144257123577,31.30144257123577,0.0,0.0
110002190,50,aco,aco,14.79153704561796,14.79153704561796,0.0,0.0
126248207,50,ga,ga,29.23106806618007,29.23106806618007,0.0,0.0
20713921,50,ga,ga,20.281880300713564,20.281880300713564,0.0,0.0
24832770,50,ga,ga,94.1505693001448,94.1505693001448,0.0,0.0
139841406,50,aco,aco,15.102206409816244,15.102206409816244,0.0,0.0
124832041,50,aco,aco,12.001830964440003,12.001830964440003,0.0,0.0
85239231,50,aco,aco,16.048366538912603,16.048366538912603,0.0,0.0
90355380,50,ga,ga,59.97988948438704,59.97988948438704,0.0,0.0
162649657,50,aco,aco,103.36940972258576,103.36940972258576,0.0,0.0
47132398,50,aco,aco,62.72675103784982,62.72675103784982,0.0,0.0
167725914,50,aco,aco,86.5644242821791,86.5644242821791,0.0,0.0
6163314,50,sa,sa,83.7479586525022,83.7479586525022,0.0,0.0
56796235,50,ga,ga,18.52380518198073,18.52380518198073,0.0,0.0
51191409,50,ga,ga,24.50073795131801,24.50073795131801,0.0,0.0
163018658,50,sa,sa,54.699795566365744,54.699795566365744,0.0,0.0
132840360,50,aco,aco,15.591120756525298,15.591120756525298,0.0,0.0
8177860,50,ga,ga,29.504393037889503,29.504393037889503,0.0,0.0
69970568,50,ga,ga,46.71996710539858,46.71996710539858,0.0,0.0
16974046,50,aco,aco,95.97536236334028,95.97536236334028,0.0,0.0
755235344,50,sa,sa,305.8968752684806,305.8968752684806,0.0,0.0
53036414,50,aco,aco,60.390067581426855,60.390067581426855,0.0,0.0
45496826,50,aco,aco,49.6345213000169,49.6345213000169,0.0,0.0
143421713,50,ga,ga,17.075203450889084,17.075203450889084,0.0,0.0
48398969,50,ga,ga,10.05063722051365,10.05063722051365,0.0,0.0
242004818,50,sa,sa,119.86466934228253,119.86466934228253,0.0,0.0
135283745,50,ga,ga,21.999285814659935,21.999285814659935,0.0,0.0
42484980,50,ga,ga,35.51802623868228,35.51802623868228,0.0,0.0
46474180,50,aco,ga,74.22521801984443,89.80587652584138,15.58065850599695,0.2099105792027636
187153318,50,ga,ga,89.36967007993859,89.36967007993859,0.0,0.0
141177788,50,ga,ga,82.8066435365114,82.8066435365114,0.0,0.0
529636111,50,sa,sa,64.98085555608317,64.98085555608317,0.0,0.0
187482427,50,aco,aco,15.145672498256774,15.145672498256774,0.0,0.0
276571236,50,sa,sa,47.60427069509543,47.60427069509543,0.0,0.0
159867190,50,ga,ga,64.27759381693221,64.27759381693221,0.0,0.0
142125223,50,ga,ga,37.959439341350766,37.959439341350766,0.0,0.0
177100534,50,aco,aco,32.74170016723521,32.74170016723521,0.0,0.0
154262364,50,ga,ga,61.065239724349794,61.065239724349794,0.0,0.0
117920752,50,ga,sa,149.70047718898536,207.44519590034585,57.74471871136049,0.38573503435438095
166708668,50,aco,aco,5.25473237457476,5.25473237457476,0.0,0.0
31664275,50,aco,aco,10.9224442760531,10.9224442760531,0.0,0.0
128651700,50,aco,aco,39.7710734544927,39.7710734544927,0.0,0.0
92150520,50,aco,aco,30.6237380103836,30.6237380103836,0.0,0.0
21761086,50,aco,aco,100.99384359032592,100.99384359032592,0.0,0.0
21880762,50,sa,sa,52.21386799586502,52.21386799586502,0.0,0.0
134705311,50,ga,ga,20.59187420446569,20.59187420446569,0.0,0.0
47032668,50,aco,aco,33.39139960871691,33.39139960871691,0.0,0.0
53046387,50,ga,ga,109.50239518427124,109.50239518427124,0.0,0.0
168433997,50,aco,aco,17.036971017289112,17.036971017289112,0.0,0.0
139362702,50,ga,ga,76.62019200851452,76.62019200851452,0.0,0.0
111996790,50,sa,ga,52.08236989783041,54.42089166308912,2.3385217652587116,0.04490044845974121
174278175,50,ga,ga,62.08437525470959,62.08437525470959,0.0,0.0
18489942,50,ga,ga,30.96594594565325,30.96594594565325,0.0,0.0
117342318,50,aco,aco,11.287057255860969,11.287057255860969,0.0,0.0
119646081,50,aco,aco,10.150104181573244,10.150104181573244,0.0,0.0
68504537,50,aco,aco,32.496737033284,32.496737033284,0.0,0.0
158401159,50,aco,aco,40.19213724484726,40.19213724484726,0.0,0.0
97865049,50,aco,aco,71.99103415855005,71.99103415855005,0.0,0.0
70329596,50,aco,aco,28.001549889938254,28.001549889938254,0.0,0.0
118399456,50,aco,aco,30.86687255126828,30.86687255126828,0.0,0.0
98702781,50,ga,ga,35.2105023246735,35.2105023246735,0.0,0.0
65422880,50,ga,ga,13.911524340993743,13.911524340993743,0.0,0.0
189576757,50,aco,aco,92.359584758019,92.359584758019,0.0,0.0
171475762,50,ga,ga,104.19028747674952,104.19028747674952,0.0,0.0
53016468,50,ga,ga,49.23066453862256,49.23066453862256,0.0,0.0
83144901,50,ga,ga,46.935088352524986,46.935088352524986,0.0,0.0
78317969,50,ga,ga,17.827856342069783,17.827856342069783,0.0,0.0
262868334,50,sa,sa,50.950049812735706,50.950049812735706,0.0,0.0
169221864,50,ga,ga,124.43526567157198,124.43526567157198,0.0,0.0
190613949,50,ga,aco,68.32825335778372,70.92591011742549,2.5976567596417652,0.03801731541474928
67437426,50,aco,aco,44.56768971516553,44.56768971516553,0.0,0.0
60017514,50,sa,sa,273.454672597108,273.454672597108,0.0,0.0
